noted_date,temp,out/in
2025-01-01T00:00:00,20.767261499625363,in
2025-01-01T00:01:00,20.974671998611978,in
2025-01-01T00:02:00,21.284011661553652,in
2025-01-01T00:03:00,21.04246991673545,in
2025-01-01T00:04:00,20.945683789575543,in
2025-01-01T00:05:00,20.774311863160683,in
2025-01-01T00:06:00,21.252728338640402,in
2025-01-01T00:07:00,21.042848095476167,in
2025-01-01T00:08:00,20.797546796423795,in
2025-01-01T00:09:00,20.930131107039045,in
2025-01-01T00:10:00,20.88487207092621,in
2025-01-01T00:11:00,21.064490640909288,in
2025-01-01T00:12:00,21.12311984596283,in
2025-01-01T00:13:00,21.024320558283353,in
2025-01-01T00:14:00,21.224161363253415,in
2025-01-01T00:15:00,21.127242955632862,in
2025-01-01T00:16:00,21.282604564212665,in
2025-01-01T00:17:00,21.07753037347906,in
2025-01-01T00:18:00,21.59577664518508,in
2025-01-01T00:19:00,21.06218921167599,in
2025-01-01T00:20:00,21.01926397775522,in
2025-01-01T00:21:00,21.008735442410778,in
2025-01-01T00:22:00,21.138972405704376,in
2025-01-01T00:23:00,20.920631881143176,in
2025-01-01T00:24:00,21.230711140422574,in
2025-01-01T00:25:00,20.908711054847803,in
2025-01-01T00:26:00,21.226752500758092,in
2025-01-01T00:27:00,21.007824525617014,in
2025-01-01T00:28:00,21.16134373191444,in
2025-01-01T00:29:00,21.317259136596213,in
2025-01-01T00:30:00,21.580238787851275,in
2025-01-01T00:31:00,21.08100268717796,in
2025-01-01T00:32:00,21.228239195754217,in
2025-01-01T00:33:00,21.150321323763997,in
2025-01-01T00:34:00,21.136516998167284,in
2025-01-01T00:35:00,21.167877923937162,in
2025-01-01T00:36:00,21.40687407225494,in
2025-01-01T00:37:00,21.218209544370012,in
2025-01-01T00:38:00,21.636982142221694,in
2025-01-01T00:39:00,21.370162774229225,in
2025-01-01T00:40:00,21.16445811417255,in
2025-01-01T00:41:00,21.269160786671584,in
2025-01-01T00:42:00,21.21210923302646,in
2025-01-01T00:43:00,21.460629007416433,in
2025-01-01T00:44:00,21.1030467426009,in
2025-01-01T00:45:00,21.155978362328305,in
2025-01-01T00:46:00,21.276658769377445,in
2025-01-01T00:47:00,21.476114406003248,in
2025-01-01T00:48:00,21.566925052473522,in
2025-01-01T00:49:00,21.597352730559905,in
2025-01-01T00:50:00,21.478058628983582,in
2025-01-01T00:51:00,21.394483419595154,in
2025-01-01T00:52:00,21.534450462401626,in
2025-01-01T00:53:00,21.251932371117064,in
2025-01-01T00:54:00,21.15527072728972,in
2025-01-01T00:55:00,21.505837608590987,in
2025-01-01T00:56:00,21.297873525793676,in
2025-01-01T00:57:00,21.44732309044503,in
2025-01-01T00:58:00,21.483467300224408,in
2025-01-01T00:59:00,21.511155504960794,in
2025-01-01T01:00:00,21.623030640573717,in
2025-01-01T01:01:00,21.615607381832703,in
2025-01-01T01:02:00,21.52849000196627,in
2025-01-01T01:03:00,21.441391121871604,in
2025-01-01T01:04:00,21.532320522102115,in
2025-01-01T01:05:00,21.435196652846415,in
2025-01-01T01:06:00,21.503644933987264,in
2025-01-01T01:07:00,21.93432523169223,in
2025-01-01T01:08:00,21.5774263464448,in
2025-01-01T01:09:00,21.62614188251263,in
2025-01-01T01:10:00,21.46129867476924,in
2025-01-01T01:11:00,21.728655668151585,in
2025-01-01T01:12:00,21.698217481763994,in
2025-01-01T01:13:00,21.707819380917908,in
2025-01-01T01:14:00,21.633497818178625,in
2025-01-01T01:15:00,21.764947870332758,in
2025-01-01T01:16:00,21.80913478874212,in
2025-01-01T01:17:00,21.669416765884925,in
2025-01-01T01:18:00,21.618337095165657,in
2025-01-01T01:19:00,21.77829855756953,in
2025-01-01T01:20:00,21.517084848682178,in
2025-01-01T01:21:00,21.55360695020965,in
2025-01-01T01:22:00,21.661909736845907,in
2025-01-01T01:23:00,21.417311308526628,in
2025-01-01T01:24:00,21.81127036095405,in
2025-01-01T01:25:00,21.551316144500294,in
2025-01-01T01:26:00,21.633657524515513,in
2025-01-01T01:27:00,21.681022816665678,in
2025-01-01T01:28:00,21.727546821315453,in
2025-01-01T01:29:00,21.6787501479891,in
2025-01-01T01:30:00,21.728841958475346,in
2025-01-01T01:31:00,21.738657916869776,in
2025-01-01T01:32:00,21.689206669545634,in
2025-01-01T01:33:00,21.64894603643851,in
2025-01-01T01:34:00,21.935814661117526,in
2025-01-01T01:35:00,21.466605394956066,in
2025-01-01T01:36:00,21.76008579961327,in
2025-01-01T01:37:00,21.729288955993216,in
2025-01-01T01:38:00,21.871127217968525,in
2025-01-01T01:39:00,21.598852843195345,in
2025-01-01T01:40:00,21.75072071331814,in
2025-01-01T01:41:00,21.81902962487713,in
2025-01-01T01:42:00,22.003592850099878,in
2025-01-01T01:43:00,21.901610764628515,in
2025-01-01T01:44:00,21.682963820881422,in
2025-01-01T01:45:00,21.796072233731614,in
2025-01-01T01:46:00,22.01081062382939,in
2025-01-01T01:47:00,21.706498194984785,in
2025-01-01T01:48:00,21.883531447258257,in
2025-01-01T01:49:00,21.90267567507837,in
2025-01-01T01:50:00,21.854893766281215,in
2025-01-01T01:51:00,22.3258431359017,in
2025-01-01T01:52:00,21.868291287677867,in
2025-01-01T01:53:00,22.006387747485523,in
2025-01-01T01:54:00,21.83270093535136,in
2025-01-01T01:55:00,22.03553242873079,in
2025-01-01T01:56:00,22.09571332665322,in
2025-01-01T01:57:00,21.885626203345396,in
2025-01-01T01:58:00,21.974341656720473,in
2025-01-01T01:59:00,21.856981415946876,in
2025-01-01T02:00:00,21.828339428192518,in
2025-01-01T02:01:00,22.164245933444526,in
2025-01-01T02:02:00,21.9343529291142,in
2025-01-01T02:03:00,21.66413734186648,in
2025-01-01T02:04:00,22.29970823634861,in
2025-01-01T02:05:00,21.92331547160973,in
2025-01-01T02:06:00,22.01539794005354,in
2025-01-01T02:07:00,22.307213002243792,in
2025-01-01T02:08:00,22.048537679276855,in
2025-01-01T02:09:00,22.054019141187858,in
2025-01-01T02:10:00,21.90301281804809,in
2025-01-01T02:11:00,21.85073120209855,in
2025-01-01T02:12:00,22.07971397279647,in
2025-01-01T02:13:00,22.16780704123799,in
2025-01-01T02:14:00,22.16792589030133,in
2025-01-01T02:15:00,22.058617096389902,in
2025-01-01T02:16:00,22.14255161739029,in
2025-01-01T02:17:00,21.872635481091603,in
2025-01-01T02:18:00,22.225943244560014,in
2025-01-01T02:19:00,22.189827291739917,in
2025-01-01T02:20:00,22.470360619622745,in
2025-01-01T02:21:00,22.18412518429116,in
2025-01-01T02:22:00,22.050291102218537,in
2025-01-01T02:23:00,22.19276765311083,in
2025-01-01T02:24:00,22.159886956532933,in
2025-01-01T02:25:00,22.282939930019488,in
2025-01-01T02:26:00,22.230440236794593,in
2025-01-01T02:27:00,22.04608278975778,in
2025-01-01T02:28:00,21.99837719358119,in
2025-01-01T02:29:00,22.29183416866661,in
2025-01-01T02:30:00,22.468519565600488,in
2025-01-01T02:31:00,22.281604043155205,in
2025-01-01T02:32:00,22.40034080500816,in
2025-01-01T02:33:00,22.4389066171129,in
2025-01-01T02:34:00,22.33563759912842,in
2025-01-01T02:35:00,22.18207304920062,in
2025-01-01T02:36:00,22.342165142837295,in
2025-01-01T02:37:00,22.502546064347722,in
2025-01-01T02:38:00,22.409578794161344,in
2025-01-01T02:39:00,22.45093580912235,in
2025-01-01T02:40:00,22.277914419080087,in
2025-01-01T02:41:00,22.32553402698586,in
2025-01-01T02:42:00,22.34666195434924,in
2025-01-01T02:43:00,22.36534737163695,in
2025-01-01T02:44:00,22.55681173815494,in
2025-01-01T02:45:00,22.038104584781532,in
2025-01-01T02:46:00,22.403316614521668,in
2025-01-01T02:47:00,22.395359045926124,in
2025-01-01T02:48:00,22.2100982104189,in
2025-01-01T02:49:00,22.525120426801013,in
2025-01-01T02:50:00,22.324204199084466,in
2025-01-01T02:51:00,22.387839972640027,in
2025-01-01T02:52:00,22.727219394850838,in
2025-01-01T02:53:00,22.609896829275687,in
2025-01-01T02:54:00,22.553063768583577,in
2025-01-01T02:55:00,22.532488324849005,in
2025-01-01T02:56:00,22.459141787832532,in
2025-01-01T02:57:00,22.792213175863502,in
2025-01-01T02:58:00,22.62108515282492,in
2025-01-01T02:59:00,22.396771409316266,in
2025-01-01T03:00:00,22.30762274847239,in
2025-01-01T03:01:00,22.61108812921434,in
2025-01-01T03:02:00,22.526096382674748,in
2025-01-01T03:03:00,22.328540174688225,in
2025-01-01T03:04:00,22.615562636490736,in
2025-01-01T03:05:00,22.519303954015257,in
2025-01-01T03:06:00,22.647630428236965,in
2025-01-01T03:07:00,22.642653568455316,in
2025-01-01T03:08:00,22.493503806213898,in
2025-01-01T03:09:00,22.688009864614774,in
2025-01-01T03:10:00,22.526725836613313,in
2025-01-01T03:11:00,22.544796317078877,in
2025-01-01T03:12:00,22.538193277756687,in
2025-01-01T03:13:00,22.795973777138443,in
2025-01-01T03:14:00,22.59252345460203,in
2025-01-01T03:15:00,22.84874540769096,in
2025-01-01T03:16:00,22.918659039442343,in
2025-01-01T03:17:00,22.548573419997407,in
2025-01-01T03:18:00,22.229464421263003,in
2025-01-01T03:19:00,22.832509867497347,in
2025-01-01T03:20:00,22.632744502047316,in
2025-01-01T03:21:00,22.562306152185187,in
2025-01-01T03:22:00,22.61210704659599,in
2025-01-01T03:23:00,22.646360002790527,in
2025-01-01T03:24:00,22.911314862694663,in
2025-01-01T03:25:00,22.74886276246503,in
2025-01-01T03:26:00,22.925542247964817,in
2025-01-01T03:27:00,22.815247892911447,in
2025-01-01T03:28:00,22.702828578239252,in
2025-01-01T03:29:00,22.698743654223478,in
2025-01-01T03:30:00,22.84960817734262,in
2025-01-01T03:31:00,22.896485767673546,in
2025-01-01T03:32:00,22.930981159833678,in
2025-01-01T03:33:00,22.750256936062172,in
2025-01-01T03:34:00,22.823779016311164,in
2025-01-01T03:35:00,22.893099441105775,in
2025-01-01T03:36:00,22.755878532261068,in
2025-01-01T03:37:00,22.65119670015654,in
2025-01-01T03:38:00,22.708445825307162,in
2025-01-01T03:39:00,22.801164158692657,in
2025-01-01T03:40:00,22.944567594364447,in
2025-01-01T03:41:00,23.041984104138734,in
2025-01-01T03:42:00,22.6576151123064,in
2025-01-01T03:43:00,22.779288762719336,in
2025-01-01T03:44:00,22.823062919018668,in
2025-01-01T03:45:00,23.003784935284,in
2025-01-01T03:46:00,22.81317904591134,in
2025-01-01T03:47:00,22.83573703183275,in
2025-01-01T03:48:00,22.69618211290656,in
2025-01-01T03:49:00,22.988258927629904,in
2025-01-01T03:50:00,22.899287365280586,in
2025-01-01T03:51:00,22.833122285403284,in
2025-01-01T03:52:00,22.900016141899467,in
2025-01-01T03:53:00,23.115688659659373,in
2025-01-01T03:54:00,22.80358448427124,in
2025-01-01T03:55:00,22.835728593173233,in
2025-01-01T03:56:00,23.157457107612515,in
2025-01-01T03:57:00,22.988608707196736,in
2025-01-01T03:58:00,23.08531023471372,in
2025-01-01T03:59:00,23.05269579385127,in
2025-01-01T04:00:00,22.994699817155908,in
2025-01-01T04:01:00,22.95530308621877,in
2025-01-01T04:02:00,23.13981042929398,in
2025-01-01T04:03:00,23.196936657325775,in
2025-01-01T04:04:00,23.192704401872522,in
2025-01-01T04:05:00,22.85972577127389,in
2025-01-01T04:06:00,23.24073378210855,in
2025-01-01T04:07:00,22.998737559174092,in
2025-01-01T04:08:00,22.946584097834688,in
2025-01-01T04:09:00,23.04182987731595,in
2025-01-01T04:10:00,23.19926848198096,in
2025-01-01T04:11:00,23.163018570340196,in
2025-01-01T04:12:00,23.050970108251914,in
2025-01-01T04:13:00,23.22223633907152,in
2025-01-01T04:14:00,23.12485305773803,in
2025-01-01T04:15:00,23.025194746208296,in
2025-01-01T04:16:00,23.012180514497718,in
2025-01-01T04:17:00,23.18714508205338,in
2025-01-01T04:18:00,23.120434813477324,in
2025-01-01T04:19:00,22.933667752180558,in
2025-01-01T04:20:00,23.274227096662518,in
2025-01-01T04:21:00,23.082249125780805,in
2025-01-01T04:22:00,23.4002238586202,in
2025-01-01T04:23:00,22.958050833501662,in
2025-01-01T04:24:00,23.148464215126445,in
2025-01-01T04:25:00,23.07762264406128,in
2025-01-01T04:26:00,23.043332195446084,in
2025-01-01T04:27:00,23.123630593627563,in
2025-01-01T04:28:00,23.469215187659643,in
2025-01-01T04:29:00,23.232093501597717,in
2025-01-01T04:30:00,23.098766652197828,in
2025-01-01T04:31:00,22.95014029851829,in
2025-01-01T04:32:00,22.973118568699164,in
2025-01-01T04:33:00,23.157718427001857,in
2025-01-01T04:34:00,23.14997607565444,in
2025-01-01T04:35:00,23.218239338432944,in
2025-01-01T04:36:00,22.917813212034297,in
2025-01-01T04:37:00,23.25165841786805,in
2025-01-01T04:38:00,23.426315906827593,in
2025-01-01T04:39:00,23.522304191065796,in
2025-01-01T04:40:00,23.00140829718551,in
2025-01-01T04:41:00,23.172039045400055,in
2025-01-01T04:42:00,23.170761017514188,in
2025-01-01T04:43:00,23.327377719054294,in
2025-01-01T04:44:00,23.129152187799544,in
2025-01-01T04:45:00,23.57103111750914,in
2025-01-01T04:46:00,23.331768467184336,in
2025-01-01T04:47:00,23.313291388606785,in
2025-01-01T04:48:00,23.577168272785133,in
2025-01-01T04:49:00,23.342326471256836,in
2025-01-01T04:50:00,23.41122592620612,in
2025-01-01T04:51:00,23.244981750072075,in
2025-01-01T04:52:00,23.15842141036684,in
2025-01-01T04:53:00,23.278811735927082,in
2025-01-01T04:54:00,23.70475552722923,in
2025-01-01T04:55:00,23.477979253807582,in
2025-01-01T04:56:00,23.43049696648465,in
2025-01-01T04:57:00,23.249124911155583,in
2025-01-01T04:58:00,23.538506148747278,in
2025-01-01T04:59:00,23.20437545776487,in
2025-01-01T05:00:00,23.179155094920738,in
2025-01-01T05:01:00,23.33653768281432,in
2025-01-01T05:02:00,23.71967453510258,in
2025-01-01T05:03:00,23.7172880217082,in
2025-01-01T05:04:00,23.370994061439724,in
2025-01-01T05:05:00,23.343598071389813,in
2025-01-01T05:06:00,23.20469443594061,in
2025-01-01T05:07:00,23.468446548592812,in
2025-01-01T05:08:00,23.48700931603656,in
2025-01-01T05:09:00,23.587078457000906,in
2025-01-01T05:10:00,23.61116080061902,in
2025-01-01T05:11:00,23.45082296732397,in
2025-01-01T05:12:00,23.569693832168724,in
2025-01-01T05:13:00,23.387018919946417,in
2025-01-01T05:14:00,23.57846782158211,in
2025-01-01T05:15:00,23.42759480323027,in
2025-01-01T05:16:00,23.578337937840583,in
2025-01-01T05:17:00,23.571905167560907,in
2025-01-01T05:18:00,23.53113247505432,in
2025-01-01T05:19:00,23.64564589728896,in
2025-01-01T05:20:00,23.296529025533854,in
2025-01-01T05:21:00,23.377946231413777,in
2025-01-01T05:22:00,23.502740215742485,in
2025-01-01T05:23:00,23.33229578001337,in
2025-01-01T05:24:00,23.493262245730733,in
2025-01-01T05:25:00,23.50357442192413,in
2025-01-01T05:26:00,23.761668881704832,in
2025-01-01T05:27:00,23.59201391710521,in
2025-01-01T05:28:00,23.730435943623025,in
2025-01-01T05:29:00,23.626630355309146,in
2025-01-01T05:30:00,23.50635658989766,in
2025-01-01T05:31:00,23.612061526231223,in
2025-01-01T05:32:00,23.706684970184412,in
2025-01-01T05:33:00,23.78151782434851,in
2025-01-01T05:34:00,23.587867211794272,in
2025-01-01T05:35:00,23.365762611957024,in
2025-01-01T05:36:00,23.36036365013661,in
2025-01-01T05:37:00,23.57418607241249,in
2025-01-01T05:38:00,23.277545811540442,in
2025-01-01T05:39:00,23.90254878018388,in
2025-01-01T05:40:00,23.72784407328794,in
2025-01-01T05:41:00,23.547943824459743,in
2025-01-01T05:42:00,23.481805238142712,in
2025-01-01T05:43:00,23.807397362650793,in
2025-01-01T05:44:00,23.491029571762432,in
2025-01-01T05:45:00,23.51020521006493,in
2025-01-01T05:46:00,23.552879753130334,in
2025-01-01T05:47:00,23.689685423881667,in
2025-01-01T05:48:00,23.770460751762958,in
2025-01-01T05:49:00,23.860978860941135,in
2025-01-01T05:50:00,23.843528586467777,in
2025-01-01T05:51:00,23.691571699793155,in
2025-01-01T05:52:00,23.849174488376303,in
2025-01-01T05:53:00,23.600054507894672,in
2025-01-01T05:54:00,23.43215042653889,in
2025-01-01T05:55:00,23.609154080589317,in
2025-01-01T05:56:00,23.59339552426278,in
2025-01-01T05:57:00,23.62401476223303,in
2025-01-01T05:58:00,23.579352111496767,in
2025-01-01T05:59:00,23.658504573771836,in
2025-01-01T06:00:00,23.825053389682914,in
2025-01-01T06:01:00,23.99368619437767,in
2025-01-01T06:02:00,23.481909420740944,in
2025-01-01T06:03:00,23.551831820110483,in
2025-01-01T06:04:00,23.630522475469565,in
2025-01-01T06:05:00,23.868314793030503,in
2025-01-01T06:06:00,23.726892108877973,in
2025-01-01T06:07:00,23.653165092945226,in
2025-01-01T06:08:00,23.873405136873664,in
2025-01-01T06:09:00,23.91343381487738,in
2025-01-01T06:10:00,23.7712076724429,in
2025-01-01T06:11:00,23.65560139897839,in
2025-01-01T06:12:00,23.822554983462044,in
2025-01-01T06:13:00,23.75096765555439,in
2025-01-01T06:14:00,23.753716736636232,in
2025-01-01T06:15:00,23.7168854502751,in
2025-01-01T06:16:00,23.93633557969665,in
2025-01-01T06:17:00,23.838878512594196,in
2025-01-01T06:18:00,23.960525700983165,in
2025-01-01T06:19:00,24.009359212730452,in
2025-01-01T06:20:00,23.881462689403293,in
2025-01-01T06:21:00,23.74031478041739,in
2025-01-01T06:22:00,23.975971476586054,in
2025-01-01T06:23:00,23.89337379249593,in
2025-01-01T06:24:00,24.217596081806345,in
2025-01-01T06:25:00,23.877138391513096,in
2025-01-01T06:26:00,23.93877335462236,in
2025-01-01T06:27:00,23.8811460039922,in
2025-01-01T06:28:00,23.826144918124662,in
2025-01-01T06:29:00,23.80558321090277,in
2025-01-01T06:30:00,23.89189564172136,in
2025-01-01T06:31:00,23.929257370807214,in
2025-01-01T06:32:00,24.027525894080238,in
2025-01-01T06:33:00,23.903946689489413,in
2025-01-01T06:34:00,23.791401759650263,in
2025-01-01T06:35:00,23.81498763907575,in
2025-01-01T06:36:00,23.668720311558925,in
2025-01-01T06:37:00,24.11945249590787,in
2025-01-01T06:38:00,23.79216833646867,in
2025-01-01T06:39:00,24.021498740865656,in
2025-01-01T06:40:00,23.920867870188196,in
2025-01-01T06:41:00,23.927911805138653,in
2025-01-01T06:42:00,23.867665800893505,in
2025-01-01T06:43:00,23.770008207491568,in
2025-01-01T06:44:00,23.745756841124837,in
2025-01-01T06:45:00,24.153130067310954,in
2025-01-01T06:46:00,23.913741472237984,in
2025-01-01T06:47:00,24.0681884143319,in
2025-01-01T06:48:00,24.109849073237093,in
2025-01-01T06:49:00,23.843164559771676,in
2025-01-01T06:50:00,23.97095976638563,in
2025-01-01T06:51:00,23.916791505238074,in
2025-01-01T06:52:00,23.73902744147354,in
2025-01-01T06:53:00,23.88732072522399,in
2025-01-01T06:54:00,24.005765458272272,in
2025-01-01T06:55:00,23.845245320520227,in
2025-01-01T06:56:00,23.87379691257086,in
2025-01-01T06:57:00,23.89890544459945,in
2025-01-01T06:58:00,24.243990306113762,in
2025-01-01T06:59:00,23.65446730709196,in
2025-01-01T07:00:00,24.007098147432224,in
2025-01-01T07:01:00,23.89609101624006,in
2025-01-01T07:02:00,23.840197044480853,in
2025-01-01T07:03:00,23.896780463340068,in
2025-01-01T07:04:00,24.040697889127006,in
2025-01-01T07:05:00,24.051362678729607,in
2025-01-01T07:06:00,23.972642409160567,in
2025-01-01T07:07:00,24.11066971438939,in
2025-01-01T07:08:00,24.139065078835557,in
2025-01-01T07:09:00,24.073141032309618,in
2025-01-01T07:10:00,23.870663146567782,in
2025-01-01T07:11:00,24.028628445307287,in
2025-01-01T07:12:00,24.031175300338397,in
2025-01-01T07:13:00,23.835746229922187,in
2025-01-01T07:14:00,23.72443357513352,in
2025-01-01T07:15:00,23.658154217600277,in
2025-01-01T07:16:00,23.97373269041215,in
2025-01-01T07:17:00,24.009606752681055,in
2025-01-01T07:18:00,23.78924257848005,in
2025-01-01T07:19:00,24.124986245175286,in
2025-01-01T07:20:00,23.992448228418876,in
2025-01-01T07:21:00,24.17353001035346,in
2025-01-01T07:22:00,24.028151583572,in
2025-01-01T07:23:00,23.814042697338593,in
2025-01-01T07:24:00,24.044118863183797,in
2025-01-01T07:25:00,24.077239625166335,in
2025-01-01T07:26:00,23.895888188840782,in
2025-01-01T07:27:00,23.762988824042857,in
2025-01-01T07:28:00,23.995580547129133,in
2025-01-01T07:29:00,23.831605099476338,in
2025-01-01T07:30:00,24.15102287220679,in
2025-01-01T07:31:00,23.922933397295438,in
2025-01-01T07:32:00,24.24378246925664,in
2025-01-01T07:33:00,23.66751311378203,in
2025-01-01T07:34:00,24.007363051974945,in
2025-01-01T07:35:00,24.202521572459837,in
2025-01-01T07:36:00,23.85549814335345,in
2025-01-01T07:37:00,23.96605689615777,in
2025-01-01T07:38:00,23.93033703957975,in
2025-01-01T07:39:00,23.889044708826482,in
2025-01-01T07:40:00,24.029082792350632,in
2025-01-01T07:41:00,23.798817764845655,in
2025-01-01T07:42:00,23.977189350266723,in
2025-01-01T07:43:00,24.071899505851658,in
2025-01-01T07:44:00,23.96286404381165,in
2025-01-01T07:45:00,23.84568721647934,in
2025-01-01T07:46:00,24.15079740663396,in
2025-01-01T07:47:00,24.106321885357225,in
2025-01-01T07:48:00,23.841080993813588,in
2025-01-01T07:49:00,23.80358063821652,in
2025-01-01T07:50:00,23.85530778076464,in
2025-01-01T07:51:00,24.080249047304527,in
2025-01-01T07:52:00,24.040117588882573,in
2025-01-01T07:53:00,24.11757958854028,in
2025-01-01T07:54:00,23.95039211724352,in
2025-01-01T07:55:00,23.860813918534802,in
2025-01-01T07:56:00,24.13752236357496,in
2025-01-01T07:57:00,23.91681137813034,in
2025-01-01T07:58:00,24.027906054506442,in
2025-01-01T07:59:00,23.767492235574164,in
2025-01-01T08:00:00,23.91452843635158,in
2025-01-01T08:01:00,24.151390409582696,in
2025-01-01T08:02:00,23.892482661127865,in
2025-01-01T08:03:00,24.12200422836574,in
2025-01-01T08:04:00,23.650042435884554,in
2025-01-01T08:05:00,23.91561530521334,in
2025-01-01T08:06:00,23.973611453069392,in
2025-01-01T08:07:00,24.260448227174784,in
2025-01-01T08:08:00,23.823422222036022,in
2025-01-01T08:09:00,24.099107066798506,in
2025-01-01T08:10:00,24.15663621035103,in
2025-01-01T08:11:00,23.889473325883262,in
2025-01-01T08:12:00,23.941230477193244,in
2025-01-01T08:13:00,24.018027657186483,in
2025-01-01T08:14:00,23.774046851764854,in
2025-01-01T08:15:00,23.927452364698002,in
2025-01-01T08:16:00,24.18654490666161,in
2025-01-01T08:17:00,24.072898591828633,in
2025-01-01T08:18:00,23.97032197404377,in
2025-01-01T08:19:00,24.010091859270993,in
2025-01-01T08:20:00,24.079525201012956,in
2025-01-01T08:21:00,24.10747137733584,in
2025-01-01T08:22:00,23.90733027462749,in
2025-01-01T08:23:00,24.220145177993775,in
2025-01-01T08:24:00,24.186496020917243,in
2025-01-01T08:25:00,24.089701320997623,in
2025-01-01T08:26:00,23.86069973147629,in
2025-01-01T08:27:00,23.833103327894264,in
2025-01-01T08:28:00,23.936101733793155,in
2025-01-01T08:29:00,23.99312466400609,in
2025-01-01T08:30:00,23.717615942913763,in
2025-01-01T08:31:00,24.055935764805554,in
2025-01-01T08:32:00,24.173655477060414,in
2025-01-01T08:33:00,24.065773894613972,in
2025-01-01T08:34:00,23.8766238063032,in
2025-01-01T08:35:00,23.857562511325447,in
2025-01-01T08:36:00,24.020354532816388,in
2025-01-01T08:37:00,23.950997175819737,in
2025-01-01T08:38:00,24.03902737921285,in
2025-01-01T08:39:00,24.061370324007,in
2025-01-01T08:40:00,24.133399085358615,in
2025-01-01T08:41:00,23.798262880953153,in
2025-01-01T08:42:00,23.999752657305308,in
2025-01-01T08:43:00,23.91037954485682,in
2025-01-01T08:44:00,23.948459110305024,in
2025-01-01T08:45:00,24.091231888706773,in
2025-01-01T08:46:00,24.105818290199345,in
2025-01-01T08:47:00,24.167857492526718,in
2025-01-01T08:48:00,24.020133739022853,in
2025-01-01T08:49:00,23.93795969431199,in
2025-01-01T08:50:00,23.914660243822308,in
2025-01-01T08:51:00,23.690471390657827,in
2025-01-01T08:52:00,24.149700386305263,in
2025-01-01T08:53:00,23.898473754853047,in
2025-01-01T08:54:00,24.02062439979579,in
2025-01-01T08:55:00,24.044533618487886,in
2025-01-01T08:56:00,23.75379412619447,in
2025-01-01T08:57:00,23.79995986054456,in
2025-01-01T08:58:00,24.16834826681454,in
2025-01-01T08:59:00,23.977657205180417,in
2025-01-01T09:00:00,23.844763802933358,in
2025-01-01T09:01:00,23.910622595988496,in
2025-01-01T09:02:00,24.090196442142172,in
2025-01-01T09:03:00,24.06505764486744,in
2025-01-01T09:04:00,23.702611127540692,in
2025-01-01T09:05:00,24.16524228532264,in
2025-01-01T09:06:00,24.06256167438619,in
2025-01-01T09:07:00,23.892271434208393,in
2025-01-01T09:08:00,23.733851145463063,in
2025-01-01T09:09:00,24.068141184923512,in
2025-01-01T09:10:00,23.978898026540648,in
2025-01-01T09:11:00,23.68612184257489,in
2025-01-01T09:12:00,23.86730132128655,in
2025-01-01T09:13:00,24.368324193822627,in
2025-01-01T09:14:00,23.89912257402456,in
2025-01-01T09:15:00,23.782564669839864,in
2025-01-01T09:16:00,23.73976265740264,in
2025-01-01T09:17:00,24.15399288829998,in
2025-01-01T09:18:00,24.01244690562101,in
2025-01-01T09:19:00,24.093467897600327,in
2025-01-01T09:20:00,23.91661303418564,in
2025-01-01T09:21:00,24.064485557144888,in
2025-01-01T09:22:00,23.74609632006461,in
2025-01-01T09:23:00,23.89465906650928,in
2025-01-01T09:24:00,23.91021888024031,in
2025-01-01T09:25:00,24.07138277834688,in
2025-01-01T09:26:00,23.908661591985116,in
2025-01-01T09:27:00,23.763792344483416,in
2025-01-01T09:28:00,23.863978784971632,in
2025-01-01T09:29:00,23.599619027666098,in
2025-01-01T09:30:00,23.499613755032033,in
2025-01-01T09:31:00,23.969103148857148,in
2025-01-01T09:32:00,23.78479812395893,in
2025-01-01T09:33:00,23.798369825450756,in
2025-01-01T09:34:00,23.958762150675238,in
2025-01-01T09:35:00,24.040174515995584,in
2025-01-01T09:36:00,23.907264108509338,in
2025-01-01T09:37:00,24.112735011686848,in
2025-01-01T09:38:00,23.89532591186168,in
2025-01-01T09:39:00,23.861618367187162,in
2025-01-01T09:40:00,23.84867389744899,in
2025-01-01T09:41:00,23.61608595658869,in
2025-01-01T09:42:00,23.94857035954574,in
2025-01-01T09:43:00,23.434576575642886,in
2025-01-01T09:44:00,23.70965016400697,in
2025-01-01T09:45:00,23.797185035650518,in
2025-01-01T09:46:00,23.67140437469205,in
2025-01-01T09:47:00,23.718194498361353,in
2025-01-01T09:48:00,24.05791938331082,in
2025-01-01T09:49:00,23.943637865838724,in
2025-01-01T09:50:00,23.671147514235432,in
2025-01-01T09:51:00,23.699540298280226,in
2025-01-01T09:52:00,23.57434459343508,in
2025-01-01T09:53:00,23.86753054431169,in
2025-01-01T09:54:00,23.720172857762357,in
2025-01-01T09:55:00,23.458483540780836,in
2025-01-01T09:56:00,23.7643569530503,in
2025-01-01T09:57:00,23.81083884668587,in
2025-01-01T09:58:00,23.885182537856057,in
2025-01-01T09:59:00,23.725394409791768,in
2025-01-01T10:00:00,23.676150133150923,in
2025-01-01T10:01:00,24.02561071248222,in
2025-01-01T10:02:00,23.724246244297984,in
2025-01-01T10:03:00,23.826747097742597,in
2025-01-01T10:04:00,23.633403654897787,in
2025-01-01T10:05:00,23.81331018909127,in
2025-01-01T10:06:00,23.48693597984757,in
2025-01-01T10:07:00,23.63139431813333,in
2025-01-01T10:08:00,23.514855056398943,in
2025-01-01T10:09:00,23.600709645127527,in
2025-01-01T10:10:00,23.874353397660432,in
2025-01-01T10:11:00,23.59022914253323,in
2025-01-01T10:12:00,23.785079554711963,in
2025-01-01T10:13:00,23.900162089004073,in
2025-01-01T10:14:00,23.66363504709384,in
2025-01-01T10:15:00,23.812004290363532,in
2025-01-01T10:16:00,23.737738038830884,in
2025-01-01T10:17:00,23.670645037841908,in
2025-01-01T10:18:00,23.76079971564157,in
2025-01-01T10:19:00,23.919284589383107,in
2025-01-01T10:20:00,23.542713751701704,in
2025-01-01T10:21:00,23.489402975296947,in
2025-01-01T10:22:00,23.475543854864338,in
2025-01-01T10:23:00,23.772312159390506,in
2025-01-01T10:24:00,23.787439132219145,in
2025-01-01T10:25:00,23.532333668534875,in
2025-01-01T10:26:00,23.287311688818534,in
2025-01-01T10:27:00,23.50129411439366,in
2025-01-01T10:28:00,23.679449146765634,in
2025-01-01T10:29:00,23.58199553422182,in
2025-01-01T10:30:00,23.613758842595775,in
2025-01-01T10:31:00,23.50287748474635,in
2025-01-01T10:32:00,23.72813487591991,in
2025-01-01T10:33:00,23.622112632024685,in
2025-01-01T10:34:00,23.653185834559398,in
2025-01-01T10:35:00,23.583628818639767,in
2025-01-01T10:36:00,23.63294714745557,in
2025-01-01T10:37:00,23.617571041391514,in
2025-01-01T10:38:00,23.404037972555074,in
2025-01-01T10:39:00,23.593643128453188,in
2025-01-01T10:40:00,23.650815112029935,in
2025-01-01T10:41:00,23.699736159494286,in
2025-01-01T10:42:00,23.583228003442617,in
2025-01-01T10:43:00,23.37034239095837,in
2025-01-01T10:44:00,23.387721561009446,in
2025-01-01T10:45:00,23.438407402770014,in
2025-01-01T10:46:00,23.526331027798484,in
2025-01-01T10:47:00,23.47377933492726,in
2025-01-01T10:48:00,23.31772984111015,in
2025-01-01T10:49:00,23.310978249826405,in
2025-01-01T10:50:00,23.159776407384246,in
2025-01-01T10:51:00,23.000723780291167,in
2025-01-01T10:52:00,23.4429401297951,in
2025-01-01T10:53:00,23.80477649603623,in
2025-01-01T10:54:00,23.72026567059329,in
2025-01-01T10:55:00,23.297993212301066,in
2025-01-01T10:56:00,23.461165095285896,in
2025-01-01T10:57:00,23.212916960341783,in
2025-01-01T10:58:00,23.229684468679643,in
2025-01-01T10:59:00,23.240749861602016,in
2025-01-01T11:00:00,23.380388759706822,in
2025-01-01T11:01:00,23.38066050738014,in
2025-01-01T11:02:00,23.43972382422073,in
2025-01-01T11:03:00,23.495063378139005,in
2025-01-01T11:04:00,23.338784602408722,in
2025-01-01T11:05:00,23.388456407163932,in
2025-01-01T11:06:00,23.212637275383976,in
2025-01-01T11:07:00,23.168691427014142,in
2025-01-01T11:08:00,23.13915086821775,in
2025-01-01T11:09:00,23.45498866123512,in
2025-01-01T11:10:00,23.300494238018082,in
2025-01-01T11:11:00,23.064065575445678,in
2025-01-01T11:12:00,23.328797869815176,in
2025-01-01T11:13:00,23.144440132233754,in
2025-01-01T11:14:00,23.574296919277423,in
2025-01-01T11:15:00,23.231868371962115,in
2025-01-01T11:16:00,23.41434395585388,in
2025-01-01T11:17:00,23.468863959033193,in
2025-01-01T11:18:00,23.155656828776813,in
2025-01-01T11:19:00,23.303655026919134,in
2025-01-01T11:20:00,23.368595404581303,in
2025-01-01T11:21:00,23.296209929822684,in
2025-01-01T11:22:00,23.326321554452,in
2025-01-01T11:23:00,23.065966248091158,in
2025-01-01T11:24:00,23.341746215056855,in
2025-01-01T11:25:00,23.17892231524221,in
2025-01-01T11:26:00,23.29744695676786,in
2025-01-01T11:27:00,23.376186225452386,in
2025-01-01T11:28:00,23.33164422677906,in
2025-01-01T11:29:00,23.27674251889232,in
2025-01-01T11:30:00,23.313842102445122,in
2025-01-01T11:31:00,23.31384963416911,in
2025-01-01T11:32:00,23.427955220511688,in
2025-01-01T11:33:00,23.191541596221903,in
2025-01-01T11:34:00,23.214239122519043,in
2025-01-01T11:35:00,23.32242931807358,in
2025-01-01T11:36:00,23.10201236312042,in
2025-01-01T11:37:00,22.96820921037317,in
2025-01-01T11:38:00,23.235390437609297,in
2025-01-01T11:39:00,23.123386827382078,in
2025-01-01T11:40:00,22.96602376094194,in
2025-01-01T11:41:00,23.215074814599582,in
2025-01-01T11:42:00,23.34748242610405,in
2025-01-01T11:43:00,22.881148473446775,in
2025-01-01T11:44:00,23.271734556223965,in
2025-01-01T11:45:00,22.730580338677353,in
2025-01-01T11:46:00,23.043830976096892,in
2025-01-01T11:47:00,23.372663845876215,in
2025-01-01T11:48:00,23.040029462753125,in
2025-01-01T11:49:00,23.095439702109136,in
2025-01-01T11:50:00,23.18902914680968,in
2025-01-01T11:51:00,22.809758004722127,in
2025-01-01T11:52:00,23.070652748592373,in
2025-01-01T11:53:00,23.062059808097935,in
2025-01-01T11:54:00,23.32434527541921,in
2025-01-01T11:55:00,22.85218539167137,in
2025-01-01T11:56:00,22.972845252352588,in
2025-01-01T11:57:00,22.88333280353056,in
2025-01-01T11:58:00,22.859914955367703,in
2025-01-01T11:59:00,23.17665836315074,in
2025-01-01T12:00:00,23.003997725300124,in
2025-01-01T12:01:00,22.90909792788644,in
2025-01-01T12:02:00,22.90717023503555,in
2025-01-01T12:03:00,22.892758421452104,in
2025-01-01T12:04:00,22.898548763881518,in
2025-01-01T12:05:00,22.772310736195383,in
2025-01-01T12:06:00,22.915508089134438,in
2025-01-01T12:07:00,22.892758330621866,in
2025-01-01T12:08:00,22.82527361961128,in
2025-01-01T12:09:00,22.95448597909597,in
2025-01-01T12:10:00,22.95948064848779,in
2025-01-01T12:11:00,22.83225074809016,in
2025-01-01T12:12:00,22.886360876864156,in
2025-01-01T12:13:00,23.223990441109997,in
2025-01-01T12:14:00,23.21046061500994,in
2025-01-01T12:15:00,22.726463851918542,in
2025-01-01T12:16:00,22.73957515858987,in
2025-01-01T12:17:00,22.709980023260037,in
2025-01-01T12:18:00,23.019580284612427,in
2025-01-01T12:19:00,22.793358084866565,in
2025-01-01T12:20:00,22.881187660020846,in
2025-01-01T12:21:00,23.13686457506699,in
2025-01-01T12:22:00,22.82781676616591,in
2025-01-01T12:23:00,22.927375013490554,in
2025-01-01T12:24:00,22.891536398546663,in
2025-01-01T12:25:00,22.717260776963084,in
2025-01-01T12:26:00,22.956372397611773,in
2025-01-01T12:27:00,22.662032591403506,in
2025-01-01T12:28:00,22.982444224945173,in
2025-01-01T12:29:00,22.685304278492275,in
2025-01-01T12:30:00,22.693671706649766,in
2025-01-01T12:31:00,22.594024061160844,in
2025-01-01T12:32:00,22.610574275209327,in
2025-01-01T12:33:00,22.67710022667039,in
2025-01-01T12:34:00,22.368300169762005,in
2025-01-01T12:35:00,22.689876225391064,in
2025-01-01T12:36:00,22.640539763504375,in
2025-01-01T12:37:00,22.82708374078721,in
2025-01-01T12:38:00,22.76386187327246,in
2025-01-01T12:39:00,22.586088499490092,in
2025-01-01T12:40:00,22.615257672737453,in
2025-01-01T12:41:00,22.640640730228522,in
2025-01-01T12:42:00,22.89050720163892,in
2025-01-01T12:43:00,22.536035588457107,in
2025-01-01T12:44:00,22.543172209171715,in
2025-01-01T12:45:00,22.47359130786375,in
2025-01-01T12:46:00,22.412303390894756,in
2025-01-01T12:47:00,22.672378156511325,in
2025-01-01T12:48:00,22.64846948841088,in
2025-01-01T12:49:00,22.802142875981325,in
2025-01-01T12:50:00,22.757622950167587,in
2025-01-01T12:51:00,22.952650657130913,in
2025-01-01T12:52:00,22.57366249431431,in
2025-01-01T12:53:00,22.53731310169875,in
2025-01-01T12:54:00,22.37299673763784,in
2025-01-01T12:55:00,22.664144753183436,in
2025-01-01T12:56:00,22.56905484785095,in
2025-01-01T12:57:00,22.640570845481754,in
2025-01-01T12:58:00,22.363608119270754,in
2025-01-01T12:59:00,22.578803057269955,in
2025-01-01T13:00:00,22.548418032898134,in
2025-01-01T13:01:00,22.530059152395108,in
2025-01-01T13:02:00,22.398270121880305,in
2025-01-01T13:03:00,22.670705283340997,in
2025-01-01T13:04:00,22.791389928046037,in
2025-01-01T13:05:00,22.308820180707702,in
2025-01-01T13:06:00,22.574957324650754,in
2025-01-01T13:07:00,22.026723259143772,in
2025-01-01T13:08:00,22.5501936011101,in
2025-01-01T13:09:00,22.16087167756174,in
2025-01-01T13:10:00,22.354134125691317,in
2025-01-01T13:11:00,22.227401645049756,in
2025-01-01T13:12:00,22.38348165739311,in
2025-01-01T13:13:00,22.533102557035527,in
2025-01-01T13:14:00,22.12013887927534,in
2025-01-01T13:15:00,22.33625869060491,in
2025-01-01T13:16:00,22.30461267543068,in
2025-01-01T13:17:00,22.610205374598248,in
2025-01-01T13:18:00,22.429235202161838,in
2025-01-01T13:19:00,22.17930452395667,in
2025-01-01T13:20:00,22.2766021984793,in
2025-01-01T13:21:00,22.57211464345588,in
2025-01-01T13:22:00,22.43725000923746,in
2025-01-01T13:23:00,22.183750111846837,in
2025-01-01T13:24:00,22.272808349323,in
2025-01-01T13:25:00,22.26898040011861,in
2025-01-01T13:26:00,22.21492153318585,in
2025-01-01T13:27:00,22.030453420534105,in
2025-01-01T13:28:00,22.176702944611637,in
2025-01-01T13:29:00,22.47808175642725,in
2025-01-01T13:30:00,22.203880711380926,in
2025-01-01T13:31:00,22.23690989370252,in
2025-01-01T13:32:00,22.264817533838333,in
2025-01-01T13:33:00,22.567796004122496,in
2025-01-01T13:34:00,22.227737643248357,in
2025-01-01T13:35:00,22.381825552741454,in
2025-01-01T13:36:00,22.119329900727628,in
2025-01-01T13:37:00,22.16146623414878,in
2025-01-01T13:38:00,22.19357441350699,in
2025-01-01T13:39:00,22.066883296049397,in
2025-01-01T13:40:00,22.14375381840487,in
2025-01-01T13:41:00,22.2988240553964,in
2025-01-01T13:42:00,22.03686350729191,in
2025-01-01T13:43:00,22.148230335035343,in
2025-01-01T13:44:00,22.24582298023664,in
2025-01-01T13:45:00,22.007136351138374,in
2025-01-01T13:46:00,22.286409147961958,in
2025-01-01T13:47:00,22.124318097083453,in
2025-01-01T13:48:00,22.079903527984992,in
2025-01-01T13:49:00,21.794734086172653,in
2025-01-01T13:50:00,22.03119690842865,in
2025-01-01T13:51:00,22.13425849393993,in
2025-01-01T13:52:00,22.331600746225373,in
2025-01-01T13:53:00,22.146260399536388,in
2025-01-01T13:54:00,22.221286331382498,in
2025-01-01T13:55:00,21.862264084025835,in
2025-01-01T13:56:00,22.015881438526627,in
2025-01-01T13:57:00,22.209291157492018,in
2025-01-01T13:58:00,21.88429303843676,in
2025-01-01T13:59:00,22.153510012915458,in
2025-01-01T14:00:00,22.10999767969005,in
2025-01-01T14:01:00,22.03248192869798,in
2025-01-01T14:02:00,21.933241535232856,in
2025-01-01T14:03:00,21.825876535671448,in
2025-01-01T14:04:00,22.231402081240933,in
2025-01-01T14:05:00,22.051149607589483,in
2025-01-01T14:06:00,21.99873852208557,in
2025-01-01T14:07:00,21.876995511350017,in
2025-01-01T14:08:00,21.935881751033495,in
2025-01-01T14:09:00,21.94618795897737,in
2025-01-01T14:10:00,21.972742577979364,in
2025-01-01T14:11:00,22.014194786228103,in
2025-01-01T14:12:00,21.77795735863585,in
2025-01-01T14:13:00,21.666624880050193,in
2025-01-01T14:14:00,21.89054504862131,in
2025-01-01T14:15:00,21.607111140941,in
2025-01-01T14:16:00,21.811937903262706,in
2025-01-01T14:17:00,21.775404545092435,in
2025-01-01T14:18:00,21.916844037374563,in
2025-01-01T14:19:00,22.131773140298538,in
2025-01-01T14:20:00,21.53399992091915,in
2025-01-01T14:21:00,22.158124517220955,in
2025-01-01T14:22:00,21.773347221091697,in
2025-01-01T14:23:00,21.851795179101735,in
2025-01-01T14:24:00,21.578718249821137,in
2025-01-01T14:25:00,21.93179698583002,in
2025-01-01T14:26:00,21.779814452916945,in
2025-01-01T14:27:00,21.755705093406082,in
2025-01-01T14:28:00,21.46565354595426,in
2025-01-01T14:29:00,21.758671583805455,in
2025-01-01T14:30:00,21.865821864132386,in
2025-01-01T14:31:00,21.694856344130077,in
2025-01-01T14:32:00,21.897783699926492,in
2025-01-01T14:33:00,21.882949031801346,in
2025-01-01T14:34:00,21.608216870329652,in
2025-01-01T14:35:00,21.935020306439775,in
2025-01-01T14:36:00,21.6939253145683,in
2025-01-01T14:37:00,21.685976656410524,in
2025-01-01T14:38:00,21.684751971669055,in
2025-01-01T14:39:00,21.671698354943118,in
2025-01-01T14:40:00,21.258183641167363,in
2025-01-01T14:41:00,21.61628694932386,in
2025-01-01T14:42:00,21.430936978266335,in
2025-01-01T14:43:00,21.870902283314884,in
2025-01-01T14:44:00,21.85629445800509,in
2025-01-01T14:45:00,21.737610105836083,in
2025-01-01T14:46:00,21.565494015564774,in
2025-01-01T14:47:00,21.44151425722909,in
2025-01-01T14:48:00,21.48553946817314,in
2025-01-01T14:49:00,21.867040941651013,in
2025-01-01T14:50:00,21.4632911641458,in
2025-01-01T14:51:00,21.20526582679909,in
2025-01-01T14:52:00,21.704622717585078,in
2025-01-01T14:53:00,21.766674685197856,in
2025-01-01T14:54:00,21.78199162536317,in
2025-01-01T14:55:00,21.680380415985052,in
2025-01-01T14:56:00,21.696384160385882,in
2025-01-01T14:57:00,21.515633525050045,in
2025-01-01T14:58:00,21.187795648367366,in
2025-01-01T14:59:00,21.494978259813948,in
2025-01-01T15:00:00,21.57559782565787,in
2025-01-01T15:01:00,21.453647062599114,in
2025-01-01T15:02:00,21.438397830032542,in
2025-01-01T15:03:00,21.312501394417104,in
2025-01-01T15:04:00,21.2984644768752,in
2025-01-01T15:05:00,21.716064249152925,in
2025-01-01T15:06:00,21.713121266074175,in
2025-01-01T15:07:00,21.423210394044908,in
2025-01-01T15:08:00,21.457485131318467,in
2025-01-01T15:09:00,21.259788141493306,in
2025-01-01T15:10:00,21.49497462848237,in
2025-01-01T15:11:00,21.65421877768611,in
2025-01-01T15:12:00,21.1525813942584,in
2025-01-01T15:13:00,21.443254881987862,in
2025-01-01T15:14:00,21.446244023586573,in
2025-01-01T15:15:00,21.436262046627068,in
2025-01-01T15:16:00,21.595286341262955,in
2025-01-01T15:17:00,21.6460214413001,in
2025-01-01T15:18:00,21.297363729851558,in
2025-01-01T15:19:00,21.425142614816803,in
2025-01-01T15:20:00,21.32859476920757,in
2025-01-01T15:21:00,21.21294859190406,in
2025-01-01T15:22:00,21.340207361013217,in
2025-01-01T15:23:00,21.39214285327961,in
2025-01-01T15:24:00,21.315803403721947,in
2025-01-01T15:25:00,21.14294674200968,in
2025-01-01T15:26:00,21.197463450573053,in
2025-01-01T15:27:00,21.190499011954127,in
2025-01-01T15:28:00,21.12442021992857,in
2025-01-01T15:29:00,21.289733702535987,in
2025-01-01T15:30:00,21.297349949713784,in
2025-01-01T15:31:00,21.373505716859437,in
2025-01-01T15:32:00,21.089894390797358,in
2025-01-01T15:33:00,21.12389048429715,in
2025-01-01T15:34:00,21.43568727993919,in
2025-01-01T15:35:00,21.169832240671585,in
2025-01-01T15:36:00,21.191046368236144,in
2025-01-01T15:37:00,21.1522967365637,in
2025-01-01T15:38:00,21.34056813749577,in
2025-01-01T15:39:00,21.338451827032397,in
2025-01-01T15:40:00,21.32174469160693,in
2025-01-01T15:41:00,21.150847661900716,in
2025-01-01T15:42:00,21.00811240976006,in
2025-01-01T15:43:00,21.419891446855054,in
2025-01-01T15:44:00,21.251704052965174,in
2025-01-01T15:45:00,21.04692377235314,in
2025-01-01T15:46:00,21.321177200822046,in
2025-01-01T15:47:00,21.019461780636266,in
2025-01-01T15:48:00,21.303624510999207,in
2025-01-01T15:49:00,21.30599485817376,in
2025-01-01T15:50:00,20.938280357777774,in
2025-01-01T15:51:00,21.15603470480292,in
2025-01-01T15:52:00,21.178385480022417,in
2025-01-01T15:53:00,21.445597045568263,in
2025-01-01T15:54:00,20.9343373118357,in
2025-01-01T15:55:00,21.2529039537103,in
2025-01-01T15:56:00,21.032982662212362,in
2025-01-01T15:57:00,20.836552889469008,in
2025-01-01T15:58:00,20.997154804317923,in
2025-01-01T15:59:00,21.00793670681454,in
2025-01-01T16:00:00,20.841166471032707,in
2025-01-01T16:01:00,21.039278088736676,in
2025-01-01T16:02:00,21.12859466240338,in
2025-01-01T16:03:00,21.013143925955198,in
2025-01-01T16:04:00,20.88864723677291,in
2025-01-01T16:05:00,20.94018267341791,in
2025-01-01T16:06:00,20.954321367049083,in
2025-01-01T16:07:00,20.98017039681842,in
2025-01-01T16:08:00,21.106636085869592,in
2025-01-01T16:09:00,20.973561931176693,in
2025-01-01T16:10:00,20.714996289011893,in
2025-01-01T16:11:00,20.83370289646571,in
2025-01-01T16:12:00,20.93562508760444,in
2025-01-01T16:13:00,21.07203221370329,in
2025-01-01T16:14:00,21.090802995606367,in
2025-01-01T16:15:00,21.155062335198917,in
2025-01-01T16:16:00,20.901206352695404,in
2025-01-01T16:17:00,20.988886520935235,in
2025-01-01T16:18:00,20.64901829598989,in
2025-01-01T16:19:00,20.924488710781617,in
2025-01-01T16:20:00,20.69155751207878,in
2025-01-01T16:21:00,20.83632874056232,in
2025-01-01T16:22:00,21.293069846908942,in
2025-01-01T16:23:00,20.877033804153694,in
2025-01-01T16:24:00,20.694857512538004,in
2025-01-01T16:25:00,20.87854905416652,in
2025-01-01T16:26:00,20.732793148508915,in
2025-01-01T16:27:00,20.65923918188505,in
2025-01-01T16:28:00,21.11184088370448,in
2025-01-01T16:29:00,20.94943382785422,in
2025-01-01T16:30:00,20.834307635731918,in
2025-01-01T16:31:00,20.716791946393972,in
2025-01-01T16:32:00,20.722058626902854,in
2025-01-01T16:33:00,20.993184381406955,in
2025-01-01T16:34:00,20.800957357374447,in
2025-01-01T16:35:00,20.28573228418956,in
2025-01-01T16:36:00,21.10449999524915,in
2025-01-01T16:37:00,20.762048696420813,in
2025-01-01T16:38:00,20.779348910304694,in
2025-01-01T16:39:00,20.88412621805405,in
2025-01-01T16:40:00,20.784235204723657,in
2025-01-01T16:41:00,20.819788333371594,in
2025-01-01T16:42:00,20.637545383234894,in
2025-01-01T16:43:00,20.510011196479596,in
2025-01-01T16:44:00,20.729916859239967,in
2025-01-01T16:45:00,20.89605056764105,in
2025-01-01T16:46:00,20.577589519811056,in
2025-01-01T16:47:00,20.559033068775367,in
2025-01-01T16:48:00,20.844891676339273,in
2025-01-01T16:49:00,20.586679604359503,in
2025-01-01T16:50:00,20.58723559769352,in
2025-01-01T16:51:00,20.58642686799218,in
2025-01-01T16:52:00,20.62625613272643,in
2025-01-01T16:53:00,20.393588304961977,in
2025-01-01T16:54:00,20.542389831731246,in
2025-01-01T16:55:00,20.65152909130642,in
2025-01-01T16:56:00,20.64416894950823,in
2025-01-01T16:57:00,20.778118038203576,in
2025-01-01T16:58:00,20.87409030472952,in
2025-01-01T16:59:00,20.818843068087723,in
2025-01-01T17:00:00,20.722984295237993,in
2025-01-01T17:01:00,20.55731906013835,in
2025-01-01T17:02:00,20.480038741198108,in
2025-01-01T17:03:00,20.570077878026954,in
2025-01-01T17:04:00,20.649157214788634,in
2025-01-01T17:05:00,20.678562745617338,in
2025-01-01T17:06:00,20.6427141180028,in
2025-01-01T17:07:00,20.52508173952879,in
2025-01-01T17:08:00,20.655321932737998,in
2025-01-01T17:09:00,20.720485856891155,in
2025-01-01T17:10:00,20.657469383989884,in
2025-01-01T17:11:00,20.514761786751826,in
2025-01-01T17:12:00,20.38863304516931,in
2025-01-01T17:13:00,20.379250135468386,in
2025-01-01T17:14:00,20.399905914883167,in
2025-01-01T17:15:00,20.534881664843287,in
2025-01-01T17:16:00,20.568551402587804,in
2025-01-01T17:17:00,20.272690183540295,in
2025-01-01T17:18:00,20.403588802545407,in
2025-01-01T17:19:00,20.51002788023075,in
2025-01-01T17:20:00,20.332959127247403,in
2025-01-01T17:21:00,20.52740195881202,in
2025-01-01T17:22:00,20.410636589587074,in
2025-01-01T17:23:00,20.34270167108524,in
2025-01-01T17:24:00,20.453688891953394,in
2025-01-01T17:25:00,20.4990730832511,in
2025-01-01T17:26:00,20.307504349154684,in
2025-01-01T17:27:00,20.392974281266405,in
2025-01-01T17:28:00,20.49413024938262,in
2025-01-01T17:29:00,20.304307325014797,in
2025-01-01T17:30:00,20.164629793353946,in
2025-01-01T17:31:00,20.177509918077295,in
2025-01-01T17:32:00,20.34002135029687,in
2025-01-01T17:33:00,20.199729633172108,in
2025-01-01T17:34:00,20.34012799448913,in
2025-01-01T17:35:00,20.636852219140934,in
2025-01-01T17:36:00,20.175176253096804,in
2025-01-01T17:37:00,20.33446130834832,in
2025-01-01T17:38:00,20.69161464642807,in
2025-01-01T17:39:00,20.427936402123,in
2025-01-01T17:40:00,20.306537418300678,in
2025-01-01T17:41:00,20.33317372893779,in
2025-01-01T17:42:00,20.41615199901496,in
2025-01-01T17:43:00,20.601186291339737,in
2025-01-01T17:44:00,20.26229681376833,in
2025-01-01T17:45:00,20.223419232961668,in
2025-01-01T17:46:00,20.125407045948627,in
2025-01-01T17:47:00,20.342892093180954,in
2025-01-01T17:48:00,20.111805758636464,in
2025-01-01T17:49:00,20.248354580347947,in
2025-01-01T17:50:00,20.176914592207677,in
2025-01-01T17:51:00,20.46966288312717,in
2025-01-01T17:52:00,20.22764434958213,in
2025-01-01T17:53:00,20.358835099209717,in
2025-01-01T17:54:00,20.05410587103853,in
2025-01-01T17:55:00,20.309902301822035,in
2025-01-01T17:56:00,20.105191352716663,in
2025-01-01T17:57:00,20.217339902007616,in
2025-01-01T17:58:00,20.608422065255382,in
2025-01-01T17:59:00,20.41215514617734,in
2025-01-01T18:00:00,20.248687305006424,in
2025-01-01T18:01:00,20.743443657489195,in
2025-01-01T18:02:00,20.122012404564202,in
2025-01-01T18:03:00,20.42979044316571,in
2025-01-01T18:04:00,20.020859417194142,in
2025-01-01T18:05:00,20.209958074937795,in
2025-01-01T18:06:00,20.040197312148987,in
2025-01-01T18:07:00,20.27680991085286,in
2025-01-01T18:08:00,20.242500352318963,in
2025-01-01T18:09:00,20.18387500519638,in
2025-01-01T18:10:00,20.3897868874125,in
2025-01-01T18:11:00,20.136900871078108,in
2025-01-01T18:12:00,20.267014713794364,in
2025-01-01T18:13:00,20.337125354218426,in
2025-01-01T18:14:00,19.98764809546152,in
2025-01-01T18:15:00,20.093992365683466,in
2025-01-01T18:16:00,20.210491052499044,in
2025-01-01T18:17:00,20.293126534269074,in
2025-01-01T18:18:00,20.408015096188507,in
2025-01-01T18:19:00,20.15870773928208,in
2025-01-01T18:20:00,20.13991376952922,in
2025-01-01T18:21:00,20.05282424781779,in
2025-01-01T18:22:00,20.22957507207347,in
2025-01-01T18:23:00,20.13190827679111,in
2025-01-01T18:24:00,20.13180424529094,in
2025-01-01T18:25:00,20.15529376587783,in
2025-01-01T18:26:00,20.248624060543303,in
2025-01-01T18:27:00,20.077857996725314,in
2025-01-01T18:28:00,20.043166579758783,in
2025-01-01T18:29:00,20.220356684579215,in
2025-01-01T18:30:00,19.69838219969504,in
2025-01-01T18:31:00,20.058367265915614,in
2025-01-01T18:32:00,19.97293586595532,in
2025-01-01T18:33:00,20.32286962770867,in
2025-01-01T18:34:00,20.073024949654517,in
2025-01-01T18:35:00,20.051876844144317,in
2025-01-01T18:36:00,20.125545774217606,in
2025-01-01T18:37:00,20.04042371635824,in
2025-01-01T18:38:00,20.066258397780175,in
2025-01-01T18:39:00,20.138183889718505,in
2025-01-01T18:40:00,20.057308693252242,in
2025-01-01T18:41:00,20.053265351646452,in
2025-01-01T18:42:00,19.963193366758947,in
2025-01-01T18:43:00,19.93875439813635,in
2025-01-01T18:44:00,20.11805838343991,in
2025-01-01T18:45:00,20.15212981747766,in
2025-01-01T18:46:00,19.88912919302001,in
2025-01-01T18:47:00,20.214592959903374,in
2025-01-01T18:48:00,20.212494113383404,in
2025-01-01T18:49:00,20.241411771455237,in
2025-01-01T18:50:00,20.137549461214636,in
2025-01-01T18:51:00,20.185522426128976,in
2025-01-01T18:52:00,20.41514436476068,in
2025-01-01T18:53:00,20.03962903825878,in
2025-01-01T18:54:00,19.92550680513018,in
2025-01-01T18:55:00,19.849791308744923,in
2025-01-01T18:56:00,20.34082769765821,in
2025-01-01T18:57:00,20.3404076158975,in
2025-01-01T18:58:00,19.93404913229262,in
2025-01-01T18:59:00,19.96132723044059,in
2025-01-01T19:00:00,20.01954969179219,in
2025-01-01T19:01:00,20.249546652994013,in
2025-01-01T19:02:00,19.87060938947174,in
2025-01-01T19:03:00,19.76654525185316,in
2025-01-01T19:04:00,20.384535718932334,in
2025-01-01T19:05:00,20.10417185341149,in
2025-01-01T19:06:00,20.12342215509243,in
2025-01-01T19:07:00,20.0224755822991,in
2025-01-01T19:08:00,20.121127608987234,in
2025-01-01T19:09:00,19.822184476481826,in
2025-01-01T19:10:00,19.9212699007311,in
2025-01-01T19:11:00,20.061311469753033,in
2025-01-01T19:12:00,19.703071164597354,in
2025-01-01T19:13:00,19.996531412958696,in
2025-01-01T19:14:00,19.98552593520818,in
2025-01-01T19:15:00,19.993025904400984,in
2025-01-01T19:16:00,19.954083361931524,in
2025-01-01T19:17:00,19.885715415667807,in
2025-01-01T19:18:00,19.760185407331452,in
2025-01-01T19:19:00,20.05363066178253,in
2025-01-01T19:20:00,19.98536589595615,in
2025-01-01T19:21:00,19.822595649898542,in
2025-01-01T19:22:00,20.036808808850605,in
2025-01-01T19:23:00,19.98176473761863,in
2025-01-01T19:24:00,19.955469726060407,in
2025-01-01T19:25:00,19.699742746043363,in
2025-01-01T19:26:00,20.12438340012235,in
2025-01-01T19:27:00,19.83573957034429,in
2025-01-01T19:28:00,20.028954400743043,in
2025-01-01T19:29:00,19.897027938711332,in
2025-01-01T19:30:00,19.95880129962018,in
2025-01-01T19:31:00,20.18883397440306,in
2025-01-01T19:32:00,20.094650426837863,in
2025-01-01T19:33:00,20.183369078033568,in
2025-01-01T19:34:00,20.062414112840063,in
2025-01-01T19:35:00,20.07130886120648,in
2025-01-01T19:36:00,19.743785359229527,in
2025-01-01T19:37:00,19.96243421441819,in
2025-01-01T19:38:00,19.975471263488352,in
2025-01-01T19:39:00,20.19193986790347,in
2025-01-01T19:40:00,19.93167620463047,in
2025-01-01T19:41:00,20.046597921362896,in
2025-01-01T19:42:00,20.040028933996457,in
2025-01-01T19:43:00,20.179150903843137,in
2025-01-01T19:44:00,19.984810287134433,in
2025-01-01T19:45:00,20.128450195826765,in
2025-01-01T19:46:00,19.748000633035637,in
2025-01-01T19:47:00,19.761113743943714,in
2025-01-01T19:48:00,19.66023927879717,in
2025-01-01T19:49:00,20.120200973300097,in
2025-01-01T19:50:00,20.102953597504598,in
2025-01-01T19:51:00,20.136066063603447,in
2025-01-01T19:52:00,19.89961407060588,in
2025-01-01T19:53:00,19.916400669696376,in
2025-01-01T19:54:00,19.98252820364954,in
2025-01-01T19:55:00,20.21703084128233,in
2025-01-01T19:56:00,20.254378828830525,in
2025-01-01T19:57:00,20.11924261832819,in
2025-01-01T19:58:00,20.049729112592182,in
2025-01-01T19:59:00,20.200326443213548,in
2025-01-01T20:00:00,19.961623631427567,in
2025-01-01T20:01:00,19.941377808986186,in
2025-01-01T20:02:00,19.980722835779584,in
2025-01-01T20:03:00,19.85336418943905,in
2025-01-01T20:04:00,19.974053205031474,in
2025-01-01T20:05:00,19.83286473927259,in
2025-01-01T20:06:00,20.154436522883824,in
2025-01-01T20:07:00,20.082485926981526,in
2025-01-01T20:08:00,20.215652705593985,in
2025-01-01T20:09:00,19.757149507081426,in
2025-01-01T20:10:00,20.287158098874595,in
2025-01-01T20:11:00,19.766431914961082,in
2025-01-01T20:12:00,19.822994719228372,in
2025-01-01T20:13:00,19.91009342685584,in
2025-01-01T20:14:00,20.199888506951744,in
2025-01-01T20:15:00,20.03811817810708,in
2025-01-01T20:16:00,19.96829751190212,in
2025-01-01T20:17:00,19.886605514604256,in
2025-01-01T20:18:00,19.79977505993464,in
2025-01-01T20:19:00,20.176763093558428,in
2025-01-01T20:20:00,20.127406492973805,in
2025-01-01T20:21:00,20.211257701414528,in
2025-01-01T20:22:00,20.068730322312813,in
2025-01-01T20:23:00,19.613747594714845,in
2025-01-01T20:24:00,19.824268769361236,in
2025-01-01T20:25:00,20.081618019432366,in
2025-01-01T20:26:00,19.95739873486142,in
2025-01-01T20:27:00,19.930036791050927,in
2025-01-01T20:28:00,19.849423681983925,in
2025-01-01T20:29:00,20.158128535752752,in
2025-01-01T20:30:00,20.085539172864525,in
2025-01-01T20:31:00,20.093446888662452,in
2025-01-01T20:32:00,19.9244235251991,in
2025-01-01T20:33:00,20.047140390195633,in
2025-01-01T20:34:00,19.821303534346693,in
2025-01-01T20:35:00,20.00380278193755,in
2025-01-01T20:36:00,19.645433882020757,in
2025-01-01T20:37:00,19.790789846009353,in
2025-01-01T20:38:00,19.979082020287734,in
2025-01-01T20:39:00,20.385155603825083,in
2025-01-01T20:40:00,19.76027303296185,in
2025-01-01T20:41:00,19.84538151582644,in
2025-01-01T20:42:00,20.06600640437601,in
2025-01-01T20:43:00,20.30051264045117,in
2025-01-01T20:44:00,20.067071507652884,in
2025-01-01T20:45:00,20.14375071703916,in
2025-01-01T20:46:00,19.989510028156868,in
2025-01-01T20:47:00,19.965315816689927,in
2025-01-01T20:48:00,20.056032451342553,in
2025-01-01T20:49:00,19.94679437848073,in
2025-01-01T20:50:00,20.156048386567797,in
2025-01-01T20:51:00,19.808374574141137,in
2025-01-01T20:52:00,20.184757925314553,in
2025-01-01T20:53:00,20.059138434924513,in
2025-01-01T20:54:00,20.023052028914517,in
2025-01-01T20:55:00,19.810868176345515,in
2025-01-01T20:56:00,19.912440246648327,in
2025-01-01T20:57:00,20.241335901556468,in
2025-01-01T20:58:00,20.03241486953878,in
2025-01-01T20:59:00,20.107667892053037,in
2025-01-01T21:00:00,19.936218545424563,in
2025-01-01T21:01:00,20.06606715690856,in
2025-01-01T21:02:00,19.866916286364756,in
2025-01-01T21:03:00,20.09007186523589,in
2025-01-01T21:04:00,20.133072742713892,in
2025-01-01T21:05:00,20.127992500305893,in
2025-01-01T21:06:00,19.94682280569009,in
2025-01-01T21:07:00,20.033549630775294,in
2025-01-01T21:08:00,20.167969609971173,in
2025-01-01T21:09:00,20.058244471793913,in
2025-01-01T21:10:00,20.04947029115253,in
2025-01-01T21:11:00,20.380728542007276,in
2025-01-01T21:12:00,19.955238599579776,in
2025-01-01T21:13:00,20.262664517809593,in
2025-01-01T21:14:00,19.930150590061864,in
2025-01-01T21:15:00,20.2043569038755,in
2025-01-01T21:16:00,20.215185732519963,in
2025-01-01T21:17:00,20.035267185955874,in
2025-01-01T21:18:00,19.932095489886326,in
2025-01-01T21:19:00,19.822082988916744,in
2025-01-01T21:20:00,20.028347732089383,in
2025-01-01T21:21:00,20.20255012534788,in
2025-01-01T21:22:00,19.965011397938266,in
2025-01-01T21:23:00,20.144271867766538,in
2025-01-01T21:24:00,19.91137467731897,in
2025-01-01T21:25:00,20.100901032618808,in
2025-01-01T21:26:00,19.96710827840614,in
2025-01-01T21:27:00,20.130683818971985,in
2025-01-01T21:28:00,20.070470370425294,in
2025-01-01T21:29:00,19.970364071529225,in
2025-01-01T21:30:00,20.053409913294086,in
2025-01-01T21:31:00,20.015474527322795,in
2025-01-01T21:32:00,19.961901588059508,in
2025-01-01T21:33:00,20.324829453495617,in
2025-01-01T21:34:00,20.111853621562116,in
2025-01-01T21:35:00,19.839043224400054,in
2025-01-01T21:36:00,20.079416963575596,in
2025-01-01T21:37:00,20.313682669918563,in
2025-01-01T21:38:00,20.065873663258305,in
2025-01-01T21:39:00,20.408375234069883,in
2025-01-01T21:40:00,20.05888511768246,in
2025-01-01T21:41:00,20.266600917463734,in
2025-01-01T21:42:00,20.350325218988928,in
2025-01-01T21:43:00,20.26613261720154,in
2025-01-01T21:44:00,19.99623781120551,in
2025-01-01T21:45:00,20.06488423039639,in
2025-01-01T21:46:00,20.385641925353937,in
2025-01-01T21:47:00,20.093350394727928,in
2025-01-01T21:48:00,20.364338428708596,in
2025-01-01T21:49:00,20.157423008756286,in
2025-01-01T21:50:00,20.24719393152643,in
2025-01-01T21:51:00,20.022108633520777,in
2025-01-01T21:52:00,20.14286467807527,in
2025-01-01T21:53:00,20.10692256652327,in
2025-01-01T21:54:00,20.276205722259796,in
2025-01-01T21:55:00,20.260526125542366,in
2025-01-01T21:56:00,20.32015807015805,in
2025-01-01T21:57:00,20.181429610390506,in
2025-01-01T21:58:00,20.119754097426014,in
2025-01-01T21:59:00,20.291011733853363,in
2025-01-01T22:00:00,20.113510856980067,in
2025-01-01T22:01:00,20.434092368554598,in
2025-01-01T22:02:00,20.25956332112858,in
2025-01-01T22:03:00,20.23226691054135,in
2025-01-01T22:04:00,20.354991742008306,in
2025-01-01T22:05:00,20.27872158373935,in
2025-01-01T22:06:00,20.046011913766534,in
2025-01-01T22:07:00,20.14008106510046,in
2025-01-01T22:08:00,20.462560113266843,in
2025-01-01T22:09:00,20.321127008768737,in
2025-01-01T22:10:00,20.06098193801971,in
2025-01-01T22:11:00,20.37073878407849,in
2025-01-01T22:12:00,20.23877004112869,in
2025-01-01T22:13:00,20.196252695428164,in
2025-01-01T22:14:00,20.160497447020585,in
2025-01-01T22:15:00,20.487050196092714,in
2025-01-01T22:16:00,20.047100099089114,in
2025-01-01T22:17:00,20.2211906905797,in
2025-01-01T22:18:00,20.369766637642655,in
2025-01-01T22:19:00,20.593460584451197,in
2025-01-01T22:20:00,20.444774640874567,in
2025-01-01T22:21:00,20.23981319734672,in
2025-01-01T22:22:00,20.601171981403386,in
2025-01-01T22:23:00,20.173583526114232,in
2025-01-01T22:24:00,20.421766436053378,in
2025-01-01T22:25:00,20.460278488327866,in
2025-01-01T22:26:00,20.260118941285498,in
2025-01-01T22:27:00,20.502131332401117,in
2025-01-01T22:28:00,20.32564546056427,in
2025-01-01T22:29:00,20.51226735905845,in
2025-01-01T22:30:00,20.137353995529597,in
2025-01-01T22:31:00,20.468867266046644,in
2025-01-01T22:32:00,20.362162491882515,in
2025-01-01T22:33:00,20.601821705683683,in
2025-01-01T22:34:00,20.428186576829532,in
2025-01-01T22:35:00,20.627615463872253,in
2025-01-01T22:36:00,20.52184999184102,in
2025-01-01T22:37:00,20.432088442978404,in
2025-01-01T22:38:00,20.574901229666704,in
2025-01-01T22:39:00,20.58142510553215,in
2025-01-01T22:40:00,20.538697614435723,in
2025-01-01T22:41:00,20.129689854241164,in
2025-01-01T22:42:00,20.33180399518528,in
2025-01-01T22:43:00,20.69248590820779,in
2025-01-01T22:44:00,20.302188961239164,in
2025-01-01T22:45:00,20.628689557551915,in
2025-01-01T22:46:00,20.608056456938947,in
2025-01-01T22:47:00,20.399022395639296,in
2025-01-01T22:48:00,20.214425604977702,in
2025-01-01T22:49:00,20.434226855334146,in
2025-01-01T22:50:00,20.837147582924704,in
2025-01-01T22:51:00,20.401863387297226,in
2025-01-01T22:52:00,20.41815399507177,in
2025-01-01T22:53:00,20.393620698688725,in
2025-01-01T22:54:00,20.73146892945785,in
2025-01-01T22:55:00,20.518834719136724,in
2025-01-01T22:56:00,20.467434464980325,in
2025-01-01T22:57:00,20.779417215729996,in
2025-01-01T22:58:00,20.660423214881966,in
2025-01-01T22:59:00,20.441735712496893,in
2025-01-01T23:00:00,20.402248850967638,in
2025-01-01T23:01:00,20.76569604582006,in
2025-01-01T23:02:00,20.600699695961556,in
2025-01-01T23:03:00,20.372059477338222,in
2025-01-01T23:04:00,20.343215906047973,in
2025-01-01T23:05:00,20.449568081155498,in
2025-01-01T23:06:00,20.437368160397035,in
2025-01-01T23:07:00,20.322722473712066,in
2025-01-01T23:08:00,20.47107723187773,in
2025-01-01T23:09:00,20.50453642468754,in
2025-01-01T23:10:00,20.579417391510994,in
2025-01-01T23:11:00,20.90920289189982,in
2025-01-01T23:12:00,20.621712296467543,in
2025-01-01T23:13:00,20.6431004423367,in
2025-01-01T23:14:00,20.751148208138368,in
2025-01-01T23:15:00,20.645710659139876,in
2025-01-01T23:16:00,20.747904886601994,in
2025-01-01T23:17:00,20.736572726617315,in
2025-01-01T23:18:00,20.71949218817952,in
2025-01-01T23:19:00,21.122721953376917,in
2025-01-01T23:20:00,20.851093657233573,in
2025-01-01T23:21:00,20.558863698332818,in
2025-01-01T23:22:00,20.783376887372846,in
2025-01-01T23:23:00,20.61582882187601,in
2025-01-01T23:24:00,20.808296832509303,in
2025-01-01T23:25:00,20.54187494306564,in
2025-01-01T23:26:00,20.588803809512164,in
2025-01-01T23:27:00,20.81339823575385,in
2025-01-01T23:28:00,20.918327416388387,in
2025-01-01T23:29:00,20.850962092244053,in
2025-01-01T23:30:00,20.91059474216284,in
2025-01-01T23:31:00,20.845484807728788,in
2025-01-01T23:32:00,20.822244368550756,in
2025-01-01T23:33:00,20.727796807719916,in
2025-01-01T23:34:00,20.932304697804835,in
2025-01-01T23:35:00,20.97111258819683,in
2025-01-01T23:36:00,20.814962141715586,in
2025-01-01T23:37:00,20.81396176245833,in
2025-01-01T23:38:00,21.077304960336456,in
2025-01-01T23:39:00,20.8426463529531,in
2025-01-01T23:40:00,20.8642000078528,in
2025-01-01T23:41:00,20.932640360970325,in
2025-01-01T23:42:00,20.85251658775721,in
2025-01-01T23:43:00,20.751339096198397,in
2025-01-01T23:44:00,20.938309029387035,in
2025-01-01T23:45:00,20.88304628245745,in
2025-01-01T23:46:00,21.172463492847058,in
2025-01-01T23:47:00,21.02168082350403,in
2025-01-01T23:48:00,20.821399587003494,in
2025-01-01T23:49:00,21.02741009014257,in
2025-01-01T23:50:00,20.971580658515997,in
2025-01-01T23:51:00,21.129184913460602,in
2025-01-01T23:52:00,20.861493339609233,in
2025-01-01T23:53:00,20.97587357495019,in
2025-01-01T23:54:00,20.94013882320423,in
2025-01-01T23:55:00,20.9712253971377,in
2025-01-01T23:56:00,20.8371440078293,in
2025-01-01T23:57:00,21.06380057803287,in
2025-01-01T23:58:00,21.047617915456016,in
2025-01-01T23:59:00,21.185235588447217,in
2025-01-02T00:00:00,20.99849612220198,in
2025-01-02T00:01:00,20.94579106641236,in
2025-01-02T00:02:00,21.133547036484668,in
2025-01-02T00:03:00,20.903626859766135,in
2025-01-02T00:04:00,21.193128439769918,in
2025-01-02T00:05:00,21.200448761773277,in
2025-01-02T00:06:00,21.234274314650943,in
2025-01-02T00:07:00,21.109854113332236,in
2025-01-02T00:08:00,20.98808241703855,in
2025-01-02T00:09:00,21.085149118295583,in
2025-01-02T00:10:00,21.133513107791813,in
2025-01-02T00:11:00,21.000230922987903,in
2025-01-02T00:12:00,21.291986443859688,in
2025-01-02T00:13:00,21.18681574306041,in
2025-01-02T00:14:00,20.973770930482083,in
2025-01-02T00:15:00,21.397853671031864,in
2025-01-02T00:16:00,21.137866097697373,in
2025-01-02T00:17:00,20.966994028763665,in
2025-01-02T00:18:00,21.01443968797132,in
2025-01-02T00:19:00,21.370030059771885,in
2025-01-02T00:20:00,21.428511213951122,in
2025-01-02T00:21:00,21.314103282947283,in
2025-01-02T00:22:00,21.368509811975592,in
2025-01-02T00:23:00,21.361054613592835,in
2025-01-02T00:24:00,21.27006413676301,in
2025-01-02T00:25:00,21.243862888454164,in
2025-01-02T00:26:00,21.283481341321,in
2025-01-02T00:27:00,21.320914603702956,in
2025-01-02T00:28:00,21.107298042042494,in
2025-01-02T00:29:00,21.336371886123175,in
2025-01-02T00:30:00,21.453425662364374,in
2025-01-02T00:31:00,21.21174690104578,in
2025-01-02T00:32:00,21.203799645369905,in
2025-01-02T00:33:00,21.330367071366126,in
2025-01-02T00:34:00,21.169548913990184,in
2025-01-02T00:35:00,21.07760113093847,in
2025-01-02T00:36:00,21.455421956925175,in
2025-01-02T00:37:00,21.223775235001053,in
2025-01-02T00:38:00,21.302352524289095,in
2025-01-02T00:39:00,21.216247129693805,in
2025-01-02T00:40:00,21.50747293558561,in
2025-01-02T00:41:00,21.452142987735947,in
2025-01-02T00:42:00,21.2962753503594,in
2025-01-02T00:43:00,21.16363410476001,in
2025-01-02T00:44:00,21.296824220356957,in
2025-01-02T00:45:00,21.442643974386133,in
2025-01-02T00:46:00,21.393686042801782,in
2025-01-02T00:47:00,21.390037093700297,in
2025-01-02T00:48:00,21.413720825170575,in
2025-01-02T00:49:00,21.504090836668702,in
2025-01-02T00:50:00,21.392309520381698,in
2025-01-02T00:51:00,21.474418867617786,in
2025-01-02T00:52:00,21.26721870939276,in
2025-01-02T00:53:00,21.80668508027812,in
2025-01-02T00:54:00,21.389390412694716,in
2025-01-02T00:55:00,21.47088092312061,in
2025-01-02T00:56:00,21.53369511708393,in
2025-01-02T00:57:00,21.39550052340977,in
2025-01-02T00:58:00,21.466696966980905,in
2025-01-02T00:59:00,21.473288862282566,in
2025-01-02T01:00:00,21.345256195908952,in
2025-01-02T01:01:00,21.55658451741989,in
2025-01-02T01:02:00,21.251856716152307,in
2025-01-02T01:03:00,21.770599680304503,in
2025-01-02T01:04:00,21.63510184154742,in
2025-01-02T01:05:00,21.620496568995662,in
2025-01-02T01:06:00,21.2726129554232,in
2025-01-02T01:07:00,21.422719917161217,in
2025-01-02T01:08:00,21.758499659433028,in
2025-01-02T01:09:00,22.18129133951294,in
2025-01-02T01:10:00,21.74632464188235,in
2025-01-02T01:11:00,21.73118616722475,in
2025-01-02T01:12:00,21.662922752581608,in
2025-01-02T01:13:00,21.46559191836312,in
2025-01-02T01:14:00,21.750540243645656,in
2025-01-02T01:15:00,21.444638255403206,in
2025-01-02T01:16:00,21.43679423447593,in
2025-01-02T01:17:00,21.43592252916676,in
2025-01-02T01:18:00,21.781887345990942,in
2025-01-02T01:19:00,21.63550080081319,in
2025-01-02T01:20:00,21.667832359651797,in
2025-01-02T01:21:00,21.658990401744347,in
2025-01-02T01:22:00,21.501047307098908,in
2025-01-02T01:23:00,21.577905232889737,in
2025-01-02T01:24:00,21.59406713898152,in
2025-01-02T01:25:00,21.484962510536363,in
2025-01-02T01:26:00,21.628749663445724,in
2025-01-02T01:27:00,21.550818787558207,in
2025-01-02T01:28:00,21.808305142409917,in
2025-01-02T01:29:00,21.829443799047578,in
2025-01-02T01:30:00,21.544901747163916,in
2025-01-02T01:31:00,21.70310729709114,in
2025-01-02T01:32:00,22.03467029538721,in
2025-01-02T01:33:00,21.61781077043258,in
2025-01-02T01:34:00,21.837589245133447,in
2025-01-02T01:35:00,21.7980945403965,in
2025-01-02T01:36:00,21.954876207140828,in
2025-01-02T01:37:00,21.843943902979458,in
2025-01-02T01:38:00,21.743614173270988,in
2025-01-02T01:39:00,21.827011380894128,in
2025-01-02T01:40:00,21.837894006097745,in
2025-01-02T01:41:00,21.820629307633165,in
2025-01-02T01:42:00,21.645215090245706,in
2025-01-02T01:43:00,22.038246310748885,in
2025-01-02T01:44:00,22.0204520906914,in
2025-01-02T01:45:00,21.712565387509237,in
2025-01-02T01:46:00,21.832794076102722,in
2025-01-02T01:47:00,21.85285157447011,in
2025-01-02T01:48:00,21.721850267439176,in
2025-01-02T01:49:00,21.62402430279297,in
2025-01-02T01:50:00,21.81217232748248,in
2025-01-02T01:51:00,21.868020017444184,in
2025-01-02T01:52:00,21.71401600659039,in
2025-01-02T01:53:00,21.965469638193177,in
2025-01-02T01:54:00,22.122074548881702,in
2025-01-02T01:55:00,22.082687651855665,in
2025-01-02T01:56:00,21.946092339151622,in
2025-01-02T01:57:00,21.697759054379134,in
2025-01-02T01:58:00,22.08990228010211,in
2025-01-02T01:59:00,22.01323220679019,in
2025-01-02T02:00:00,22.0636526663827,in
2025-01-02T02:01:00,22.29914203861487,in
2025-01-02T02:02:00,21.89373132656715,in
2025-01-02T02:03:00,21.594956801174384,in
2025-01-02T02:04:00,21.876886626203103,in
2025-01-02T02:05:00,22.116536530309293,in
2025-01-02T02:06:00,22.05639278187795,in
2025-01-02T02:07:00,21.878731606979844,in
2025-01-02T02:08:00,21.856841385928536,in
2025-01-02T02:09:00,22.025328279145526,in
2025-01-02T02:10:00,21.9003245742484,in
2025-01-02T02:11:00,22.174051269780865,in
2025-01-02T02:12:00,22.042957879191945,in
2025-01-02T02:13:00,22.019317892476998,in
2025-01-02T02:14:00,22.008355618631263,in
2025-01-02T02:15:00,22.170274667447377,in
2025-01-02T02:16:00,22.145904331052254,in
2025-01-02T02:17:00,22.178510570870188,in
2025-01-02T02:18:00,22.18393760802656,in
2025-01-02T02:19:00,22.154787084534902,in
2025-01-02T02:20:00,22.019341897976602,in
2025-01-02T02:21:00,22.073446218317116,in
2025-01-02T02:22:00,22.13249026926961,in
2025-01-02T02:23:00,22.5101554089374,in
2025-01-02T02:24:00,22.006731478472787,in
2025-01-02T02:25:00,22.154887274206395,in
2025-01-02T02:26:00,22.24114648655239,in
2025-01-02T02:27:00,22.189574881924802,in
2025-01-02T02:28:00,22.404834118025953,in
2025-01-02T02:29:00,22.20612324869623,in
2025-01-02T02:30:00,22.225871174567512,in
2025-01-02T02:31:00,22.391896137589892,in
2025-01-02T02:32:00,22.549952951357884,in
2025-01-02T02:33:00,22.498110000074607,in
2025-01-02T02:34:00,22.27512073964285,in
2025-01-02T02:35:00,22.296819640619972,in
2025-01-02T02:36:00,22.319876816798093,in
2025-01-02T02:37:00,22.34353504247704,in
2025-01-02T02:38:00,22.202992994569186,in
2025-01-02T02:39:00,22.479188077526366,in
2025-01-02T02:40:00,22.378287724492278,in
2025-01-02T02:41:00,22.349158662625385,in
2025-01-02T02:42:00,22.173799244500437,in
2025-01-02T02:43:00,22.382391003291062,in
2025-01-02T02:44:00,22.097636145269966,in
2025-01-02T02:45:00,22.30293324242742,in
2025-01-02T02:46:00,22.314271212862515,in
2025-01-02T02:47:00,22.450332781243496,in
2025-01-02T02:48:00,22.697800885377312,in
2025-01-02T02:49:00,22.510141464162707,in
2025-01-02T02:50:00,22.650139538771548,in
2025-01-02T02:51:00,22.538176696008538,in
2025-01-02T02:52:00,22.618660132140874,in
2025-01-02T02:53:00,22.73696988478629,in
2025-01-02T02:54:00,22.35711520286647,in
2025-01-02T02:55:00,22.35580611953262,in
2025-01-02T02:56:00,22.584165426270932,in
2025-01-02T02:57:00,22.49175481794865,in
2025-01-02T02:58:00,22.533813083029926,in
2025-01-02T02:59:00,22.47190386259495,in
2025-01-02T03:00:00,22.42819928265133,in
2025-01-02T03:01:00,22.769177129232204,in
2025-01-02T03:02:00,22.36949758508353,in
2025-01-02T03:03:00,22.645839738616377,in
2025-01-02T03:04:00,22.629908954493565,in
2025-01-02T03:05:00,22.32280603342645,in
2025-01-02T03:06:00,22.443413639908805,in
2025-01-02T03:07:00,22.476988952125698,in
2025-01-02T03:08:00,22.66943102644296,in
2025-01-02T03:09:00,22.53802788406156,in
2025-01-02T03:10:00,22.588573128016925,in
2025-01-02T03:11:00,22.391081494508313,in
2025-01-02T03:12:00,22.96692074625719,in
2025-01-02T03:13:00,22.63700695577842,in
2025-01-02T03:14:00,22.709459447404726,in
2025-01-02T03:15:00,22.56178510732154,in
2025-01-02T03:16:00,22.553242209854137,in
2025-01-02T03:17:00,22.946283988768602,in
2025-01-02T03:18:00,22.38010547741655,in
2025-01-02T03:19:00,22.71763049627127,in
2025-01-02T03:20:00,22.50231470298515,in
2025-01-02T03:21:00,22.631483940995434,in
2025-01-02T03:22:00,22.60470059236783,in
2025-01-02T03:23:00,22.560685423482543,in
2025-01-02T03:24:00,22.72205215854655,in
2025-01-02T03:25:00,22.339671704471492,in
2025-01-02T03:26:00,22.68567918116079,in
2025-01-02T03:27:00,22.727571378717176,in
2025-01-02T03:28:00,22.545321704870922,in
2025-01-02T03:29:00,22.984280042922272,in
2025-01-02T03:30:00,22.676198108510583,in
2025-01-02T03:31:00,22.737799286903915,in
2025-01-02T03:32:00,22.692629382391342,in
2025-01-02T03:33:00,22.777252794703944,in
2025-01-02T03:34:00,22.9937197518764,in
2025-01-02T03:35:00,23.176445750305998,in
2025-01-02T03:36:00,22.925319166706696,in
2025-01-02T03:37:00,22.984636770272722,in
2025-01-02T03:38:00,23.08685060753404,in
2025-01-02T03:39:00,22.874650136589825,in
2025-01-02T03:40:00,23.080774154523176,in
2025-01-02T03:41:00,22.97199764966148,in
2025-01-02T03:42:00,22.882620297513327,in
2025-01-02T03:43:00,22.921441669976552,in
2025-01-02T03:44:00,22.60352974907298,in
2025-01-02T03:45:00,22.928395269504925,in
2025-01-02T03:46:00,22.660833498152673,in
2025-01-02T03:47:00,22.656406509333202,in
2025-01-02T03:48:00,22.93691280283288,in
2025-01-02T03:49:00,22.748636040953905,in
2025-01-02T03:50:00,22.922430163774557,in
2025-01-02T03:51:00,22.951994218552702,in
2025-01-02T03:52:00,22.966400565694354,in
2025-01-02T03:53:00,22.81102112331337,in
2025-01-02T03:54:00,23.089119877891395,in
2025-01-02T03:55:00,22.94859225236886,in
2025-01-02T03:56:00,23.035780592518346,in
2025-01-02T03:57:00,22.797776540901857,in
2025-01-02T03:58:00,22.958097986687534,in
2025-01-02T03:59:00,23.15702717984093,in
2025-01-02T04:00:00,23.145526644771305,in
2025-01-02T04:01:00,22.887954051652393,in
2025-01-02T04:02:00,22.93324299733518,in
2025-01-02T04:03:00,22.87428316264453,in
2025-01-02T04:04:00,22.931614212080977,in
2025-01-02T04:05:00,22.827686385215063,in
2025-01-02T04:06:00,23.024270748570625,in
2025-01-02T04:07:00,23.147398607031167,in
2025-01-02T04:08:00,22.942080598896247,in
2025-01-02T04:09:00,23.053638089432045,in
2025-01-02T04:10:00,23.041524455548945,in
2025-01-02T04:11:00,23.24021675247572,in
2025-01-02T04:12:00,22.99753929450939,in
2025-01-02T04:13:00,23.010304042892198,in
2025-01-02T04:14:00,22.97697080138026,in
2025-01-02T04:15:00,22.94051403802743,in
2025-01-02T04:16:00,23.19776355565854,in
2025-01-02T04:17:00,23.105343235940566,in
2025-01-02T04:18:00,23.14103395282316,in
2025-01-02T04:19:00,23.331189698621912,in
2025-01-02T04:20:00,23.346964981591274,in
2025-01-02T04:21:00,22.907355233899246,in
2025-01-02T04:22:00,23.258581112386214,in
2025-01-02T04:23:00,23.202346370131547,in
2025-01-02T04:24:00,23.106331854713055,in
2025-01-02T04:25:00,23.231771849781357,in
2025-01-02T04:26:00,22.93068808821956,in
2025-01-02T04:27:00,23.41604555255778,in
2025-01-02T04:28:00,23.280871660864882,in
2025-01-02T04:29:00,23.080808314360887,in
2025-01-02T04:30:00,23.129711324744513,in
2025-01-02T04:31:00,22.96896258873678,in
2025-01-02T04:32:00,23.184229363175877,in
2025-01-02T04:33:00,23.16577810203358,in
2025-01-02T04:34:00,23.046262715206677,in
2025-01-02T04:35:00,23.368352279424585,in
2025-01-02T04:36:00,23.45016036055385,in
2025-01-02T04:37:00,23.26130658361836,in
2025-01-02T04:38:00,23.22630940812857,in
2025-01-02T04:39:00,23.344125694280937,in
2025-01-02T04:40:00,23.282629374998823,in
2025-01-02T04:41:00,23.12992107685125,in
2025-01-02T04:42:00,23.20099439867228,in
2025-01-02T04:43:00,23.261054103913242,in
2025-01-02T04:44:00,23.34934604715252,in
2025-01-02T04:45:00,23.320092137881606,in
2025-01-02T04:46:00,23.35679550342954,in
2025-01-02T04:47:00,23.10303913450908,in
2025-01-02T04:48:00,23.438043874330454,in
2025-01-02T04:49:00,23.345245997470613,in
2025-01-02T04:50:00,23.73408677335384,in
2025-01-02T04:51:00,23.29945633553942,in
2025-01-02T04:52:00,23.4125154943914,in
2025-01-02T04:53:00,23.794748854983993,in
2025-01-02T04:54:00,23.405822895812985,in
2025-01-02T04:55:00,23.372881530673133,in
2025-01-02T04:56:00,23.2412784567054,in
2025-01-02T04:57:00,23.62482087476471,in
2025-01-02T04:58:00,23.227953290673216,in
2025-01-02T04:59:00,23.472097586439155,in
2025-01-02T05:00:00,23.343180264176837,in
2025-01-02T05:01:00,23.391970311859865,in
2025-01-02T05:02:00,23.212911058016854,in
2025-01-02T05:03:00,23.63407297010939,in
2025-01-02T05:04:00,23.39701000478956,in
2025-01-02T05:05:00,23.262464475285558,in
2025-01-02T05:06:00,23.63865233158059,in
2025-01-02T05:07:00,23.381121417809204,in
2025-01-02T05:08:00,23.51289849699795,in
2025-01-02T05:09:00,23.594857476191525,in
2025-01-02T05:10:00,23.545659823206396,in
2025-01-02T05:11:00,23.15094092239881,in
2025-01-02T05:12:00,23.590593156101455,in
2025-01-02T05:13:00,23.47702268572363,in
2025-01-02T05:14:00,23.448557137057506,in
2025-01-02T05:15:00,23.487318372611668,in
2025-01-02T05:16:00,23.26791424135438,in
2025-01-02T05:17:00,23.54395560596737,in
2025-01-02T05:18:00,23.316153225143665,in
2025-01-02T05:19:00,23.483588983131565,in
2025-01-02T05:20:00,23.555528550968685,in
2025-01-02T05:21:00,23.69878922734506,in
2025-01-02T05:22:00,23.420307192796482,in
2025-01-02T05:23:00,23.76652339394127,in
2025-01-02T05:24:00,23.696319910941213,in
2025-01-02T05:25:00,23.495357504812183,in
2025-01-02T05:26:00,23.398903923744438,in
2025-01-02T05:27:00,23.354061434426928,in
2025-01-02T05:28:00,23.616784584943414,in
2025-01-02T05:29:00,23.470786525056567,in
2025-01-02T05:30:00,23.76661020137473,in
2025-01-02T05:31:00,23.490075430595002,in
2025-01-02T05:32:00,23.46217037308679,in
2025-01-02T05:33:00,23.637551578068766,in
2025-01-02T05:34:00,23.50480669266052,in
2025-01-02T05:35:00,23.614171707540287,in
2025-01-02T05:36:00,23.765932388258673,in
2025-01-02T05:37:00,23.640732363680332,in
2025-01-02T05:38:00,23.646375705818045,in
2025-01-02T05:39:00,23.664055116659622,in
2025-01-02T05:40:00,23.384339240035175,in
2025-01-02T05:41:00,23.702069538373898,in
2025-01-02T05:42:00,23.672242113752915,in
2025-01-02T05:43:00,23.78711409730189,in
2025-01-02T05:44:00,23.74894676528065,in
2025-01-02T05:45:00,23.63264692986426,in
2025-01-02T05:46:00,23.82263057786094,in
2025-01-02T05:47:00,23.62867770705361,in
2025-01-02T05:48:00,23.714414701502506,in
2025-01-02T05:49:00,23.63540561135688,in
2025-01-02T05:50:00,23.756046562364254,in
2025-01-02T05:51:00,23.63498217601228,in
2025-01-02T05:52:00,23.943228933654087,in
2025-01-02T05:53:00,24.003308860574972,in
2025-01-02T05:54:00,23.836371066836087,in
2025-01-02T05:55:00,23.941018238757998,in
2025-01-02T05:56:00,23.483452429275367,in
2025-01-02T05:57:00,23.505606161511658,in
2025-01-02T05:58:00,23.67502423588837,in
2025-01-02T05:59:00,23.733855655197623,in
2025-01-02T06:00:00,23.702319694853927,in
2025-01-02T06:01:00,23.490077341533343,in
2025-01-02T06:02:00,23.913450147828346,in
2025-01-02T06:03:00,24.068121749149135,in
2025-01-02T06:04:00,23.941387566154685,in
2025-01-02T06:05:00,23.916282001732984,in
2025-01-02T06:06:00,23.79155216609577,in
2025-01-02T06:07:00,23.6353318708017,in
2025-01-02T06:08:00,23.77677439361325,in
2025-01-02T06:09:00,24.08581348045231,in
2025-01-02T06:10:00,23.721223449480384,in
2025-01-02T06:11:00,23.70979069579788,in
2025-01-02T06:12:00,23.948108597242324,in
2025-01-02T06:13:00,23.962010794434114,in
2025-01-02T06:14:00,23.662683452337827,in
2025-01-02T06:15:00,23.75452279107976,in
2025-01-02T06:16:00,23.722302268213117,in
2025-01-02T06:17:00,23.811849885504337,in
2025-01-02T06:18:00,23.970723569342447,in
2025-01-02T06:19:00,23.688306162739522,in
2025-01-02T06:20:00,23.97606529590884,in
2025-01-02T06:21:00,23.83153403498836,in
2025-01-02T06:22:00,24.16885136220023,in
2025-01-02T06:23:00,23.871348719809806,in
2025-01-02T06:24:00,23.81255312984081,in
2025-01-02T06:25:00,23.916830167306294,in
2025-01-02T06:26:00,23.783548213087165,in
2025-01-02T06:27:00,23.568291451795023,in
2025-01-02T06:28:00,23.804931530764215,in
2025-01-02T06:29:00,23.805957901980516,in
2025-01-02T06:30:00,23.6089114459401,in
2025-01-02T06:31:00,23.840125729565962,in
2025-01-02T06:32:00,23.544301175442165,in
2025-01-02T06:33:00,23.805466080470524,in
2025-01-02T06:34:00,23.897374534770748,in
2025-01-02T06:35:00,23.878565165136333,in
2025-01-02T06:36:00,23.80550043206138,in
2025-01-02T06:37:00,23.857440859079812,in
2025-01-02T06:38:00,23.75573471287512,in
2025-01-02T06:39:00,23.878005149758348,in
2025-01-02T06:40:00,23.888098202560585,in
2025-01-02T06:41:00,23.747314533827517,in
2025-01-02T06:42:00,23.925437862260722,in
2025-01-02T06:43:00,23.927395939047635,in
2025-01-02T06:44:00,23.866105664161473,in
2025-01-02T06:45:00,24.257017314433234,in
2025-01-02T06:46:00,23.87554195240975,in
2025-01-02T06:47:00,23.8575131155978,in
2025-01-02T06:48:00,23.838754066209148,in
2025-01-02T06:49:00,23.759150715825097,in
2025-01-02T06:50:00,24.010318505472963,in
2025-01-02T06:51:00,23.807102843711455,in
2025-01-02T06:52:00,23.827417289876408,in
2025-01-02T06:53:00,23.834406487678837,in
2025-01-02T06:54:00,23.76989794235911,in
2025-01-02T06:55:00,23.657437208890148,in
2025-01-02T06:56:00,23.85308241180276,in
2025-01-02T06:57:00,24.05591076981414,in
2025-01-02T06:58:00,23.956807877237033,in
2025-01-02T06:59:00,24.163660938185842,in
2025-01-02T07:00:00,24.044495098326514,in
2025-01-02T07:01:00,24.012686599368994,in
2025-01-02T07:02:00,24.218692634154124,in
2025-01-02T07:03:00,23.923889980163025,in
2025-01-02T07:04:00,23.950052803577734,in
2025-01-02T07:05:00,23.940964476377502,in
2025-01-02T07:06:00,24.176307850472885,in
2025-01-02T07:07:00,23.94713581438976,in
2025-01-02T07:08:00,23.851498523458904,in
2025-01-02T07:09:00,24.038835971711453,in
2025-01-02T07:10:00,23.830153042581312,in
2025-01-02T07:11:00,24.034482939817444,in
2025-01-02T07:12:00,24.018371341588885,in
2025-01-02T07:13:00,23.929680544798195,in
2025-01-02T07:14:00,24.044721145054684,in
2025-01-02T07:15:00,23.738402071260207,in
2025-01-02T07:16:00,23.987698685094074,in
2025-01-02T07:17:00,23.89548598775101,in
2025-01-02T07:18:00,24.39584935172059,in
2025-01-02T07:19:00,23.991455155738613,in
2025-01-02T07:20:00,23.8801566985569,in
2025-01-02T07:21:00,23.764366857708193,in
2025-01-02T07:22:00,24.168382132593603,in
2025-01-02T07:23:00,23.9214878251919,in
2025-01-02T07:24:00,23.856673871128965,in
2025-01-02T07:25:00,24.02716790303688,in
2025-01-02T07:26:00,24.075489551434682,in
2025-01-02T07:27:00,24.07439571362077,in
2025-01-02T07:28:00,23.983498700942047,in
2025-01-02T07:29:00,24.00561031530677,in
2025-01-02T07:30:00,24.017695284099727,in
2025-01-02T07:31:00,24.03446933920376,in
2025-01-02T07:32:00,24.048825082667868,in
2025-01-02T07:33:00,24.150304826605684,in
2025-01-02T07:34:00,23.99560594065705,in
2025-01-02T07:35:00,23.865592186570087,in
2025-01-02T07:36:00,23.96740003527094,in
2025-01-02T07:37:00,24.103004159312075,in
2025-01-02T07:38:00,23.722813202976628,in
2025-01-02T07:39:00,23.72449702584353,in
2025-01-02T07:40:00,24.130130814392338,in
2025-01-02T07:41:00,24.221149427523223,in
2025-01-02T07:42:00,23.804054662213336,in
2025-01-02T07:43:00,24.009569260823906,in
2025-01-02T07:44:00,23.935196333582095,in
2025-01-02T07:45:00,23.956593329640963,in
2025-01-02T07:46:00,24.042099248157196,in
2025-01-02T07:47:00,23.802852806763084,in
2025-01-02T07:48:00,23.83117644443529,in
2025-01-02T07:49:00,23.95250909703172,in
2025-01-02T07:50:00,23.97629010347959,in
2025-01-02T07:51:00,23.82956480662882,in
2025-01-02T07:52:00,24.117228805256566,in
2025-01-02T07:53:00,23.93643303570677,in
2025-01-02T07:54:00,23.93604200904109,in
2025-01-02T07:55:00,24.041922872694304,in
2025-01-02T07:56:00,23.980359148902657,in
2025-01-02T07:57:00,24.125450177083888,in
2025-01-02T07:58:00,23.859910465458242,in
2025-01-02T07:59:00,23.790372971881947,in
2025-01-02T08:00:00,23.953531865430207,in
2025-01-02T08:01:00,24.00901638738172,in
2025-01-02T08:02:00,23.813810454513714,in
2025-01-02T08:03:00,23.791665620892974,in
2025-01-02T08:04:00,24.02704005766348,in
2025-01-02T08:05:00,23.885856969062573,in
2025-01-02T08:06:00,23.781437892400074,in
2025-01-02T08:07:00,24.143868375520533,in
2025-01-02T08:08:00,23.904012453099128,in
2025-01-02T08:09:00,24.17092981306125,in
2025-01-02T08:10:00,24.002367061830128,in
2025-01-02T08:11:00,24.041910602278197,in
2025-01-02T08:12:00,23.96553410759462,in
2025-01-02T08:13:00,23.59850900443284,in
2025-01-02T08:14:00,23.82575162318568,in
2025-01-02T08:15:00,23.976861427519395,in
2025-01-02T08:16:00,24.049837471113552,in
2025-01-02T08:17:00,23.726049266840754,in
2025-01-02T08:18:00,23.985794411287188,in
2025-01-02T08:19:00,23.82479139191342,in
2025-01-02T08:20:00,24.02758242094694,in
2025-01-02T08:21:00,23.98869973729435,in
2025-01-02T08:22:00,24.102317637098793,in
2025-01-02T08:23:00,24.149960476029953,in
2025-01-02T08:24:00,24.05789227562765,in
2025-01-02T08:25:00,24.117171714790228,in
2025-01-02T08:26:00,23.934592339964603,in
2025-01-02T08:27:00,24.409604525599924,in
2025-01-02T08:28:00,23.802269438808413,in
2025-01-02T08:29:00,23.90484653267303,in
2025-01-02T08:30:00,24.118093510159657,in
2025-01-02T08:31:00,24.094639990502912,in
2025-01-02T08:32:00,24.053644490354493,in
2025-01-02T08:33:00,24.080600572338305,in
2025-01-02T08:34:00,23.66549815353293,in
2025-01-02T08:35:00,24.215117825116195,in
2025-01-02T08:36:00,23.944793037360284,in
2025-01-02T08:37:00,24.16087686046109,in
2025-01-02T08:38:00,23.66754221622927,in
2025-01-02T08:39:00,24.009597393638334,in
2025-01-02T08:40:00,23.88509016415269,in
2025-01-02T08:41:00,24.05389941802978,in
2025-01-02T08:42:00,24.014070382998238,in
2025-01-02T08:43:00,24.019807965075895,in
2025-01-02T08:44:00,23.804413113660605,in
2025-01-02T08:45:00,23.95302519268367,in
2025-01-02T08:46:00,23.932824352052258,in
2025-01-02T08:47:00,24.032387451225283,in
2025-01-02T08:48:00,24.104689750782633,in
2025-01-02T08:49:00,23.977033601226648,in
2025-01-02T08:50:00,23.761166170981575,in
2025-01-02T08:51:00,23.966821462452042,in
2025-01-02T08:52:00,24.34040156383186,in
2025-01-02T08:53:00,24.193659315969064,in
2025-01-02T08:54:00,23.4985799063817,in
2025-01-02T08:55:00,23.952185612680747,in
2025-01-02T08:56:00,24.080409381340292,in
2025-01-02T08:57:00,23.911112767528312,in
2025-01-02T08:58:00,23.867281642734632,in
2025-01-02T08:59:00,23.89404724556536,in
2025-01-02T09:00:00,24.014680075393333,in
2025-01-02T09:01:00,23.757304151501376,in
2025-01-02T09:02:00,24.10556420415865,in
2025-01-02T09:03:00,23.916511524152586,in
2025-01-02T09:04:00,23.782269750759905,in
2025-01-02T09:05:00,24.088752232981662,in
2025-01-02T09:06:00,23.68586983396964,in
2025-01-02T09:07:00,23.831861207059394,in
2025-01-02T09:08:00,23.826858252133295,in
2025-01-02T09:09:00,24.231631179649792,in
2025-01-02T09:10:00,23.80468078620054,in
2025-01-02T09:11:00,23.581546816211542,in
2025-01-02T09:12:00,23.814840765298435,in
2025-01-02T09:13:00,23.96773080451447,in
2025-01-02T09:14:00,24.01425999239994,in
2025-01-02T09:15:00,24.235341213006627,in
2025-01-02T09:16:00,24.102071786846516,in
2025-01-02T09:17:00,23.91636642987284,in
2025-01-02T09:18:00,23.75157066204814,in
2025-01-02T09:19:00,24.125956145214847,in
2025-01-02T09:20:00,23.824100709022883,in
2025-01-02T09:21:00,23.77765908641278,in
2025-01-02T09:22:00,23.810783308173686,in
2025-01-02T09:23:00,23.682427183537502,in
2025-01-02T09:24:00,23.797407839318755,in
2025-01-02T09:25:00,23.829049489068836,in
2025-01-02T09:26:00,23.970433626835867,in
2025-01-02T09:27:00,23.799405855478696,in
2025-01-02T09:28:00,23.6642488228578,in
2025-01-02T09:29:00,23.610515184746628,in
2025-01-02T09:30:00,23.87919452715104,in
2025-01-02T09:31:00,23.85529582136129,in
2025-01-02T09:32:00,23.757862800222906,in
2025-01-02T09:33:00,23.767463951223984,in
2025-01-02T09:34:00,23.892393188690125,in
2025-01-02T09:35:00,24.039204896292297,in
2025-01-02T09:36:00,23.710069227663602,in
2025-01-02T09:37:00,23.836859512586493,in
2025-01-02T09:38:00,23.963663102353884,in
2025-01-02T09:39:00,23.699869204120574,in
2025-01-02T09:40:00,23.810270756888805,in
2025-01-02T09:41:00,23.803210950445585,in
2025-01-02T09:42:00,23.608476283443196,in
2025-01-02T09:43:00,23.82667129786002,in
2025-01-02T09:44:00,23.802319794389,in
2025-01-02T09:45:00,23.877008120504787,in
2025-01-02T09:46:00,23.611835752004946,in
2025-01-02T09:47:00,23.787453444611458,in
2025-01-02T09:48:00,23.98927315792511,in
2025-01-02T09:49:00,24.089659257758314,in
2025-01-02T09:50:00,23.966041056702185,in
2025-01-02T09:51:00,23.59341454907855,in
2025-01-02T09:52:00,23.8335530880244,in
2025-01-02T09:53:00,23.689309490166604,in
2025-01-02T09:54:00,23.80021931429342,in
2025-01-02T09:55:00,23.63762100554848,in
2025-01-02T09:56:00,23.492218398000944,in
2025-01-02T09:57:00,23.69331442834062,in
2025-01-02T09:58:00,23.8491017963713,in
2025-01-02T09:59:00,23.779597592299357,in
2025-01-02T10:00:00,23.79249298655603,in
2025-01-02T10:01:00,23.760123558855696,in
2025-01-02T10:02:00,23.78393744210991,in
2025-01-02T10:03:00,23.79823958686591,in
2025-01-02T10:04:00,23.67313238706103,in
2025-01-02T10:05:00,23.722257325558836,in
2025-01-02T10:06:00,23.966769084938637,in
2025-01-02T10:07:00,23.722009104341296,in
2025-01-02T10:08:00,23.702480716780943,in
2025-01-02T10:09:00,23.70688831949191,in
2025-01-02T10:10:00,23.654096613878338,in
2025-01-02T10:11:00,23.616774631370664,in
2025-01-02T10:12:00,23.708642914545663,in
2025-01-02T10:13:00,23.596715031401644,in
2025-01-02T10:14:00,23.645944404712754,in
2025-01-02T10:15:00,23.544362018626146,in
2025-01-02T10:16:00,23.67427691579023,in
2025-01-02T10:17:00,23.740808739880784,in
2025-01-02T10:18:00,23.616465148257394,in
2025-01-02T10:19:00,23.34203711035093,in
2025-01-02T10:20:00,23.726859820186306,in
2025-01-02T10:21:00,23.65131068673732,in
2025-01-02T10:22:00,23.47924631921062,in
2025-01-02T10:23:00,23.739138500278518,in
2025-01-02T10:24:00,23.40827020864252,in
2025-01-02T10:25:00,23.769700350833638,in
2025-01-02T10:26:00,23.599108728287355,in
2025-01-02T10:27:00,23.26217786407552,in
2025-01-02T10:28:00,23.62402045818407,in
2025-01-02T10:29:00,23.531075149855607,in
2025-01-02T10:30:00,23.503179286809,in
2025-01-02T10:31:00,23.470720283269255,in
2025-01-02T10:32:00,23.55693913858446,in
2025-01-02T10:33:00,23.49785555958642,in
2025-01-02T10:34:00,23.286712777226573,in
2025-01-02T10:35:00,23.750579149187345,in
2025-01-02T10:36:00,23.51763827451967,in
2025-01-02T10:37:00,23.438995035782632,in
2025-01-02T10:38:00,23.37398561439364,in
2025-01-02T10:39:00,23.653293474264856,in
2025-01-02T10:40:00,23.33732409087348,in
2025-01-02T10:41:00,23.546563034843754,in
2025-01-02T10:42:00,23.433264580919023,in
2025-01-02T10:43:00,23.436317019683752,in
2025-01-02T10:44:00,23.34388523079916,in
2025-01-02T10:45:00,23.410631700079705,in
2025-01-02T10:46:00,23.499233300304034,in
2025-01-02T10:47:00,23.527411584075747,in
2025-01-02T10:48:00,23.36845077876234,in
2025-01-02T10:49:00,23.466796094608053,in
2025-01-02T10:50:00,23.60782283826581,in
2025-01-02T10:51:00,23.21925073532901,in
2025-01-02T10:52:00,23.461767057199562,in
2025-01-02T10:53:00,23.314124347954476,in
2025-01-02T10:54:00,23.292846116207095,in
2025-01-02T10:55:00,23.483879651069227,in
2025-01-02T10:56:00,23.35689188037717,in
2025-01-02T10:57:00,23.250083417914045,in
2025-01-02T10:58:00,23.625143377118864,in
2025-01-02T10:59:00,23.55838417839635,in
2025-01-02T11:00:00,23.12436766891922,in
2025-01-02T11:01:00,23.186865229711625,in
2025-01-02T11:02:00,23.490837089297504,in
2025-01-02T11:03:00,23.35284984472774,in
2025-01-02T11:04:00,23.61440293757124,in
2025-01-02T11:05:00,23.47547657134569,in
2025-01-02T11:06:00,23.421628979965607,in
2025-01-02T11:07:00,23.217086576878902,in
2025-01-02T11:08:00,23.437712764354668,in
2025-01-02T11:09:00,23.166236897853317,in
2025-01-02T11:10:00,23.546967095242834,in
2025-01-02T11:11:00,23.408054403222074,in
2025-01-02T11:12:00,23.21453662620408,in
2025-01-02T11:13:00,23.452464946221514,in
2025-01-02T11:14:00,23.661468829801926,in
2025-01-02T11:15:00,23.28604906522872,in
2025-01-02T11:16:00,23.394680036434707,in
2025-01-02T11:17:00,23.240745106971797,in
2025-01-02T11:18:00,23.31169892930312,in
2025-01-02T11:19:00,23.06616277528121,in
2025-01-02T11:20:00,23.2854957923472,in
2025-01-02T11:21:00,23.285414603435765,in
2025-01-02T11:22:00,23.54200610708224,in
2025-01-02T11:23:00,22.99616019021953,in
2025-01-02T11:24:00,23.216508263233507,in
2025-01-02T11:25:00,23.445064527042774,in
2025-01-02T11:26:00,23.208763548905427,in
2025-01-02T11:27:00,23.212486668671918,in
2025-01-02T11:28:00,23.106334096918992,in
2025-01-02T11:29:00,23.084543753029486,in
2025-01-02T11:30:00,22.943644793142468,in
2025-01-02T11:31:00,23.116205688939168,in
2025-01-02T11:32:00,23.05522678803728,in
2025-01-02T11:33:00,23.21435502618988,in
2025-01-02T11:34:00,23.07149534313912,in
2025-01-02T11:35:00,23.110680648969893,in
2025-01-02T11:36:00,23.107739695626297,in
2025-01-02T11:37:00,23.161274553931314,in
2025-01-02T11:38:00,23.082127572961156,in
2025-01-02T11:39:00,22.995022466583897,in
2025-01-02T11:40:00,23.160017839294266,in
2025-01-02T11:41:00,23.3001160076323,in
2025-01-02T11:42:00,23.15208240321828,in
2025-01-02T11:43:00,23.034136789654344,in
2025-01-02T11:44:00,23.099913846177454,in
2025-01-02T11:45:00,22.803545550485726,in
2025-01-02T11:46:00,23.08296355819329,in
2025-01-02T11:47:00,23.036533303676254,in
2025-01-02T11:48:00,22.949259016329076,in
2025-01-02T11:49:00,22.969134189886194,in
2025-01-02T11:50:00,23.0130640414627,in
2025-01-02T11:51:00,23.216097773232196,in
2025-01-02T11:52:00,23.223647590983425,in
2025-01-02T11:53:00,22.913209073070067,in
2025-01-02T11:54:00,22.96728552344539,in
2025-01-02T11:55:00,22.963658022727756,in
2025-01-02T11:56:00,23.151507977152626,in
2025-01-02T11:57:00,23.044412155048846,in
2025-01-02T11:58:00,23.028995205317567,in
2025-01-02T11:59:00,23.08798734610423,in
2025-01-02T12:00:00,22.910537988738362,in
2025-01-02T12:01:00,23.197015993503527,in
2025-01-02T12:02:00,22.984585421593906,in
2025-01-02T12:03:00,22.848855616065123,in
2025-01-02T12:04:00,22.935173203923,in
2025-01-02T12:05:00,23.146766786469957,in
2025-01-02T12:06:00,22.890546200121648,in
2025-01-02T12:07:00,23.089073004226414,in
2025-01-02T12:08:00,22.845141256656053,in
2025-01-02T12:09:00,22.81637948613363,in
2025-01-02T12:10:00,23.022436838059214,in
2025-01-02T12:11:00,22.784651946137053,in
2025-01-02T12:12:00,23.03136203700335,in
2025-01-02T12:13:00,22.952940781928376,in
2025-01-02T12:14:00,22.76135653604948,in
2025-01-02T12:15:00,22.87386096883885,in
2025-01-02T12:16:00,22.794426149994226,in
2025-01-02T12:17:00,22.92123699830919,in
2025-01-02T12:18:00,23.144191930359906,in
2025-01-02T12:19:00,22.797531789369803,in
2025-01-02T12:20:00,22.925302964560178,in
2025-01-02T12:21:00,22.840985571324985,in
2025-01-02T12:22:00,22.832995140771956,in
2025-01-02T12:23:00,22.796656937117227,in
2025-01-02T12:24:00,22.68486066919887,in
2025-01-02T12:25:00,22.855764372109842,in
2025-01-02T12:26:00,22.754186875362585,in
2025-01-02T12:27:00,22.653767700207727,in
2025-01-02T12:28:00,22.93358824631579,in
2025-01-02T12:29:00,22.788273366678993,in
2025-01-02T12:30:00,22.731152021128697,in
2025-01-02T12:31:00,22.95830572691681,in
2025-01-02T12:32:00,22.47380095650188,in
2025-01-02T12:33:00,22.932037995579037,in
2025-01-02T12:34:00,22.60097426107816,in
2025-01-02T12:35:00,22.75660595747973,in
2025-01-02T12:36:00,22.628526335972495,in
2025-01-02T12:37:00,22.570131919927565,in
2025-01-02T12:38:00,22.897497741414202,in
2025-01-02T12:39:00,22.97066659926428,in
2025-01-02T12:40:00,22.650856439053676,in
2025-01-02T12:41:00,22.7261546413358,in
2025-01-02T12:42:00,22.676162406216918,in
2025-01-02T12:43:00,22.918957316128502,in
2025-01-02T12:44:00,22.334163741796285,in
2025-01-02T12:45:00,22.699447446796857,in
2025-01-02T12:46:00,22.525540365688595,in
2025-01-02T12:47:00,22.272933009746822,in
2025-01-02T12:48:00,22.56395447413551,in
2025-01-02T12:49:00,22.886935916692604,in
2025-01-02T12:50:00,22.503004220448485,in
2025-01-02T12:51:00,22.711697975935834,in
2025-01-02T12:52:00,22.764544239004977,in
2025-01-02T12:53:00,22.574488015875254,in
2025-01-02T12:54:00,22.58609903216954,in
2025-01-02T12:55:00,22.30221334208082,in
2025-01-02T12:56:00,22.443850132158104,in
2025-01-02T12:57:00,22.67893204337965,in
2025-01-02T12:58:00,22.543578616712075,in
2025-01-02T12:59:00,22.581163645132502,in
2025-01-02T13:00:00,22.5376117271575,in
2025-01-02T13:01:00,22.838004488055525,in
2025-01-02T13:02:00,22.436182033430594,in
2025-01-02T13:03:00,22.733118092505933,in
2025-01-02T13:04:00,22.50386927453035,in
2025-01-02T13:05:00,22.729501630839465,in
2025-01-02T13:06:00,22.28314401432309,in
2025-01-02T13:07:00,22.48609861298946,in
2025-01-02T13:08:00,22.39084909109921,in
2025-01-02T13:09:00,22.46231572042051,in
2025-01-02T13:10:00,22.616235667276126,in
2025-01-02T13:11:00,22.481176785116585,in
2025-01-02T13:12:00,22.59888078513956,in
2025-01-02T13:13:00,22.306750338289266,in
2025-01-02T13:14:00,22.27531070020584,in
2025-01-02T13:15:00,22.392596405002845,in
2025-01-02T13:16:00,22.37582016399443,in
2025-01-02T13:17:00,22.34516916669384,in
2025-01-02T13:18:00,22.220676292133692,in
2025-01-02T13:19:00,22.53568482942547,in
2025-01-02T13:20:00,22.292870775238836,in
2025-01-02T13:21:00,22.552610726029954,in
2025-01-02T13:22:00,22.332006716501965,in
2025-01-02T13:23:00,22.41874947082976,in
2025-01-02T13:24:00,22.39652537652502,in
2025-01-02T13:25:00,22.180605561327205,in
2025-01-02T13:26:00,22.350699260492096,in
2025-01-02T13:27:00,22.576235185652425,in
2025-01-02T13:28:00,22.316088039885187,in
2025-01-02T13:29:00,22.404893371481396,in
2025-01-02T13:30:00,22.365043161128934,in
2025-01-02T13:31:00,22.298455387026408,in
2025-01-02T13:32:00,22.27171049446901,in
2025-01-02T13:33:00,22.317172128783874,in
2025-01-02T13:34:00,22.340898809507156,in
2025-01-02T13:35:00,22.014909141146266,in
2025-01-02T13:36:00,22.246152359899774,in
2025-01-02T13:37:00,22.172764441112054,in
2025-01-02T13:38:00,22.132962478492693,in
2025-01-02T13:39:00,22.377397894181094,in
2025-01-02T13:40:00,22.064339548285737,in
2025-01-02T13:41:00,21.95640105597791,in
2025-01-02T13:42:00,22.27627562526357,in
2025-01-02T13:43:00,21.935157901907715,in
2025-01-02T13:44:00,21.850321485794467,in
2025-01-02T13:45:00,22.267046411958784,in
2025-01-02T13:46:00,22.145905416654088,in
2025-01-02T13:47:00,22.18429351923207,in
2025-01-02T13:48:00,22.038307776268944,in
2025-01-02T13:49:00,21.888295337301333,in
2025-01-02T13:50:00,21.909370692688025,in
2025-01-02T13:51:00,22.037691296603445,in
2025-01-02T13:52:00,21.878938564717295,in
2025-01-02T13:53:00,22.107134962476493,in
2025-01-02T13:54:00,21.982985205910587,in
2025-01-02T13:55:00,22.071385177173916,in
2025-01-02T13:56:00,22.05817703210853,in
2025-01-02T13:57:00,22.084199124306366,in
2025-01-02T13:58:00,22.0923754500901,in
2025-01-02T13:59:00,21.957141529952608,in
2025-01-02T14:00:00,22.027595389995074,in
2025-01-02T14:01:00,22.026674600693532,in
2025-01-02T14:02:00,21.618213382639247,in
2025-01-02T14:03:00,22.070799670736235,in
2025-01-02T14:04:00,21.98758651655847,in
2025-01-02T14:05:00,22.040977559717415,in
2025-01-02T14:06:00,21.754619564067166,in
2025-01-02T14:07:00,21.891556997305997,in
2025-01-02T14:08:00,21.76647158811016,in
2025-01-02T14:09:00,22.033170574913793,in
2025-01-02T14:10:00,21.701993743959058,in
2025-01-02T14:11:00,21.764745525668964,in
2025-01-02T14:12:00,21.97547520675491,in
2025-01-02T14:13:00,21.79220824503166,in
2025-01-02T14:14:00,21.73864432241193,in
2025-01-02T14:15:00,22.00520165597074,in
2025-01-02T14:16:00,22.002643816000532,in
2025-01-02T14:17:00,21.960093698490354,in
2025-01-02T14:18:00,21.970388259635353,in
2025-01-02T14:19:00,21.799646693134886,in
2025-01-02T14:20:00,21.79499956830919,in
2025-01-02T14:21:00,21.719784570893154,in
2025-01-02T14:22:00,21.83346787011695,in
2025-01-02T14:23:00,21.72043912767697,in
2025-01-02T14:24:00,21.725983142575647,in
2025-01-02T14:25:00,21.872251315393505,in
2025-01-02T14:26:00,21.951274459291344,in
2025-01-02T14:27:00,21.824664243224838,in
2025-01-02T14:28:00,22.025408692976093,in
2025-01-02T14:29:00,21.64177472592343,in
2025-01-02T14:30:00,21.46325141967851,in
2025-01-02T14:31:00,21.837492322890988,in
2025-01-02T14:32:00,21.60587876518286,in
2025-01-02T14:33:00,21.67196091975134,in
2025-01-02T14:34:00,21.43891170122261,in
2025-01-02T14:35:00,21.560871690518294,in
2025-01-02T14:36:00,21.461796957432657,in
2025-01-02T14:37:00,21.613369379279302,in
2025-01-02T14:38:00,21.6107220641962,in
2025-01-02T14:39:00,21.674795054034185,in
2025-01-02T14:40:00,21.838662089319417,in
2025-01-02T14:41:00,21.745648848786992,in
2025-01-02T14:42:00,21.392203503584135,in
2025-01-02T14:43:00,21.71815424332446,in
2025-01-02T14:44:00,21.63514521386313,in
2025-01-02T14:45:00,21.59514539116233,in
2025-01-02T14:46:00,21.59785920167502,in
2025-01-02T14:47:00,21.623399361932584,in
2025-01-02T14:48:00,21.48039359971245,in
2025-01-02T14:49:00,21.548292027058412,in
2025-01-02T14:50:00,21.744711640707568,in
2025-01-02T14:51:00,21.453019262293168,in
2025-01-02T14:52:00,21.395614694886007,in
2025-01-02T14:53:00,21.532343115974093,in
2025-01-02T14:54:00,21.36352430377474,in
2025-01-02T14:55:00,21.266210747129502,in
2025-01-02T14:56:00,21.464486132239443,in
2025-01-02T14:57:00,21.724986696626605,in
2025-01-02T14:58:00,21.49344937750958,in
2025-01-02T14:59:00,21.51758266775618,in
2025-01-02T15:00:00,21.16283965607229,in
2025-01-02T15:01:00,21.539656394950192,in
2025-01-02T15:02:00,21.47952812703996,in
2025-01-02T15:03:00,21.35738187606395,in
2025-01-02T15:04:00,21.47573285907636,in
2025-01-02T15:05:00,21.46586021451171,in
2025-01-02T15:06:00,21.273046121338464,in
2025-01-02T15:07:00,21.473385522748806,in
2025-01-02T15:08:00,21.5948269039336,in
2025-01-02T15:09:00,21.37272562872783,in
2025-01-02T15:10:00,21.268449270625887,in
2025-01-02T15:11:00,21.36363439147372,in
2025-01-02T15:12:00,21.51015799050977,in
2025-01-02T15:13:00,21.189724561137908,in
2025-01-02T15:14:00,21.452174426007442,in
2025-01-02T15:15:00,21.255418900615606,in
2025-01-02T15:16:00,21.385173153292648,in
2025-01-02T15:17:00,21.25596901821759,in
2025-01-02T15:18:00,21.247333738270225,in
2025-01-02T15:19:00,21.552630801428606,in
2025-01-02T15:20:00,21.10459672476864,in
2025-01-02T15:21:00,21.380570812476847,in
2025-01-02T15:22:00,21.55928389911926,in
2025-01-02T15:23:00,21.394246212975492,in
2025-01-02T15:24:00,21.08359954805352,in
2025-01-02T15:25:00,21.08288684709529,in
2025-01-02T15:26:00,21.154253740054443,in
2025-01-02T15:27:00,21.28257131170831,in
2025-01-02T15:28:00,21.284678217281538,in
2025-01-02T15:29:00,21.05194828215018,in
2025-01-02T15:30:00,21.103719516502775,in
2025-01-02T15:31:00,21.10485570367936,in
2025-01-02T15:32:00,21.19142572180422,in
2025-01-02T15:33:00,21.508216605825126,in
2025-01-02T15:34:00,21.062523802305993,in
2025-01-02T15:35:00,21.047962945312158,in
2025-01-02T15:36:00,21.01655566957682,in
2025-01-02T15:37:00,21.273893980459384,in
2025-01-02T15:38:00,21.16441227523426,in
2025-01-02T15:39:00,21.028246542699648,in
2025-01-02T15:40:00,21.100344138951854,in
2025-01-02T15:41:00,21.028135975053427,in
2025-01-02T15:42:00,21.183361498561798,in
2025-01-02T15:43:00,21.533765976210617,in
2025-01-02T15:44:00,21.205887367275682,in
2025-01-02T15:45:00,21.101474342295894,in
2025-01-02T15:46:00,21.00785805065719,in
2025-01-02T15:47:00,20.898293105642402,in
2025-01-02T15:48:00,21.202072460231367,in
2025-01-02T15:49:00,21.186155296521036,in
2025-01-02T15:50:00,21.00658762402631,in
2025-01-02T15:51:00,21.250771056791173,in
2025-01-02T15:52:00,21.064222915260984,in
2025-01-02T15:53:00,21.169574775939584,in
2025-01-02T15:54:00,21.090112029785736,in
2025-01-02T15:55:00,21.01145208017958,in
2025-01-02T15:56:00,20.887148067811204,in
2025-01-02T15:57:00,21.00092702815169,in
2025-01-02T15:58:00,21.141460480127293,in
2025-01-02T15:59:00,20.931346725864667,in
2025-01-02T16:00:00,21.065961209340475,in
2025-01-02T16:01:00,20.830041663605346,in
2025-01-02T16:02:00,21.101932024498144,in
2025-01-02T16:03:00,21.02435502831939,in
2025-01-02T16:04:00,20.789607236354417,in
2025-01-02T16:05:00,20.928851305150715,in
2025-01-02T16:06:00,21.09471900696586,in
2025-01-02T16:07:00,20.758717271598275,in
2025-01-02T16:08:00,20.77951893573985,in
2025-01-02T16:09:00,20.922346424950806,in
2025-01-02T16:10:00,21.24540039287118,in
2025-01-02T16:11:00,20.817164344658092,in
2025-01-02T16:12:00,20.98501302990777,in
2025-01-02T16:13:00,20.942433852100375,in
2025-01-02T16:14:00,20.807698044336053,in
2025-01-02T16:15:00,20.91302953672853,in
2025-01-02T16:16:00,20.814438993744265,in
2025-01-02T16:17:00,20.82071942609239,in
2025-01-02T16:18:00,20.617996740734366,in
2025-01-02T16:19:00,20.856341039577444,in
2025-01-02T16:20:00,20.987711153291293,in
2025-01-02T16:21:00,20.854323486142487,in
2025-01-02T16:22:00,21.002170252701482,in
2025-01-02T16:23:00,20.918549785616886,in
2025-01-02T16:24:00,20.81549829946552,in
2025-01-02T16:25:00,20.723191870321813,in
2025-01-02T16:26:00,20.73741486919311,in
2025-01-02T16:27:00,20.582774227768112,in
2025-01-02T16:28:00,20.756308120181153,in
2025-01-02T16:29:00,20.811311837698835,in
2025-01-02T16:30:00,21.039790306652446,in
2025-01-02T16:31:00,20.854813488422934,in
2025-01-02T16:32:00,20.63894895232799,in
2025-01-02T16:33:00,20.54590686005251,in
2025-01-02T16:34:00,20.723987913644077,in
2025-01-02T16:35:00,20.869917722656044,in
2025-01-02T16:36:00,20.708266767396168,in
2025-01-02T16:37:00,20.81588696912581,in
2025-01-02T16:38:00,20.700674742056645,in
2025-01-02T16:39:00,20.828672061246174,in
2025-01-02T16:40:00,20.474836077221074,in
2025-01-02T16:41:00,20.948379358735988,in
2025-01-02T16:42:00,20.534231386106075,in
2025-01-02T16:43:00,20.813540344534026,in
2025-01-02T16:44:00,20.64705434281864,in
2025-01-02T16:45:00,20.663934184744825,in
2025-01-02T16:46:00,20.638594617673007,in
2025-01-02T16:47:00,20.706577355756057,in
2025-01-02T16:48:00,20.730367468774418,in
2025-01-02T16:49:00,20.814020611904127,in
2025-01-02T16:50:00,20.86001191715829,in
2025-01-02T16:51:00,20.69217174095062,in
2025-01-02T16:52:00,20.89305441575025,in
2025-01-02T16:53:00,20.643579900770654,in
2025-01-02T16:54:00,20.784906902950432,in
2025-01-02T16:55:00,20.681281839371387,in
2025-01-02T16:56:00,20.5283025643682,in
2025-01-02T16:57:00,20.631604203473618,in
2025-01-02T16:58:00,20.67365725302667,in
2025-01-02T16:59:00,20.587140831377674,in
2025-01-02T17:00:00,20.647714915326542,in
2025-01-02T17:01:00,20.709433692652464,in
2025-01-02T17:02:00,20.569993130392255,in
2025-01-02T17:03:00,20.12581296284832,in
2025-01-02T17:04:00,20.813060922046706,in
2025-01-02T17:05:00,20.510633361347438,in
2025-01-02T17:06:00,20.425759224850584,in
2025-01-02T17:07:00,20.374641515887276,in
2025-01-02T17:08:00,20.486825711411612,in
2025-01-02T17:09:00,20.446942806431082,in
2025-01-02T17:10:00,20.41489390679705,in
2025-01-02T17:11:00,20.41724480454965,in
2025-01-02T17:12:00,20.593171772654184,in
2025-01-02T17:13:00,20.812439766027065,in
2025-01-02T17:14:00,20.625174298124232,in
2025-01-02T17:15:00,20.664710112755234,in
2025-01-02T17:16:00,20.433969334837446,in
2025-01-02T17:17:00,20.500569836064486,in
2025-01-02T17:18:00,20.543160429434483,in
2025-01-02T17:19:00,20.37460137638853,in
2025-01-02T17:20:00,20.404051603179678,in
2025-01-02T17:21:00,20.590499129603042,in
2025-01-02T17:22:00,20.620294746489577,in
2025-01-02T17:23:00,20.461326252262918,in
2025-01-02T17:24:00,20.26643449996925,in
2025-01-02T17:25:00,20.395892236331587,in
2025-01-02T17:26:00,20.21858401611929,in
2025-01-02T17:27:00,20.44064649971372,in
2025-01-02T17:28:00,20.46228895947727,in
2025-01-02T17:29:00,20.37801428935665,in
2025-01-02T17:30:00,20.449550002775013,in
2025-01-02T17:31:00,20.47053118079333,in
2025-01-02T17:32:00,20.441258286341483,in
2025-01-02T17:33:00,20.21726283077334,in
2025-01-02T17:34:00,20.35429662993866,in
2025-01-02T17:35:00,20.44858723820498,in
2025-01-02T17:36:00,20.618772776946006,in
2025-01-02T17:37:00,20.33606317353417,in
2025-01-02T17:38:00,20.45439499335458,in
2025-01-02T17:39:00,20.498439676465214,in
2025-01-02T17:40:00,20.332201756666134,in
2025-01-02T17:41:00,20.528967286238775,in
2025-01-02T17:42:00,20.532073697470604,in
2025-01-02T17:43:00,20.553878211854805,in
2025-01-02T17:44:00,20.41068968023775,in
2025-01-02T17:45:00,20.69108136284354,in
2025-01-02T17:46:00,20.239935888951017,in
2025-01-02T17:47:00,20.646039326231325,in
2025-01-02T17:48:00,20.437903787407915,in
2025-01-02T17:49:00,20.518980074025222,in
2025-01-02T17:50:00,20.26521144519297,in
2025-01-02T17:51:00,20.435215562036618,in
2025-01-02T17:52:00,20.517949932236803,in
2025-01-02T17:53:00,20.136191753450294,in
2025-01-02T17:54:00,20.270220729019503,in
2025-01-02T17:55:00,19.96898835541943,in
2025-01-02T17:56:00,20.2589154520684,in
2025-01-02T17:57:00,20.15878594797808,in
2025-01-02T17:58:00,20.244076525921937,in
2025-01-02T17:59:00,20.710875493231907,in
2025-01-02T18:00:00,20.525619718450702,in
2025-01-02T18:01:00,20.04768524051662,in
2025-01-02T18:02:00,20.342649353360112,in
2025-01-02T18:03:00,20.374847648913292,in
2025-01-02T18:04:00,20.20007602271552,in
2025-01-02T18:05:00,20.27329262905877,in
2025-01-02T18:06:00,20.28376310578832,in
2025-01-02T18:07:00,20.03622681765995,in
2025-01-02T18:08:00,20.079405411169226,in
2025-01-02T18:09:00,20.255869232840066,in
2025-01-02T18:10:00,20.24088871284082,in
2025-01-02T18:11:00,20.11568130971594,in
2025-01-02T18:12:00,20.09883053064519,in
2025-01-02T18:13:00,20.200575225727047,in
2025-01-02T18:14:00,20.34305391974344,in
2025-01-02T18:15:00,20.194781651292594,in
2025-01-02T18:16:00,20.445821531997016,in
2025-01-02T18:17:00,20.09423043920544,in
2025-01-02T18:18:00,20.223795901518503,in
2025-01-02T18:19:00,20.137945394725666,in
2025-01-02T18:20:00,20.27557856788867,in
2025-01-02T18:21:00,20.06647547001606,in
2025-01-02T18:22:00,20.469187121345975,in
2025-01-02T18:23:00,19.922884052384422,in
2025-01-02T18:24:00,20.430231120666836,in
2025-01-02T18:25:00,20.18287531212743,in
2025-01-02T18:26:00,20.248743538491787,in
2025-01-02T18:27:00,20.362596315165998,in
2025-01-02T18:28:00,20.287639517370028,in
2025-01-02T18:29:00,20.046094023490134,in
2025-01-02T18:30:00,20.242254368266817,in
2025-01-02T18:31:00,20.42904008786006,in
2025-01-02T18:32:00,20.012538534042303,in
2025-01-02T18:33:00,20.46014517093525,in
2025-01-02T18:34:00,20.197020236931237,in
2025-01-02T18:35:00,20.071000095646365,in
2025-01-02T18:36:00,19.99884573931436,in
2025-01-02T18:37:00,20.096236519466736,in
2025-01-02T18:38:00,19.83336387184263,in
2025-01-02T18:39:00,20.061330657796212,in
2025-01-02T18:40:00,20.08117567184984,in
2025-01-02T18:41:00,19.956485922120397,in
2025-01-02T18:42:00,20.226893797051297,in
2025-01-02T18:43:00,20.079007016046024,in
2025-01-02T18:44:00,20.013593667109205,in
2025-01-02T18:45:00,20.057339650749505,in
2025-01-02T18:46:00,20.15661881058498,in
2025-01-02T18:47:00,20.111584929166295,in
2025-01-02T18:48:00,19.992740704196557,in
2025-01-02T18:49:00,20.11405642181951,in
2025-01-02T18:50:00,20.084964704868607,in
2025-01-02T18:51:00,19.919040477613304,in
2025-01-02T18:52:00,20.04411478404784,in
2025-01-02T18:53:00,20.171758018953508,in
2025-01-02T18:54:00,20.16818126924809,in
2025-01-02T18:55:00,20.045405641367633,in
2025-01-02T18:56:00,20.178992527341258,in
2025-01-02T18:57:00,19.92809620254501,in
2025-01-02T18:58:00,19.930390917853757,in
2025-01-02T18:59:00,20.032737107848323,in
2025-01-02T19:00:00,20.292783267834935,in
2025-01-02T19:01:00,20.090395866152846,in
2025-01-02T19:02:00,20.022399847793917,in
2025-01-02T19:03:00,20.29315888076749,in
2025-01-02T19:04:00,20.016367782167478,in
2025-01-02T19:05:00,20.39252584596638,in
2025-01-02T19:06:00,19.978567690661535,in
2025-01-02T19:07:00,19.90148217369141,in
2025-01-02T19:08:00,20.026305574201746,in
2025-01-02T19:09:00,20.01195271985742,in
2025-01-02T19:10:00,19.926249989307742,in
2025-01-02T19:11:00,20.435833898798407,in
2025-01-02T19:12:00,20.091498783703177,in
2025-01-02T19:13:00,20.11154649108157,in
2025-01-02T19:14:00,19.970868700687802,in
2025-01-02T19:15:00,19.95177903148177,in
2025-01-02T19:16:00,20.19057938646233,in
2025-01-02T19:17:00,19.783722938660517,in
2025-01-02T19:18:00,19.862060513953537,in
2025-01-02T19:19:00,19.994822328866285,in
2025-01-02T19:20:00,20.233041589820733,in
2025-01-02T19:21:00,19.972710335938423,in
2025-01-02T19:22:00,20.08985153051667,in
2025-01-02T19:23:00,20.03016656878775,in
2025-01-02T19:24:00,20.219062080750245,in
2025-01-02T19:25:00,19.785568526332543,in
2025-01-02T19:26:00,20.13236275383458,in
2025-01-02T19:27:00,19.99086238689927,in
2025-01-02T19:28:00,20.15819649160477,in
2025-01-02T19:29:00,19.895375889311186,in
2025-01-02T19:30:00,20.020769237731805,in
2025-01-02T19:31:00,20.00061409400367,in
2025-01-02T19:32:00,19.864542376019294,in
2025-01-02T19:33:00,19.821801134148103,in
2025-01-02T19:34:00,19.925794584367356,in
2025-01-02T19:35:00,20.03137699290461,in
2025-01-02T19:36:00,19.89741937561778,in
2025-01-02T19:37:00,19.960551929044,in
2025-01-02T19:38:00,19.726338000093108,in
2025-01-02T19:39:00,19.952792656778115,in
2025-01-02T19:40:00,20.16114860081026,in
2025-01-02T19:41:00,20.11264604389999,in
2025-01-02T19:42:00,19.993127041979672,in
2025-01-02T19:43:00,20.042047538553152,in
2025-01-02T19:44:00,19.880632840141228,in
2025-01-02T19:45:00,20.247947956016503,in
2025-01-02T19:46:00,20.31389477913335,in
2025-01-02T19:47:00,20.027940203491198,in
2025-01-02T19:48:00,20.391343805900075,in
2025-01-02T19:49:00,19.900275871299797,in
2025-01-02T19:50:00,19.814241670825943,in
2025-01-02T19:51:00,19.895098364404436,in
2025-01-02T19:52:00,19.96829480620056,in
2025-01-02T19:53:00,20.34774280100702,in
2025-01-02T19:54:00,19.958511480937993,in
2025-01-02T19:55:00,19.87152757391958,in
2025-01-02T19:56:00,19.8655357807506,in
2025-01-02T19:57:00,20.171174661658476,in
2025-01-02T19:58:00,20.14967141611801,in
2025-01-02T19:59:00,19.92719731060549,in
2025-01-02T20:00:00,19.718632382588428,in
2025-01-02T20:01:00,19.83073000685214,in
2025-01-02T20:02:00,20.25826272949659,in
2025-01-02T20:03:00,20.103492527534407,in
2025-01-02T20:04:00,20.01012381602096,in
2025-01-02T20:05:00,20.28080092181284,in
2025-01-02T20:06:00,20.294434290970614,in
2025-01-02T20:07:00,19.99554187803238,in
2025-01-02T20:08:00,19.99858258188206,in
2025-01-02T20:09:00,19.914234925201743,in
2025-01-02T20:10:00,19.959213063713516,in
2025-01-02T20:11:00,19.77935448066008,in
2025-01-02T20:12:00,19.779182974063243,in
2025-01-02T20:13:00,19.74481782854942,in
2025-01-02T20:14:00,20.16638095419418,in
2025-01-02T20:15:00,19.77007182008591,in
2025-01-02T20:16:00,20.297366244286277,in
2025-01-02T20:17:00,19.895942946121117,in
2025-01-02T20:18:00,20.266767818551124,in
2025-01-02T20:19:00,19.95211084357466,in
2025-01-02T20:20:00,19.772682588178437,in
2025-01-02T20:21:00,20.200956979560495,in
2025-01-02T20:22:00,20.21948744741063,in
2025-01-02T20:23:00,19.87415531345812,in
2025-01-02T20:24:00,19.961208369273837,in
2025-01-02T20:25:00,19.876017933071214,in
2025-01-02T20:26:00,19.994777284478165,in
2025-01-02T20:27:00,20.030037458206277,in
2025-01-02T20:28:00,19.96220023785004,in
2025-01-02T20:29:00,19.74315639133194,in
2025-01-02T20:30:00,19.929978379988874,in
2025-01-02T20:31:00,20.123796019759343,in
2025-01-02T20:32:00,19.98812893112747,in
2025-01-02T20:33:00,19.971581132226405,in
2025-01-02T20:34:00,19.88235179152155,in
2025-01-02T20:35:00,19.931769273684836,in
2025-01-02T20:36:00,20.235965534797018,in
2025-01-02T20:37:00,19.85504067835922,in
2025-01-02T20:38:00,20.135552261428323,in
2025-01-02T20:39:00,20.03594616501937,in
2025-01-02T20:40:00,20.067106093443794,in
2025-01-02T20:41:00,19.922065162555224,in
2025-01-02T20:42:00,19.980723579964902,in
2025-01-02T20:43:00,20.03424117752319,in
2025-01-02T20:44:00,19.958645588413294,in
2025-01-02T20:45:00,20.088144254799023,in
2025-01-02T20:46:00,20.1087664431768,in
2025-01-02T20:47:00,20.36781504857382,in
2025-01-02T20:48:00,20.085433302936746,in
2025-01-02T20:49:00,19.758701388746818,in
2025-01-02T20:50:00,20.221860847885935,in
2025-01-02T20:51:00,20.018734762737544,in
2025-01-02T20:52:00,20.353048674870056,in
2025-01-02T20:53:00,20.2738801509549,in
2025-01-02T20:54:00,19.979470051647912,in
2025-01-02T20:55:00,20.165601277954156,in
2025-01-02T20:56:00,19.970315275285824,in
2025-01-02T20:57:00,20.061941804548695,in
2025-01-02T20:58:00,20.165102441396876,in
2025-01-02T20:59:00,20.232858153079093,in
2025-01-02T21:00:00,20.2024292217548,in
2025-01-02T21:01:00,20.081673797129298,in
2025-01-02T21:02:00,20.445252678594937,in
2025-01-02T21:03:00,20.02033646611364,in
2025-01-02T21:04:00,19.836396513368467,in
2025-01-02T21:05:00,19.867695396946743,in
2025-01-02T21:06:00,20.303461689781965,in
2025-01-02T21:07:00,20.07335934041335,in
2025-01-02T21:08:00,20.111249112782044,in
2025-01-02T21:09:00,20.008581529096976,in
2025-01-02T21:10:00,20.02466072660867,in
2025-01-02T21:11:00,19.97714402157105,in
2025-01-02T21:12:00,20.168559589409206,in
2025-01-02T21:13:00,20.085994759965683,in
2025-01-02T21:14:00,20.16860349625811,in
2025-01-02T21:15:00,20.15705549880741,in
2025-01-02T21:16:00,20.045081038756432,in
2025-01-02T21:17:00,19.893012365419015,in
2025-01-02T21:18:00,19.88284707841574,in
2025-01-02T21:19:00,20.57164570824152,in
2025-01-02T21:20:00,20.342340775091678,in
2025-01-02T21:21:00,20.324644713188714,in
2025-01-02T21:22:00,20.02546460045517,in
2025-01-02T21:23:00,20.131156040692446,in
2025-01-02T21:24:00,20.010534728148123,in
2025-01-02T21:25:00,19.93917194715952,in
2025-01-02T21:26:00,20.050848835979597,in
2025-01-02T21:27:00,20.341308638770588,in
2025-01-02T21:28:00,20.271744095905017,in
2025-01-02T21:29:00,20.00341179172156,in
2025-01-02T21:30:00,20.105018527453808,in
2025-01-02T21:31:00,20.26796653244958,in
2025-01-02T21:32:00,20.07334458381702,in
2025-01-02T21:33:00,20.174355516427113,in
2025-01-02T21:34:00,20.226156968289473,in
2025-01-02T21:35:00,20.228016624537727,in
2025-01-02T21:36:00,20.21103089886834,in
2025-01-02T21:37:00,20.078421336778447,in
2025-01-02T21:38:00,20.097431270119092,in
2025-01-02T21:39:00,20.013666174621743,in
2025-01-02T21:40:00,19.953183936901357,in
2025-01-02T21:41:00,20.17387739783773,in
2025-01-02T21:42:00,20.317268373488357,in
2025-01-02T21:43:00,19.99156116223173,in
2025-01-02T21:44:00,20.243357894020303,in
2025-01-02T21:45:00,20.32394919894213,in
2025-01-02T21:46:00,19.934621211472745,in
2025-01-02T21:47:00,20.173454948157293,in
2025-01-02T21:48:00,20.46491848169202,in
2025-01-02T21:49:00,20.304756869692135,in
2025-01-02T21:50:00,19.945409761284214,in
2025-01-02T21:51:00,20.328775644435655,in
2025-01-02T21:52:00,20.121944295147895,in
2025-01-02T21:53:00,20.341914563103142,in
2025-01-02T21:54:00,20.13885350968595,in
2025-01-02T21:55:00,20.238591621923188,in
2025-01-02T21:56:00,20.170129170436766,in
2025-01-02T21:57:00,20.25548164426518,in
2025-01-02T21:58:00,20.17419658203355,in
2025-01-02T21:59:00,20.230071634788544,in
2025-01-02T22:00:00,20.09160844118452,in
2025-01-02T22:01:00,20.345927928903308,in
2025-01-02T22:02:00,20.30303446041354,in
2025-01-02T22:03:00,20.03870735088147,in
2025-01-02T22:04:00,20.434602897626064,in
2025-01-02T22:05:00,20.26373306470593,in
2025-01-02T22:06:00,20.3189840307272,in
2025-01-02T22:07:00,20.41397980081325,in
2025-01-02T22:08:00,20.35314014404114,in
2025-01-02T22:09:00,20.483324830361187,in
2025-01-02T22:10:00,20.269222780043417,in
2025-01-02T22:11:00,20.47308638200527,in
2025-01-02T22:12:00,20.341097556780248,in
2025-01-02T22:13:00,20.403572701980487,in
2025-01-02T22:14:00,20.39277273178535,in
2025-01-02T22:15:00,20.52317032419134,in
2025-01-02T22:16:00,20.45013671092381,in
2025-01-02T22:17:00,20.280378679699144,in
2025-01-02T22:18:00,20.255557566155993,in
2025-01-02T22:19:00,20.349243001976447,in
2025-01-02T22:20:00,20.247680695260126,in
2025-01-02T22:21:00,20.20888805947769,in
2025-01-02T22:22:00,20.052561092892656,in
2025-01-02T22:23:00,20.144462622395668,in
2025-01-02T22:24:00,20.67977696541683,in
2025-01-02T22:25:00,20.288635754020568,in
2025-01-02T22:26:00,20.677805323738735,in
2025-01-02T22:27:00,20.457965564791216,in
2025-01-02T22:28:00,20.395265276659998,in
2025-01-02T22:29:00,20.18290522740757,in
2025-01-02T22:30:00,20.413993653753938,in
2025-01-02T22:31:00,20.702448417557548,in
2025-01-02T22:32:00,20.657624004389067,in
2025-01-02T22:33:00,20.470501936143148,in
2025-01-02T22:34:00,20.262483431409418,in
2025-01-02T22:35:00,20.296656232026862,in
2025-01-02T22:36:00,20.317819300577188,in
2025-01-02T22:37:00,20.64293795094003,in
2025-01-02T22:38:00,20.701508898640874,in
2025-01-02T22:39:00,20.49170026109822,in
2025-01-02T22:40:00,20.42244904843357,in
2025-01-02T22:41:00,20.70584163493409,in
2025-01-02T22:42:00,20.332402037670196,in
2025-01-02T22:43:00,20.492643530371954,in
2025-01-02T22:44:00,20.560025739486374,in
2025-01-02T22:45:00,20.366900293965585,in
2025-01-02T22:46:00,20.4067014252133,in
2025-01-02T22:47:00,20.40082461299846,in
2025-01-02T22:48:00,20.726219377443424,in
2025-01-02T22:49:00,20.8067188365849,in
2025-01-02T22:50:00,20.542664205915237,in
2025-01-02T22:51:00,20.49112219307221,in
2025-01-02T22:52:00,20.447316435512665,in
2025-01-02T22:53:00,20.54352000725275,in
2025-01-02T22:54:00,20.466717995259906,in
2025-01-02T22:55:00,20.540717539527204,in
2025-01-02T22:56:00,20.623305322773284,in
2025-01-02T22:57:00,20.506599171732134,in
2025-01-02T22:58:00,20.54506089229952,in
2025-01-02T22:59:00,20.551811075992582,in
2025-01-02T23:00:00,20.538151922417985,in
2025-01-02T23:01:00,20.52575336953563,in
2025-01-02T23:02:00,20.71251096184082,in
2025-01-02T23:03:00,20.33880867597017,in
2025-01-02T23:04:00,20.846825237932194,in
2025-01-02T23:05:00,20.63730330791591,in
2025-01-02T23:06:00,20.714793485010468,in
2025-01-02T23:07:00,20.738395686819615,in
2025-01-02T23:08:00,20.529794405870415,in
2025-01-02T23:09:00,20.50524472550723,in
2025-01-02T23:10:00,20.493979192070604,in
2025-01-02T23:11:00,20.618206180656376,in
2025-01-02T23:12:00,20.766619491014936,in
2025-01-02T23:13:00,20.580672364215204,in
2025-01-02T23:14:00,20.76594964959527,in
2025-01-02T23:15:00,20.32612018697068,in
2025-01-02T23:16:00,20.6300468617227,in
2025-01-02T23:17:00,20.869551100216288,in
2025-01-02T23:18:00,20.675458209984694,in
2025-01-02T23:19:00,20.58338049528915,in
2025-01-02T23:20:00,20.61589829730628,in
2025-01-02T23:21:00,20.266918611578596,in
2025-01-02T23:22:00,20.576073263882684,in
2025-01-02T23:23:00,20.893175548751852,in
2025-01-02T23:24:00,20.65396880286589,in
2025-01-02T23:25:00,20.6784714013317,in
2025-01-02T23:26:00,20.405198898669294,in
2025-01-02T23:27:00,20.51718643241345,in
2025-01-02T23:28:00,20.947184426138644,in
2025-01-02T23:29:00,20.868159552030335,in
2025-01-02T23:30:00,20.58786128726664,in
2025-01-02T23:31:00,20.694826165178227,in
2025-01-02T23:32:00,20.791994102246083,in
2025-01-02T23:33:00,20.623931639035167,in
2025-01-02T23:34:00,20.509732843970276,in
2025-01-02T23:35:00,20.793499145156918,in
2025-01-02T23:36:00,20.91032077974104,in
2025-01-02T23:37:00,20.920279266684624,in
2025-01-02T23:38:00,20.969879696409443,in
2025-01-02T23:39:00,20.61267603065856,in
2025-01-02T23:40:00,20.86153241377195,in
2025-01-02T23:41:00,20.819738770173025,in
2025-01-02T23:42:00,20.854104423325758,in
2025-01-02T23:43:00,20.84262289956474,in
2025-01-02T23:44:00,20.782546965967377,in
2025-01-02T23:45:00,20.43619096582845,in
2025-01-02T23:46:00,21.070400382461482,in
2025-01-02T23:47:00,20.952912065781433,in
2025-01-02T23:48:00,20.68807846183947,in
2025-01-02T23:49:00,20.98902080521292,in
2025-01-02T23:50:00,20.858305062256132,in
2025-01-02T23:51:00,20.869925120706114,in
2025-01-02T23:52:00,20.824899281310234,in
2025-01-02T23:53:00,21.0281117235941,in
2025-01-02T23:54:00,20.835029334840673,in
2025-01-02T23:55:00,20.797928280765365,in
2025-01-02T23:56:00,21.139685571770787,in
2025-01-02T23:57:00,20.950581616380887,in
2025-01-02T23:58:00,20.96280031557976,in
2025-01-02T23:59:00,21.096321663950448,in
2025-01-03T00:00:00,20.899861994873074,in
2025-01-03T00:01:00,20.93734401675255,in
2025-01-03T00:02:00,21.06101017025149,in
2025-01-03T00:03:00,20.791550876636528,in
2025-01-03T00:04:00,21.063545616522557,in
2025-01-03T00:05:00,20.924665743284017,in
2025-01-03T00:06:00,21.174003368349055,in
2025-01-03T00:07:00,21.135360164657797,in
2025-01-03T00:08:00,21.123239127974472,in
2025-01-03T00:09:00,20.82772716206659,in
2025-01-03T00:10:00,21.06099346425386,in
2025-01-03T00:11:00,20.907662185703945,in
2025-01-03T00:12:00,21.08648941507435,in
2025-01-03T00:13:00,20.752511166391667,in
2025-01-03T00:14:00,20.876479533524098,in
2025-01-03T00:15:00,21.293777660888026,in
2025-01-03T00:16:00,21.178615682822826,in
2025-01-03T00:17:00,21.078037108069214,in
2025-01-03T00:18:00,21.002666307980476,in
2025-01-03T00:19:00,20.984224432559017,in
2025-01-03T00:20:00,21.18478683978188,in
2025-01-03T00:21:00,21.111135678486292,in
2025-01-03T00:22:00,21.402610592185113,in
2025-01-03T00:23:00,21.150847736771492,in
2025-01-03T00:24:00,21.195334787685077,in
2025-01-03T00:25:00,20.986231100074217,in
2025-01-03T00:26:00,21.148396978372936,in
2025-01-03T00:27:00,21.237060997991662,in
2025-01-03T00:28:00,21.16261988633947,in
2025-01-03T00:29:00,21.15373379669022,in
2025-01-03T00:30:00,21.283669579112114,in
2025-01-03T00:31:00,21.469926257529284,in
2025-01-03T00:32:00,21.272532218714346,in
2025-01-03T00:33:00,21.4305130675013,in
2025-01-03T00:34:00,21.36023790317922,in
2025-01-03T00:35:00,21.437776929632772,in
2025-01-03T00:36:00,21.191806112407402,in
2025-01-03T00:37:00,21.26037879975691,in
2025-01-03T00:38:00,21.26916920186636,in
2025-01-03T00:39:00,21.389707471329608,in
2025-01-03T00:40:00,21.43482163668044,in
2025-01-03T00:41:00,21.342924992660127,in
2025-01-03T00:42:00,21.46389226813884,in
2025-01-03T00:43:00,21.25611898792722,in
2025-01-03T00:44:00,21.481670324020556,in
2025-01-03T00:45:00,21.509492485721555,in
2025-01-03T00:46:00,21.467015139078516,in
2025-01-03T00:47:00,21.39379785455468,in
2025-01-03T00:48:00,21.488964511110847,in
2025-01-03T00:49:00,21.256170732158203,in
2025-01-03T00:50:00,21.42834274064548,in
2025-01-03T00:51:00,21.451993421572627,in
2025-01-03T00:52:00,21.215829241081806,in
2025-01-03T00:53:00,21.494795101672747,in
2025-01-03T00:54:00,21.244646501739883,in
2025-01-03T00:55:00,21.3761542272516,in
2025-01-03T00:56:00,21.454689432257442,in
2025-01-03T00:57:00,21.34750864257493,in
2025-01-03T00:58:00,21.47790635363653,in
2025-01-03T00:59:00,21.483921119649484,in
2025-01-03T01:00:00,21.35933466389113,in
2025-01-03T01:01:00,21.57599227241259,in
2025-01-03T01:02:00,21.38461651639518,in
2025-01-03T01:03:00,21.85088957015222,in
2025-01-03T01:04:00,21.49973438530107,in
2025-01-03T01:05:00,21.348934093599148,in
2025-01-03T01:06:00,21.385458007356124,in
2025-01-03T01:07:00,21.713736287859916,in
2025-01-03T01:08:00,21.488725143854502,in
2025-01-03T01:09:00,21.354040558782504,in
2025-01-03T01:10:00,21.69517768419296,in
2025-01-03T01:11:00,21.513308572520394,in
2025-01-03T01:12:00,21.682189545032383,in
2025-01-03T01:13:00,21.733051401568062,in
2025-01-03T01:14:00,21.642433661986885,in
2025-01-03T01:15:00,21.969205465320545,in
2025-01-03T01:16:00,21.359670635306923,in
2025-01-03T01:17:00,21.50425941669176,in
2025-01-03T01:18:00,21.597136448325106,in
2025-01-03T01:19:00,21.98328893834353,in
2025-01-03T01:20:00,21.92240401518147,in
2025-01-03T01:21:00,21.854604622411035,in
2025-01-03T01:22:00,21.550786197166758,in
2025-01-03T01:23:00,21.576887657826784,in
2025-01-03T01:24:00,21.562847064648466,in
2025-01-03T01:25:00,21.578239194414053,in
2025-01-03T01:26:00,21.928286868832174,in
2025-01-03T01:27:00,21.676449687508264,in
2025-01-03T01:28:00,21.704929073383276,in
2025-01-03T01:29:00,21.84645615749107,in
2025-01-03T01:30:00,21.489418419454797,in
2025-01-03T01:31:00,21.755498934918712,in
2025-01-03T01:32:00,21.591730553888766,in
2025-01-03T01:33:00,21.720762967000574,in
2025-01-03T01:34:00,21.685630468370306,in
2025-01-03T01:35:00,21.686569138391384,in
2025-01-03T01:36:00,21.824780344470646,in
2025-01-03T01:37:00,21.832805887134725,in
2025-01-03T01:38:00,21.775335406574452,in
2025-01-03T01:39:00,21.872599414121865,in
2025-01-03T01:40:00,21.695396333376653,in
2025-01-03T01:41:00,21.936621465331502,in
2025-01-03T01:42:00,21.812151955220667,in
2025-01-03T01:43:00,21.779233485288515,in
2025-01-03T01:44:00,21.7412732307563,in
2025-01-03T01:45:00,21.832984122469707,in
2025-01-03T01:46:00,22.158498809457175,in
2025-01-03T01:47:00,21.877117359357854,in
2025-01-03T01:48:00,21.723667557092597,in
2025-01-03T01:49:00,22.04186660297507,in
2025-01-03T01:50:00,21.84197195990056,in
2025-01-03T01:51:00,21.964044219134735,in
2025-01-03T01:52:00,21.83935192403101,in
2025-01-03T01:53:00,22.13103897100183,in
2025-01-03T01:54:00,21.859032139887358,in
2025-01-03T01:55:00,22.166048926717508,in
2025-01-03T01:56:00,21.807706099446115,in
2025-01-03T01:57:00,21.92988485099999,in
2025-01-03T01:58:00,22.19254629688927,in
2025-01-03T01:59:00,22.016499515147707,in
2025-01-03T02:00:00,22.340719891270844,in
2025-01-03T02:01:00,21.96835555118379,in
2025-01-03T02:02:00,22.056009498940846,in
2025-01-03T02:03:00,22.311951581950012,in
2025-01-03T02:04:00,21.807816330363227,in
2025-01-03T02:05:00,21.79796726509189,in
2025-01-03T02:06:00,21.933027670034335,in
2025-01-03T02:07:00,22.18308292984064,in
2025-01-03T02:08:00,21.82832131590521,in
2025-01-03T02:09:00,22.16807699000244,in
2025-01-03T02:10:00,22.166244778904,in
2025-01-03T02:11:00,22.39811479202298,in
2025-01-03T02:12:00,22.261494651312745,in
2025-01-03T02:13:00,22.167993110751418,in
2025-01-03T02:14:00,22.325967019342656,in
2025-01-03T02:15:00,22.211641849627515,in
2025-01-03T02:16:00,22.07050243929417,in
2025-01-03T02:17:00,21.976526113833465,in
2025-01-03T02:18:00,22.07151335090173,in
2025-01-03T02:19:00,22.15960533384234,in
2025-01-03T02:20:00,22.200564246297755,in
2025-01-03T02:21:00,21.86272389761379,in
2025-01-03T02:22:00,22.158757454801847,in
2025-01-03T02:23:00,22.20466338865657,in
2025-01-03T02:24:00,22.291187543267284,in
2025-01-03T02:25:00,22.46175388207988,in
2025-01-03T02:26:00,22.254254457852603,in
2025-01-03T02:27:00,22.098640363478516,in
2025-01-03T02:28:00,21.971026779270073,in
2025-01-03T02:29:00,22.355449581988516,in
2025-01-03T02:30:00,22.130689280518485,in
2025-01-03T02:31:00,22.399727407121645,in
2025-01-03T02:32:00,22.487959224744515,in
2025-01-03T02:33:00,22.05537402908548,in
2025-01-03T02:34:00,22.378702706073064,in
2025-01-03T02:35:00,22.498140133930736,in
2025-01-03T02:36:00,22.4657248288725,in
2025-01-03T02:37:00,22.007028215671085,in
2025-01-03T02:38:00,22.202047405002297,in
2025-01-03T02:39:00,22.146671931835485,in
2025-01-03T02:40:00,22.42581726860592,in
2025-01-03T02:41:00,22.417886084470506,in
2025-01-03T02:42:00,21.959787269293198,in
2025-01-03T02:43:00,22.327923328818294,in
2025-01-03T02:44:00,22.501725965304257,in
2025-01-03T02:45:00,22.412377042715875,in
2025-01-03T02:46:00,22.42067590675937,in
2025-01-03T02:47:00,22.352534449272547,in
2025-01-03T02:48:00,22.256982240474315,in
2025-01-03T02:49:00,22.42179697072932,in
2025-01-03T02:50:00,22.440693245561476,in
2025-01-03T02:51:00,22.533683048092946,in
2025-01-03T02:52:00,22.55437709733205,in
2025-01-03T02:53:00,22.471279994719314,in
2025-01-03T02:54:00,22.631126982399536,in
2025-01-03T02:55:00,22.41913308443198,in
2025-01-03T02:56:00,22.267240105717374,in
2025-01-03T02:57:00,22.563864636470715,in
2025-01-03T02:58:00,22.519716941267273,in
2025-01-03T02:59:00,22.58374362376303,in
2025-01-03T03:00:00,22.3279703879626,in
2025-01-03T03:01:00,22.794681842207606,in
2025-01-03T03:02:00,22.641052114206058,in
2025-01-03T03:03:00,22.499681366080278,in
2025-01-03T03:04:00,22.4109567397393,in
2025-01-03T03:05:00,22.72123103962682,in
2025-01-03T03:06:00,22.402765222098267,in
2025-01-03T03:07:00,22.915597259986992,in
2025-01-03T03:08:00,22.49276266846057,in
2025-01-03T03:09:00,22.85115893214198,in
2025-01-03T03:10:00,22.57374053124764,in
2025-01-03T03:11:00,22.846840604379064,in
2025-01-03T03:12:00,22.507803712725917,in
2025-01-03T03:13:00,22.629153069749506,in
2025-01-03T03:14:00,22.755321712335764,in
2025-01-03T03:15:00,22.742190501110695,in
2025-01-03T03:16:00,22.816250583962997,in
2025-01-03T03:17:00,22.586260473305337,in
2025-01-03T03:18:00,22.680334974395013,in
2025-01-03T03:19:00,22.863091722406363,in
2025-01-03T03:20:00,22.57825196139349,in
2025-01-03T03:21:00,22.778115273322744,in
2025-01-03T03:22:00,22.667540726552268,in
2025-01-03T03:23:00,22.73946319198282,in
2025-01-03T03:24:00,22.72941843155277,in
2025-01-03T03:25:00,22.606633603949657,in
2025-01-03T03:26:00,22.693898474630224,in
2025-01-03T03:27:00,22.762854712831178,in
2025-01-03T03:28:00,22.733804587025002,in
2025-01-03T03:29:00,22.993207627174,in
2025-01-03T03:30:00,22.916860198252632,in
2025-01-03T03:31:00,22.81691899804766,in
2025-01-03T03:32:00,22.66699032957062,in
2025-01-03T03:33:00,22.66588424898384,in
2025-01-03T03:34:00,23.09356979314255,in
2025-01-03T03:35:00,22.654010564306642,in
2025-01-03T03:36:00,22.83055222887418,in
2025-01-03T03:37:00,22.875580012379253,in
2025-01-03T03:38:00,22.78268793758998,in
2025-01-03T03:39:00,22.68698891038825,in
2025-01-03T03:40:00,22.727502027630425,in
2025-01-03T03:41:00,22.77116172945731,in
2025-01-03T03:42:00,22.75459826325192,in
2025-01-03T03:43:00,23.068048573785973,in
2025-01-03T03:44:00,22.87537339455726,in
2025-01-03T03:45:00,22.806007215265858,in
2025-01-03T03:46:00,22.9084393327997,in
2025-01-03T03:47:00,23.000390267869108,in
2025-01-03T03:48:00,22.85628804357045,in
2025-01-03T03:49:00,23.051045024510298,in
2025-01-03T03:50:00,22.732825210316584,in
2025-01-03T03:51:00,23.10692458546768,in
2025-01-03T03:52:00,22.937600274605945,in
2025-01-03T03:53:00,22.939437481606927,in
2025-01-03T03:54:00,22.850365371849488,in
2025-01-03T03:55:00,22.77780001826176,in
2025-01-03T03:56:00,22.719618450120365,in
2025-01-03T03:57:00,22.86282598265144,in
2025-01-03T03:58:00,23.072998103297287,in
2025-01-03T03:59:00,22.84824124400472,in
2025-01-03T04:00:00,22.76773277214135,in
2025-01-03T04:01:00,22.871188157465383,in
2025-01-03T04:02:00,22.95735172829576,in
2025-01-03T04:03:00,22.97076098875475,in
2025-01-03T04:04:00,23.010742213583693,in
2025-01-03T04:05:00,23.19243746822882,in
2025-01-03T04:06:00,23.23238529514562,in
2025-01-03T04:07:00,23.353247223112138,in
2025-01-03T04:08:00,22.81610243096162,in
2025-01-03T04:09:00,22.938846443780772,in
2025-01-03T04:10:00,23.179371990252612,in
2025-01-03T04:11:00,23.01384426040723,in
2025-01-03T04:12:00,23.218396040507436,in
2025-01-03T04:13:00,23.12765347355705,in
2025-01-03T04:14:00,23.340754602129635,in
2025-01-03T04:15:00,23.267547883129104,in
2025-01-03T04:16:00,23.27753830092534,in
2025-01-03T04:17:00,23.06382911408608,in
2025-01-03T04:18:00,23.118193346954424,in
2025-01-03T04:19:00,23.0942055065575,in
2025-01-03T04:20:00,22.921269051154603,in
2025-01-03T04:21:00,23.3750557683988,in
2025-01-03T04:22:00,23.27321400774836,in
2025-01-03T04:23:00,23.116745262662725,in
2025-01-03T04:24:00,23.371259380703943,in
2025-01-03T04:25:00,23.08806414971509,in
2025-01-03T04:26:00,22.91392540323439,in
2025-01-03T04:27:00,23.347754664075357,in
2025-01-03T04:28:00,23.011846011336697,in
2025-01-03T04:29:00,23.18122165624219,in
2025-01-03T04:30:00,23.248441314135004,in
2025-01-03T04:31:00,23.28225436177971,in
2025-01-03T04:32:00,23.358583109081884,in
2025-01-03T04:33:00,23.325315612559795,in
2025-01-03T04:34:00,23.32751315225954,in
2025-01-03T04:35:00,23.133234177059645,in
2025-01-03T04:36:00,23.302777315689823,in
2025-01-03T04:37:00,23.039578161617516,in
2025-01-03T04:38:00,23.50647709532345,in
2025-01-03T04:39:00,23.068493280388434,in
2025-01-03T04:40:00,23.233609243559624,in
2025-01-03T04:41:00,23.09441682343191,in
2025-01-03T04:42:00,23.18937115378052,in
2025-01-03T04:43:00,23.30753376724025,in
2025-01-03T04:44:00,23.232804343203615,in
2025-01-03T04:45:00,23.49032856892198,in
2025-01-03T04:46:00,23.35927524882589,in
2025-01-03T04:47:00,23.26232687261738,in
2025-01-03T04:48:00,23.318223923221613,in
2025-01-03T04:49:00,23.527688683427723,in
2025-01-03T04:50:00,23.487511047723988,in
2025-01-03T04:51:00,23.186785856963574,in
2025-01-03T04:52:00,23.261898963004054,in
2025-01-03T04:53:00,23.441584453455373,in
2025-01-03T04:54:00,23.429714139291562,in
2025-01-03T04:55:00,23.225468880354722,in
2025-01-03T04:56:00,23.501685729313987,in
2025-01-03T04:57:00,23.261949798655397,in
2025-01-03T04:58:00,23.597392544678154,in
2025-01-03T04:59:00,23.48744682234938,in
2025-01-03T05:00:00,23.244424894776234,in
2025-01-03T05:01:00,23.341009246027056,in
2025-01-03T05:02:00,23.34453180612907,in
2025-01-03T05:03:00,23.456585395044655,in
2025-01-03T05:04:00,23.408083065975426,in
2025-01-03T05:05:00,23.272904587112244,in
2025-01-03T05:06:00,23.241609870091185,in
2025-01-03T05:07:00,23.53909543992448,in
2025-01-03T05:08:00,23.505642932922964,in
2025-01-03T05:09:00,23.484475652452126,in
2025-01-03T05:10:00,23.515164452464315,in
2025-01-03T05:11:00,23.38759838284491,in
2025-01-03T05:12:00,23.51388850462106,in
2025-01-03T05:13:00,23.87289058487104,in
2025-01-03T05:14:00,23.674096509690077,in
2025-01-03T05:15:00,23.46041834731398,in
2025-01-03T05:16:00,23.430913398380355,in
2025-01-03T05:17:00,23.086064059144363,in
2025-01-03T05:18:00,23.681116054147765,in
2025-01-03T05:19:00,23.644455742631276,in
2025-01-03T05:20:00,23.45051469084648,in
2025-01-03T05:21:00,23.32292751171535,in
2025-01-03T05:22:00,23.36995905029698,in
2025-01-03T05:23:00,23.61544496753628,in
2025-01-03T05:24:00,23.540890812864564,in
2025-01-03T05:25:00,23.663507768826857,in
2025-01-03T05:26:00,23.578182784460054,in
2025-01-03T05:27:00,23.71564768657896,in
2025-01-03T05:28:00,23.63145777827228,in
2025-01-03T05:29:00,23.705698454511786,in
2025-01-03T05:30:00,23.27325416894418,in
2025-01-03T05:31:00,23.406852169494627,in
2025-01-03T05:32:00,23.54261826961144,in
2025-01-03T05:33:00,23.764442943117157,in
2025-01-03T05:34:00,23.889793180144597,in
2025-01-03T05:35:00,23.588253841176932,in
2025-01-03T05:36:00,23.526296979166666,in
2025-01-03T05:37:00,23.32990268229135,in
2025-01-03T05:38:00,23.757765601323612,in
2025-01-03T05:39:00,23.550754524044187,in
2025-01-03T05:40:00,24.082054288981706,in
2025-01-03T05:41:00,23.53238328787915,in
2025-01-03T05:42:00,23.96404364177313,in
2025-01-03T05:43:00,23.765434605792496,in
2025-01-03T05:44:00,23.503835485211876,in
2025-01-03T05:45:00,23.69776079290163,in
2025-01-03T05:46:00,23.783478723116904,in
2025-01-03T05:47:00,23.638784482818032,in
2025-01-03T05:48:00,23.803038542473693,in
2025-01-03T05:49:00,23.804471599831086,in
2025-01-03T05:50:00,23.77623366671489,in
2025-01-03T05:51:00,23.688984638200818,in
2025-01-03T05:52:00,23.51985517891693,in
2025-01-03T05:53:00,23.68918664366984,in
2025-01-03T05:54:00,23.73169002826556,in
2025-01-03T05:55:00,23.42841611069022,in
2025-01-03T05:56:00,23.739719898802928,in
2025-01-03T05:57:00,23.704292633281383,in
2025-01-03T05:58:00,23.528764410265307,in
2025-01-03T05:59:00,23.67772005180503,in
2025-01-03T06:00:00,23.685273855543734,in
2025-01-03T06:01:00,24.0259118090023,in
2025-01-03T06:02:00,23.773729143806403,in
2025-01-03T06:03:00,23.900398801842783,in
2025-01-03T06:04:00,23.73156711860519,in
2025-01-03T06:05:00,23.472366033889752,in
2025-01-03T06:06:00,23.858485502647174,in
2025-01-03T06:07:00,23.66305346697264,in
2025-01-03T06:08:00,23.715555166219666,in
2025-01-03T06:09:00,23.612029587558762,in
2025-01-03T06:10:00,23.784936845944646,in
2025-01-03T06:11:00,23.93781103721484,in
2025-01-03T06:12:00,23.92192376464793,in
2025-01-03T06:13:00,24.023886312990047,in
2025-01-03T06:14:00,24.04906264189717,in
2025-01-03T06:15:00,23.48686434852664,in
2025-01-03T06:16:00,23.618545008458963,in
2025-01-03T06:17:00,23.530167741896193,in
2025-01-03T06:18:00,23.899960130258158,in
2025-01-03T06:19:00,23.70494802333886,in
2025-01-03T06:20:00,23.73923852429671,in
2025-01-03T06:21:00,23.783796732861045,in
2025-01-03T06:22:00,23.8773081449667,in
2025-01-03T06:23:00,23.600725929953207,in
2025-01-03T06:24:00,23.638261395890087,in
2025-01-03T06:25:00,23.83081738921856,in
2025-01-03T06:26:00,24.013932039193417,in
2025-01-03T06:27:00,23.83377280981013,in
2025-01-03T06:28:00,23.722260750947576,in
2025-01-03T06:29:00,23.522170641290256,in
2025-01-03T06:30:00,23.990660402781614,in
2025-01-03T06:31:00,23.740691260626562,in
2025-01-03T06:32:00,23.682252171770816,in
2025-01-03T06:33:00,23.60032032177503,in
2025-01-03T06:34:00,23.644970014292753,in
2025-01-03T06:35:00,23.719833605497517,in
2025-01-03T06:36:00,23.83133354256528,in
2025-01-03T06:37:00,23.688959163657923,in
2025-01-03T06:38:00,23.90120058412894,in
2025-01-03T06:39:00,23.839415510857254,in
2025-01-03T06:40:00,24.212684084949498,in
2025-01-03T06:41:00,23.626685563053844,in
2025-01-03T06:42:00,23.909504896731214,in
2025-01-03T06:43:00,23.91427878914171,in
2025-01-03T06:44:00,23.73645354061016,in
2025-01-03T06:45:00,23.908148118607333,in
2025-01-03T06:46:00,24.012086465373404,in
2025-01-03T06:47:00,23.913871974787426,in
2025-01-03T06:48:00,24.109782465313284,in
2025-01-03T06:49:00,23.57813845657226,in
2025-01-03T06:50:00,23.781098889576047,in
2025-01-03T06:51:00,24.131298295999013,in
2025-01-03T06:52:00,24.04941346191565,in
2025-01-03T06:53:00,23.99621947829957,in
2025-01-03T06:54:00,24.102621780714305,in
2025-01-03T06:55:00,23.63261602696659,in
2025-01-03T06:56:00,24.04186499128506,in
2025-01-03T06:57:00,24.084565997270207,in
2025-01-03T06:58:00,23.828455881490886,in
2025-01-03T06:59:00,24.32396021534131,in
2025-01-03T07:00:00,23.961303997187443,in
2025-01-03T07:01:00,23.605176521451604,in
2025-01-03T07:02:00,23.993486080446278,in
2025-01-03T07:03:00,23.830482814915097,in
2025-01-03T07:04:00,24.11534074364142,in
2025-01-03T07:05:00,24.024875744635217,in
2025-01-03T07:06:00,23.855051529953926,in
2025-01-03T07:07:00,24.172126304660328,in
2025-01-03T07:08:00,24.089657825467366,in
2025-01-03T07:09:00,23.82649664286471,in
2025-01-03T07:10:00,23.92978525215574,in
2025-01-03T07:11:00,24.03199973153997,in
2025-01-03T07:12:00,23.901655712051717,in
2025-01-03T07:13:00,23.907931034392078,in
2025-01-03T07:14:00,23.965358163481334,in
2025-01-03T07:15:00,23.801700773200853,in
2025-01-03T07:16:00,23.62833956610878,in
2025-01-03T07:17:00,24.000771024800823,in
2025-01-03T07:18:00,23.66817482273363,in
2025-01-03T07:19:00,23.819125589820874,in
2025-01-03T07:20:00,23.703878152182128,in
2025-01-03T07:21:00,23.723845450951963,in
2025-01-03T07:22:00,24.036524479192355,in
2025-01-03T07:23:00,23.940646508361453,in
2025-01-03T07:24:00,23.936616612870058,in
2025-01-03T07:25:00,23.779337753391918,in
2025-01-03T07:26:00,23.87965436339805,in
2025-01-03T07:27:00,24.035771047520868,in
2025-01-03T07:28:00,23.972723047687168,in
2025-01-03T07:29:00,24.105132903930063,in
2025-01-03T07:30:00,24.127653524566508,in
2025-01-03T07:31:00,23.946176920620697,in
2025-01-03T07:32:00,23.70725491039457,in
2025-01-03T07:33:00,23.87264017904992,in
2025-01-03T07:34:00,23.97249031922227,in
2025-01-03T07:35:00,23.87163961864402,in
2025-01-03T07:36:00,23.830850159036483,in
2025-01-03T07:37:00,24.000399879135344,in
2025-01-03T07:38:00,24.35533786214435,in
2025-01-03T07:39:00,23.91838164584387,in
2025-01-03T07:40:00,23.991968518309726,in
2025-01-03T07:41:00,23.796325623410873,in
2025-01-03T07:42:00,24.180344825722482,in
2025-01-03T07:43:00,24.125711826701686,in
2025-01-03T07:44:00,24.115988221439533,in
2025-01-03T07:45:00,24.19968721817292,in
2025-01-03T07:46:00,23.932168393639515,in
2025-01-03T07:47:00,23.951420668137853,in
2025-01-03T07:48:00,24.253740849292146,in
2025-01-03T07:49:00,24.092605988411588,in
2025-01-03T07:50:00,23.66521316996209,in
2025-01-03T07:51:00,24.066681218826997,in
2025-01-03T07:52:00,23.911526944922752,in
2025-01-03T07:53:00,24.133792955371923,in
2025-01-03T07:54:00,24.06054322036414,in
2025-01-03T07:55:00,23.738442639556396,in
2025-01-03T07:56:00,24.040019915887104,in
2025-01-03T07:57:00,24.031422814235757,in
2025-01-03T07:58:00,24.05444321909806,in
2025-01-03T07:59:00,24.086310289228464,in
2025-01-03T08:00:00,24.22439489397326,in
2025-01-03T08:01:00,24.062064309883613,in
2025-01-03T08:02:00,24.003358615199513,in
2025-01-03T08:03:00,24.17202378827625,in
2025-01-03T08:04:00,24.336106498851247,in
2025-01-03T08:05:00,24.13678466728503,in
2025-01-03T08:06:00,24.030245568972326,in
2025-01-03T08:07:00,24.063946764138763,in
2025-01-03T08:08:00,24.03718821794793,in
2025-01-03T08:09:00,24.001235834772444,in
2025-01-03T08:10:00,24.322872067889673,in
2025-01-03T08:11:00,23.88533876682244,in
2025-01-03T08:12:00,24.170494943745553,in
2025-01-03T08:13:00,23.97790479970961,in
2025-01-03T08:14:00,23.774206721322926,in
2025-01-03T08:15:00,23.96747018493923,in
2025-01-03T08:16:00,23.91311172545656,in
2025-01-03T08:17:00,24.08113696796162,in
2025-01-03T08:18:00,24.007529700865042,in
2025-01-03T08:19:00,23.839826975448325,in
2025-01-03T08:20:00,24.213040583206947,in
2025-01-03T08:21:00,24.155129955820684,in
2025-01-03T08:22:00,24.228700726548816,in
2025-01-03T08:23:00,24.02548173611204,in
2025-01-03T08:24:00,23.983683830494442,in
2025-01-03T08:25:00,24.093646748837433,in
2025-01-03T08:26:00,23.900522458215043,in
2025-01-03T08:27:00,24.00564584711783,in
2025-01-03T08:28:00,23.95874061838444,in
2025-01-03T08:29:00,23.764854751780945,in
2025-01-03T08:30:00,24.00200804847348,in
2025-01-03T08:31:00,23.91558676101227,in
2025-01-03T08:32:00,23.944153312880395,in
2025-01-03T08:33:00,24.033870515486832,in
2025-01-03T08:34:00,24.16891169682183,in
2025-01-03T08:35:00,23.849407507353327,in
2025-01-03T08:36:00,23.924892948920874,in
2025-01-03T08:37:00,23.85923032866649,in
2025-01-03T08:38:00,23.848044114904614,in
2025-01-03T08:39:00,23.88192677656869,in
2025-01-03T08:40:00,23.94014796360214,in
2025-01-03T08:41:00,24.055962143824207,in
2025-01-03T08:42:00,24.014576679845636,in
2025-01-03T08:43:00,23.80637224558853,in
2025-01-03T08:44:00,24.1573784154829,in
2025-01-03T08:45:00,24.103232406778016,in
2025-01-03T08:46:00,23.824671561650202,in
2025-01-03T08:47:00,24.141707578757103,in
2025-01-03T08:48:00,24.00533596335705,in
2025-01-03T08:49:00,23.93099391748657,in
2025-01-03T08:50:00,24.006304020911763,in
2025-01-03T08:51:00,23.9468190216732,in
2025-01-03T08:52:00,24.03050192774268,in
2025-01-03T08:53:00,23.97485584539057,in
2025-01-03T08:54:00,23.894125932954523,in
2025-01-03T08:55:00,23.638810125752315,in
2025-01-03T08:56:00,24.01966883364678,in
2025-01-03T08:57:00,23.882413527655498,in
2025-01-03T08:58:00,24.052987272203,in
2025-01-03T08:59:00,24.006343137169242,in
2025-01-03T09:00:00,23.879702020904734,in
2025-01-03T09:01:00,24.083022876319227,in
2025-01-03T09:02:00,23.95798715569273,in
2025-01-03T09:03:00,23.94945690001401,in
2025-01-03T09:04:00,23.901806788862167,in
2025-01-03T09:05:00,24.172633065607826,in
2025-01-03T09:06:00,23.810649460372037,in
2025-01-03T09:07:00,23.866741540990773,in
2025-01-03T09:08:00,23.727009240164072,in
2025-01-03T09:09:00,24.01904955051305,in
2025-01-03T09:10:00,23.8201115505428,in
2025-01-03T09:11:00,23.83428626202761,in
2025-01-03T09:12:00,23.82457253776673,in
2025-01-03T09:13:00,23.90880653981311,in
2025-01-03T09:14:00,23.709033372713527,in
2025-01-03T09:15:00,23.557373469074875,in
2025-01-03T09:16:00,23.959692756807552,in
2025-01-03T09:17:00,23.57114438485501,in
2025-01-03T09:18:00,24.013403649780965,in
2025-01-03T09:19:00,24.116131192943016,in
2025-01-03T09:20:00,23.854751670981564,in
2025-01-03T09:21:00,24.071306613853043,in
2025-01-03T09:22:00,23.869705915565312,in
2025-01-03T09:23:00,24.110156593233704,in
2025-01-03T09:24:00,23.79872817517742,in
2025-01-03T09:25:00,23.50928346715093,in
2025-01-03T09:26:00,23.848848374348073,in
2025-01-03T09:27:00,24.11381358475546,in
2025-01-03T09:28:00,23.93461295502464,in
2025-01-03T09:29:00,23.77378252375446,in
2025-01-03T09:30:00,23.89709424041528,in
2025-01-03T09:31:00,23.99007066910879,in
2025-01-03T09:32:00,23.82816724106771,in
2025-01-03T09:33:00,24.231540933099154,in
2025-01-03T09:34:00,23.756507455292326,in
2025-01-03T09:35:00,23.980999566545606,in
2025-01-03T09:36:00,23.94138150075747,in
2025-01-03T09:37:00,23.718549973449466,in
2025-01-03T09:38:00,23.756256501650935,in
2025-01-03T09:39:00,23.96900114477207,in
2025-01-03T09:40:00,23.834333757213937,in
2025-01-03T09:41:00,23.85962104991783,in
2025-01-03T09:42:00,23.55977546564407,in
2025-01-03T09:43:00,23.899796276919492,in
2025-01-03T09:44:00,23.84068261921072,in
2025-01-03T09:45:00,23.784158979669208,in
2025-01-03T09:46:00,23.844002502662914,in
2025-01-03T09:47:00,23.724575230753636,in
2025-01-03T09:48:00,23.693227672794215,in
2025-01-03T09:49:00,23.74175145322561,in
2025-01-03T09:50:00,23.7043911896087,in
2025-01-03T09:51:00,24.097054709082567,in
2025-01-03T09:52:00,23.902675795044395,in
2025-01-03T09:53:00,23.616511137815017,in
2025-01-03T09:54:00,24.06307862566306,in
2025-01-03T09:55:00,23.688525019699572,in
2025-01-03T09:56:00,23.753657719398433,in
2025-01-03T09:57:00,23.87960459338529,in
2025-01-03T09:58:00,23.445213110295157,in
2025-01-03T09:59:00,23.70084375193714,in
2025-01-03T10:00:00,23.646050729923804,in
2025-01-03T10:01:00,23.758433022340412,in
2025-01-03T10:02:00,23.778765773372868,in
2025-01-03T10:03:00,23.707223918203052,in
2025-01-03T10:04:00,23.695787506677377,in
2025-01-03T10:05:00,23.86959344724121,in
2025-01-03T10:06:00,23.75050321825829,in
2025-01-03T10:07:00,23.706918201498915,in
2025-01-03T10:08:00,23.718276781031875,in
2025-01-03T10:09:00,23.96683899303748,in
2025-01-03T10:10:00,23.71268398817339,in
2025-01-03T10:11:00,23.60491075018393,in
2025-01-03T10:12:00,23.39099127259919,in
2025-01-03T10:13:00,23.457481705590276,in
2025-01-03T10:14:00,23.597717759872374,in
2025-01-03T10:15:00,23.64668269801197,in
2025-01-03T10:16:00,23.574731926168546,in
2025-01-03T10:17:00,23.705851094811248,in
2025-01-03T10:18:00,23.562976170567783,in
2025-01-03T10:19:00,23.506120485364015,in
2025-01-03T10:20:00,23.730200663881597,in
2025-01-03T10:21:00,23.83869228485506,in
2025-01-03T10:22:00,23.462155897050657,in
2025-01-03T10:23:00,23.6597053434862,in
2025-01-03T10:24:00,23.332283290026822,in
2025-01-03T10:25:00,23.391708488925893,in
2025-01-03T10:26:00,23.51939884703786,in
2025-01-03T10:27:00,23.7727441902387,in
2025-01-03T10:28:00,23.48046511563877,in
2025-01-03T10:29:00,23.469588933854414,in
2025-01-03T10:30:00,23.59211977286664,in
2025-01-03T10:31:00,23.586941689160167,in
2025-01-03T10:32:00,23.45825178630024,in
2025-01-03T10:33:00,23.868567096850974,in
2025-01-03T10:34:00,23.525411807737523,in
2025-01-03T10:35:00,23.576806713548475,in
2025-01-03T10:36:00,23.494024992257376,in
2025-01-03T10:37:00,23.61478102248705,in
2025-01-03T10:38:00,23.728492800731058,in
2025-01-03T10:39:00,23.787233218690105,in
2025-01-03T10:40:00,23.417749034948375,in
2025-01-03T10:41:00,23.69158421601024,in
2025-01-03T10:42:00,23.603264054132715,in
2025-01-03T10:43:00,23.661310460187114,in
2025-01-03T10:44:00,23.495637269541625,in
2025-01-03T10:45:00,23.475623498965625,in
2025-01-03T10:46:00,23.638268638435104,in
2025-01-03T10:47:00,23.635318626031843,in
2025-01-03T10:48:00,23.72114773553407,in
2025-01-03T10:49:00,23.51021838829124,in
2025-01-03T10:50:00,23.458517479475034,in
2025-01-03T10:51:00,23.099666981872243,in
2025-01-03T10:52:00,23.221018322539045,in
2025-01-03T10:53:00,23.397604198987292,in
2025-01-03T10:54:00,23.285589902337644,in
2025-01-03T10:55:00,23.566847508934497,in
2025-01-03T10:56:00,23.24217645644046,in
2025-01-03T10:57:00,23.35740823759677,in
2025-01-03T10:58:00,23.357196924337593,in
2025-01-03T10:59:00,23.601082213756488,in
2025-01-03T11:00:00,23.32297775002015,in
2025-01-03T11:01:00,23.475891266619136,in
2025-01-03T11:02:00,23.431174447728107,in
2025-01-03T11:03:00,23.531074192500455,in
2025-01-03T11:04:00,23.516848998735465,in
2025-01-03T11:05:00,23.378010094634107,in
2025-01-03T11:06:00,23.12226497449643,in
2025-01-03T11:07:00,23.335604847655873,in
2025-01-03T11:08:00,23.361003373445175,in
2025-01-03T11:09:00,23.400502876038804,in
2025-01-03T11:10:00,23.2405471434482,in
2025-01-03T11:11:00,23.51586878263063,in
2025-01-03T11:12:00,23.340304125464968,in
2025-01-03T11:13:00,23.19368872982985,in
2025-01-03T11:14:00,23.256505920620224,in
2025-01-03T11:15:00,23.607973028295163,in
2025-01-03T11:16:00,23.41177474192299,in
2025-01-03T11:17:00,23.462787988260107,in
2025-01-03T11:18:00,23.142658051203355,in
2025-01-03T11:19:00,23.188923505458355,in
2025-01-03T11:20:00,23.18336187349089,in
2025-01-03T11:21:00,23.306537064599464,in
2025-01-03T11:22:00,23.246056165892693,in
2025-01-03T11:23:00,23.19198649543648,in
2025-01-03T11:24:00,23.204030343224158,in
2025-01-03T11:25:00,23.132741666366858,in
2025-01-03T11:26:00,23.218053380240033,in
2025-01-03T11:27:00,23.405170236194735,in
2025-01-03T11:28:00,23.004352047918854,in
2025-01-03T11:29:00,23.276406475114186,in
2025-01-03T11:30:00,23.424536762249385,in
2025-01-03T11:31:00,23.183109911300956,in
2025-01-03T11:32:00,23.124298641932214,in
2025-01-03T11:33:00,23.33528392403391,in
2025-01-03T11:34:00,23.04201229197236,in
2025-01-03T11:35:00,23.17921556723636,in
2025-01-03T11:36:00,23.019593889527087,in
2025-01-03T11:37:00,22.887984185771227,in
2025-01-03T11:38:00,23.13860827170266,in
2025-01-03T11:39:00,22.96478112058442,in
2025-01-03T11:40:00,23.14540229570272,in
2025-01-03T11:41:00,23.307247968849715,in
2025-01-03T11:42:00,23.410950784851607,in
2025-01-03T11:43:00,23.13963924798162,in
2025-01-03T11:44:00,23.271268181737838,in
2025-01-03T11:45:00,23.1709848635552,in
2025-01-03T11:46:00,23.046406928542858,in
2025-01-03T11:47:00,22.807870005950196,in
2025-01-03T11:48:00,23.333251919092373,in
2025-01-03T11:49:00,22.924583614343824,in
2025-01-03T11:50:00,23.282014853406313,in
2025-01-03T11:51:00,23.147750176220562,in
2025-01-03T11:52:00,22.91343661067931,in
2025-01-03T11:53:00,23.099227601576583,in
2025-01-03T11:54:00,23.364933788624697,in
2025-01-03T11:55:00,23.267894403450608,in
2025-01-03T11:56:00,22.953169191399944,in
2025-01-03T11:57:00,22.9157890584264,in
2025-01-03T11:58:00,23.03010793151882,in
2025-01-03T11:59:00,22.982720894745576,in
2025-01-03T12:00:00,23.17996060784641,in
2025-01-03T12:01:00,23.103371377813687,in
2025-01-03T12:02:00,22.731010879977674,in
2025-01-03T12:03:00,23.0460437713075,in
2025-01-03T12:04:00,22.94275559636257,in
2025-01-03T12:05:00,22.967543758242986,in
2025-01-03T12:06:00,22.991658972658318,in
2025-01-03T12:07:00,23.12644868516118,in
2025-01-03T12:08:00,23.085612070103686,in
2025-01-03T12:09:00,22.818767629547132,in
2025-01-03T12:10:00,22.91470543131662,in
2025-01-03T12:11:00,22.848469621305334,in
2025-01-03T12:12:00,22.65570410414311,in
2025-01-03T12:13:00,22.88379130593471,in
2025-01-03T12:14:00,23.16910879035348,in
2025-01-03T12:15:00,22.627770871375546,in
2025-01-03T12:16:00,22.873133024529146,in
2025-01-03T12:17:00,22.860469792997385,in
2025-01-03T12:18:00,22.90418251438124,in
2025-01-03T12:19:00,22.708728736193827,in
2025-01-03T12:20:00,22.631469934861407,in
2025-01-03T12:21:00,22.630529826555662,in
2025-01-03T12:22:00,23.029026549062202,in
2025-01-03T12:23:00,22.674034809072676,in
2025-01-03T12:24:00,22.738538957403627,in
2025-01-03T12:25:00,23.12118826950942,in
2025-01-03T12:26:00,22.687359789334025,in
2025-01-03T12:27:00,22.840847652461175,in
2025-01-03T12:28:00,22.941034008472375,in
2025-01-03T12:29:00,22.925779951320532,in
2025-01-03T12:30:00,22.56563041117363,in
2025-01-03T12:31:00,22.650294367549645,in
2025-01-03T12:32:00,22.794567783269624,in
2025-01-03T12:33:00,23.03046749362717,in
2025-01-03T12:34:00,22.618775854652416,in
2025-01-03T12:35:00,22.650834128950745,in
2025-01-03T12:36:00,22.77967206230075,in
2025-01-03T12:37:00,22.80153081009769,in
2025-01-03T12:38:00,22.802452863164348,in
2025-01-03T12:39:00,22.56528073442977,in
2025-01-03T12:40:00,22.604233066111178,in
2025-01-03T12:41:00,22.708158615976952,in
2025-01-03T12:42:00,22.856960415361783,in
2025-01-03T12:43:00,22.62360867820781,in
2025-01-03T12:44:00,22.647791023901746,in
2025-01-03T12:45:00,22.488989665035415,in
2025-01-03T12:46:00,22.91409333759402,in
2025-01-03T12:47:00,22.649467055038755,in
2025-01-03T12:48:00,22.77969720568341,in
2025-01-03T12:49:00,22.614213179266162,in
2025-01-03T12:50:00,22.61420165879506,in
2025-01-03T12:51:00,22.368036816323333,in
2025-01-03T12:52:00,22.262129128991592,in
2025-01-03T12:53:00,22.764178318043573,in
2025-01-03T12:54:00,22.57973942154721,in
2025-01-03T12:55:00,22.59062224650998,in
2025-01-03T12:56:00,22.36391664880394,in
2025-01-03T12:57:00,22.407421273061107,in
2025-01-03T12:58:00,22.693822052326766,in
2025-01-03T12:59:00,22.78708399454217,in
2025-01-03T13:00:00,22.42444698813916,in
2025-01-03T13:01:00,22.609926389665517,in
2025-01-03T13:02:00,22.529263748011125,in
2025-01-03T13:03:00,22.474227245046325,in
2025-01-03T13:04:00,22.761637644226084,in
2025-01-03T13:05:00,22.407391537748936,in
2025-01-03T13:06:00,22.652997623264433,in
2025-01-03T13:07:00,22.515614279401138,in
2025-01-03T13:08:00,22.44736871033301,in
2025-01-03T13:09:00,22.647197445997964,in
2025-01-03T13:10:00,22.47639940263966,in
2025-01-03T13:11:00,22.40989121482605,in
2025-01-03T13:12:00,22.622739707582824,in
2025-01-03T13:13:00,22.594672840346142,in
2025-01-03T13:14:00,22.579030367007476,in
2025-01-03T13:15:00,21.80700999278931,in
2025-01-03T13:16:00,22.447644484613853,in
2025-01-03T13:17:00,22.404865650977968,in
2025-01-03T13:18:00,22.35924156287148,in
2025-01-03T13:19:00,22.44735403604359,in
2025-01-03T13:20:00,22.38637988620954,in
2025-01-03T13:21:00,22.440370120297132,in
2025-01-03T13:22:00,22.28990094055811,in
2025-01-03T13:23:00,22.546212225734127,in
2025-01-03T13:24:00,22.42971055884639,in
2025-01-03T13:25:00,22.38562576095706,in
2025-01-03T13:26:00,22.36967460731525,in
2025-01-03T13:27:00,22.460577440106395,in
2025-01-03T13:28:00,22.431599369960455,in
2025-01-03T13:29:00,22.252786052515503,in
2025-01-03T13:30:00,22.4095989415636,in
2025-01-03T13:31:00,22.278505774277967,in
2025-01-03T13:32:00,22.531277705535345,in
2025-01-03T13:33:00,22.399733966572725,in
2025-01-03T13:34:00,22.13256502975156,in
2025-01-03T13:35:00,22.56734035312147,in
2025-01-03T13:36:00,21.893750951136838,in
2025-01-03T13:37:00,22.29597933432451,in
2025-01-03T13:38:00,22.087254405623657,in
2025-01-03T13:39:00,22.46533028137776,in
2025-01-03T13:40:00,22.21223239528961,in
2025-01-03T13:41:00,22.046547095261346,in
2025-01-03T13:42:00,22.116943984622754,in
2025-01-03T13:43:00,22.04112726159096,in
2025-01-03T13:44:00,22.09364640070274,in
2025-01-03T13:45:00,22.081509116076862,in
2025-01-03T13:46:00,22.009423698764557,in
2025-01-03T13:47:00,22.153895146864155,in
2025-01-03T13:48:00,22.1633555369969,in
2025-01-03T13:49:00,21.946510298351292,in
2025-01-03T13:50:00,21.838498460274074,in
2025-01-03T13:51:00,22.125163099340572,in
2025-01-03T13:52:00,22.149587076072933,in
2025-01-03T13:53:00,22.170609540713833,in
2025-01-03T13:54:00,22.13503005385487,in
2025-01-03T13:55:00,22.279537286429672,in
2025-01-03T13:56:00,22.184464995914258,in
2025-01-03T13:57:00,22.428153420605028,in
2025-01-03T13:58:00,22.48255015052169,in
2025-01-03T13:59:00,21.74501123042279,in
2025-01-03T14:00:00,21.670429205314623,in
2025-01-03T14:01:00,21.9901646867535,in
2025-01-03T14:02:00,22.058181793485304,in
2025-01-03T14:03:00,21.962438057506454,in
2025-01-03T14:04:00,22.0706322540341,in
2025-01-03T14:05:00,21.91583391862112,in
2025-01-03T14:06:00,21.843553488872136,in
2025-01-03T14:07:00,21.8574893446027,in
2025-01-03T14:08:00,21.900175751235366,in
2025-01-03T14:09:00,22.048007220090884,in
2025-01-03T14:10:00,21.83975012076946,in
2025-01-03T14:11:00,21.860698437519808,in
2025-01-03T14:12:00,21.980860614120765,in
2025-01-03T14:13:00,21.85679496524147,in
2025-01-03T14:14:00,22.045409503527097,in
2025-01-03T14:15:00,21.731267806704455,in
2025-01-03T14:16:00,21.69003248904193,in
2025-01-03T14:17:00,21.897477374711954,in
2025-01-03T14:18:00,21.903725077884033,in
2025-01-03T14:19:00,21.704639660863084,in
2025-01-03T14:20:00,22.027227824703797,in
2025-01-03T14:21:00,22.10573728413873,in
2025-01-03T14:22:00,21.714130363033448,in
2025-01-03T14:23:00,22.022718977685525,in
2025-01-03T14:24:00,21.433623247664585,in
2025-01-03T14:25:00,21.943683090303775,in
2025-01-03T14:26:00,21.644929156794923,in
2025-01-03T14:27:00,21.911336107380148,in
2025-01-03T14:28:00,21.612069915296207,in
2025-01-03T14:29:00,21.73732893153432,in
2025-01-03T14:30:00,21.617430276078625,in
2025-01-03T14:31:00,21.698216034785244,in
2025-01-03T14:32:00,21.996142402419437,in
2025-01-03T14:33:00,21.696824086528636,in
2025-01-03T14:34:00,22.02092642132966,in
2025-01-03T14:35:00,21.63788134345624,in
2025-01-03T14:36:00,21.910895775490562,in
2025-01-03T14:37:00,21.434660977815426,in
2025-01-03T14:38:00,21.62692842997192,in
2025-01-03T14:39:00,21.58088449450315,in
2025-01-03T14:40:00,21.88335948478571,in
2025-01-03T14:41:00,21.671900226957728,in
2025-01-03T14:42:00,21.322316473568584,in
2025-01-03T14:43:00,21.430432479773998,in
2025-01-03T14:44:00,21.46648267184,in
2025-01-03T14:45:00,21.749926900084574,in
2025-01-03T14:46:00,21.722015253714048,in
2025-01-03T14:47:00,21.547656582775478,in
2025-01-03T14:48:00,21.50190014932185,in
2025-01-03T14:49:00,21.683102891814613,in
2025-01-03T14:50:00,21.397692308259,in
2025-01-03T14:51:00,21.627255476649555,in
2025-01-03T14:52:00,21.605975590842803,in
2025-01-03T14:53:00,21.50041077919516,in
2025-01-03T14:54:00,21.59276096704505,in
2025-01-03T14:55:00,21.539942368308857,in
2025-01-03T14:56:00,21.59076913301415,in
2025-01-03T14:57:00,21.30757806767,in
2025-01-03T14:58:00,21.59141528897042,in
2025-01-03T14:59:00,21.64478630301429,in
2025-01-03T15:00:00,21.530504622879626,in
2025-01-03T15:01:00,21.564119948732774,in
2025-01-03T15:02:00,21.449035350232023,in
2025-01-03T15:03:00,21.59081898520931,in
2025-01-03T15:04:00,21.45851235756298,in
2025-01-03T15:05:00,21.268150779569826,in
2025-01-03T15:06:00,21.555001733824643,in
2025-01-03T15:07:00,21.178485526605662,in
2025-01-03T15:08:00,21.457673552197786,in
2025-01-03T15:09:00,21.349283422541813,in
2025-01-03T15:10:00,21.331369538535746,in
2025-01-03T15:11:00,21.416069714432908,in
2025-01-03T15:12:00,21.27557278262741,in
2025-01-03T15:13:00,21.450503289151676,in
2025-01-03T15:14:00,21.37391018208312,in
2025-01-03T15:15:00,21.264526976681847,in
2025-01-03T15:16:00,21.549590626592632,in
2025-01-03T15:17:00,21.37133610101935,in
2025-01-03T15:18:00,21.42700642154613,in
2025-01-03T15:19:00,21.53665487341751,in
2025-01-03T15:20:00,21.52598649371782,in
2025-01-03T15:21:00,21.394733703923443,in
2025-01-03T15:22:00,21.254186507329592,in
2025-01-03T15:23:00,21.076962355873984,in
2025-01-03T15:24:00,21.314267705981365,in
2025-01-03T15:25:00,21.439311570805206,in
2025-01-03T15:26:00,21.320144769460402,in
2025-01-03T15:27:00,20.742197517515145,in
2025-01-03T15:28:00,21.381296136392145,in
2025-01-03T15:29:00,21.3824276385115,in
2025-01-03T15:30:00,21.189449806210877,in
2025-01-03T15:31:00,21.374832328014392,in
2025-01-03T15:32:00,21.31273255518046,in
2025-01-03T15:33:00,21.107686268389163,in
2025-01-03T15:34:00,21.39319702958216,in
2025-01-03T15:35:00,21.004385081816615,in
2025-01-03T15:36:00,21.17794001319256,in
2025-01-03T15:37:00,21.155011947857236,in
2025-01-03T15:38:00,21.046797791859206,in
2025-01-03T15:39:00,21.20824960507249,in
2025-01-03T15:40:00,21.351318811454558,in
2025-01-03T15:41:00,21.334023800976293,in
2025-01-03T15:42:00,21.247527438594698,in
2025-01-03T15:43:00,20.876721109159124,in
2025-01-03T15:44:00,20.92286486129028,in
2025-01-03T15:45:00,21.14034798752581,in
2025-01-03T15:46:00,21.102469117617847,in
2025-01-03T15:47:00,21.02509114380039,in
2025-01-03T15:48:00,21.377817480139136,in
2025-01-03T15:49:00,21.10013119274176,in
2025-01-03T15:50:00,21.157864684708553,in
2025-01-03T15:51:00,21.216955041492046,in
2025-01-03T15:52:00,21.069300641879092,in
2025-01-03T15:53:00,21.44201999081717,in
2025-01-03T15:54:00,20.90462663411543,in
2025-01-03T15:55:00,20.947111723677107,in
2025-01-03T15:56:00,20.888956901764953,in
2025-01-03T15:57:00,21.257156259970184,in
2025-01-03T15:58:00,21.135465760925868,in
2025-01-03T15:59:00,20.925944205741796,in
2025-01-03T16:00:00,20.870418543756788,in
2025-01-03T16:01:00,21.20018562099934,in
2025-01-03T16:02:00,21.03917643137942,in
2025-01-03T16:03:00,21.188976523138344,in
2025-01-03T16:04:00,20.960901447562662,in
2025-01-03T16:05:00,21.039183782044,in
2025-01-03T16:06:00,21.000037018854705,in
2025-01-03T16:07:00,20.85395545254015,in
2025-01-03T16:08:00,20.91853984771224,in
2025-01-03T16:09:00,20.755125466524024,in
2025-01-03T16:10:00,20.99951680686544,in
2025-01-03T16:11:00,21.032238369216046,in
2025-01-03T16:12:00,21.059246109985747,in
2025-01-03T16:13:00,21.003395274935823,in
2025-01-03T16:14:00,20.876894508900428,in
2025-01-03T16:15:00,21.12165513072235,in
2025-01-03T16:16:00,21.01546046621794,in
2025-01-03T16:17:00,21.08267208985843,in
2025-01-03T16:18:00,21.084880531820886,in
2025-01-03T16:19:00,20.841166526511362,in
2025-01-03T16:20:00,20.911029045831892,in
2025-01-03T16:21:00,20.96189439745016,in
2025-01-03T16:22:00,20.66622282044796,in
2025-01-03T16:23:00,20.662454692868312,in
2025-01-03T16:24:00,20.629532748515793,in
2025-01-03T16:25:00,20.801165689994853,in
2025-01-03T16:26:00,20.760356867615577,in
2025-01-03T16:27:00,20.5880002046144,in
2025-01-03T16:28:00,20.818773687850708,in
2025-01-03T16:29:00,20.775069186406725,in
2025-01-03T16:30:00,20.95981316749411,in
2025-01-03T16:31:00,21.07751230180097,in
2025-01-03T16:32:00,20.837144600410817,in
2025-01-03T16:33:00,20.6573175231754,in
2025-01-03T16:34:00,20.851979383326825,in
2025-01-03T16:35:00,20.749548494129954,in
2025-01-03T16:36:00,20.7053404298331,in
2025-01-03T16:37:00,20.605349174698,in
2025-01-03T16:38:00,20.658210553561176,in
2025-01-03T16:39:00,20.694453344347757,in
2025-01-03T16:40:00,20.835039239451742,in
2025-01-03T16:41:00,20.784405877775253,in
2025-01-03T16:42:00,20.974940324778906,in
2025-01-03T16:43:00,20.795631206151526,in
2025-01-03T16:44:00,20.751526180703344,in
2025-01-03T16:45:00,20.63537381497898,in
2025-01-03T16:46:00,20.51914045629152,in
2025-01-03T16:47:00,20.582752651720362,in
2025-01-03T16:48:00,20.556762987867994,in
2025-01-03T16:49:00,20.271130362440893,in
2025-01-03T16:50:00,20.49752481738256,in
2025-01-03T16:51:00,20.882729973139014,in
2025-01-03T16:52:00,20.691293311818853,in
2025-01-03T16:53:00,20.573155441045518,in
2025-01-03T16:54:00,20.683062821933493,in
2025-01-03T16:55:00,20.323963209576053,in
2025-01-03T16:56:00,20.652997916551374,in
2025-01-03T16:57:00,20.796042919788764,in
2025-01-03T16:58:00,20.58001407933689,in
2025-01-03T16:59:00,20.32617212215078,in
2025-01-03T17:00:00,20.5236953574104,in
2025-01-03T17:01:00,20.771518548000895,in
2025-01-03T17:02:00,20.612293550226287,in
2025-01-03T17:03:00,20.35464959893166,in
2025-01-03T17:04:00,20.91646477620028,in
2025-01-03T17:05:00,20.36720079844372,in
2025-01-03T17:06:00,20.51281257073344,in
2025-01-03T17:07:00,20.387650160137373,in
2025-01-03T17:08:00,20.381892294524622,in
2025-01-03T17:09:00,20.463532313768354,in
2025-01-03T17:10:00,20.620867850356664,in
2025-01-03T17:11:00,20.713143461809274,in
2025-01-03T17:12:00,20.455785123240343,in
2025-01-03T17:13:00,20.356363716748866,in
2025-01-03T17:14:00,20.57388445592097,in
2025-01-03T17:15:00,20.572514921881424,in
2025-01-03T17:16:00,20.526637289887475,in
2025-01-03T17:17:00,20.526231003167908,in
2025-01-03T17:18:00,20.462303101848388,in
2025-01-03T17:19:00,20.488257688618326,in
2025-01-03T17:20:00,20.44066344446851,in
2025-01-03T17:21:00,20.62285289490865,in
2025-01-03T17:22:00,20.791019758330442,in
2025-01-03T17:23:00,20.47816268459171,in
2025-01-03T17:24:00,20.444722239890353,in
2025-01-03T17:25:00,20.47861023866775,in
2025-01-03T17:26:00,20.33609541614768,in
2025-01-03T17:27:00,20.544112893904234,in
2025-01-03T17:28:00,20.490154954148725,in
2025-01-03T17:29:00,20.35555032130591,in
2025-01-03T17:30:00,20.548603342273907,in
2025-01-03T17:31:00,20.410844460182567,in
2025-01-03T17:32:00,20.25722048413426,in
2025-01-03T17:33:00,20.450233041431325,in
2025-01-03T17:34:00,20.427835154275463,in
2025-01-03T17:35:00,20.531173513381628,in
2025-01-03T17:36:00,20.506698053761333,in
2025-01-03T17:37:00,20.360468086475663,in
2025-01-03T17:38:00,20.30095592282533,in
2025-01-03T17:39:00,20.36697845218531,in
2025-01-03T17:40:00,20.416192243372315,in
2025-01-03T17:41:00,20.429269280780428,in
2025-01-03T17:42:00,20.39695945397639,in
2025-01-03T17:43:00,20.33320621022486,in
2025-01-03T17:44:00,20.4914474078934,in
2025-01-03T17:45:00,20.23591549128092,in
2025-01-03T17:46:00,20.704138873688887,in
2025-01-03T17:47:00,20.441888245327544,in
2025-01-03T17:48:00,20.153536053633655,in
2025-01-03T17:49:00,20.345706373711682,in
2025-01-03T17:50:00,20.429119636079047,in
2025-01-03T17:51:00,20.2561389907641,in
2025-01-03T17:52:00,20.079632200550645,in
2025-01-03T17:53:00,20.143435958769043,in
2025-01-03T17:54:00,20.37603361294365,in
2025-01-03T17:55:00,20.026983787768852,in
2025-01-03T17:56:00,20.068263712818872,in
2025-01-03T17:57:00,20.361712389037184,in
2025-01-03T17:58:00,20.243359296589926,in
2025-01-03T17:59:00,20.167961931150494,in
2025-01-03T18:00:00,20.193739370332747,in
2025-01-03T18:01:00,20.042980299095067,in
2025-01-03T18:02:00,20.33195662268844,in
2025-01-03T18:03:00,20.134026452601788,in
2025-01-03T18:04:00,20.170397758033626,in
2025-01-03T18:05:00,20.298564259073064,in
2025-01-03T18:06:00,20.20387164435794,in
2025-01-03T18:07:00,20.132520527144077,in
2025-01-03T18:08:00,19.935689050573558,in
2025-01-03T18:09:00,20.28513860195409,in
2025-01-03T18:10:00,20.237827278784817,in
2025-01-03T18:11:00,20.144357598376022,in
2025-01-03T18:12:00,20.06237708580324,in
2025-01-03T18:13:00,20.215956484975756,in
2025-01-03T18:14:00,20.282202040874814,in
2025-01-03T18:15:00,20.22091834913327,in
2025-01-03T18:16:00,20.448121735475492,in
2025-01-03T18:17:00,20.30431969674558,in
2025-01-03T18:18:00,20.178736967849176,in
2025-01-03T18:19:00,20.30183152250575,in
2025-01-03T18:20:00,20.194683767685362,in
2025-01-03T18:21:00,20.190492565528235,in
2025-01-03T18:22:00,20.37453202784357,in
2025-01-03T18:23:00,20.041767231124744,in
2025-01-03T18:24:00,20.17640553192304,in
2025-01-03T18:25:00,20.347833542158547,in
2025-01-03T18:26:00,20.21222843495599,in
2025-01-03T18:27:00,20.107059631896888,in
2025-01-03T18:28:00,19.903066328288997,in
2025-01-03T18:29:00,19.81504601533004,in
2025-01-03T18:30:00,20.46366811344154,in
2025-01-03T18:31:00,20.19519576515249,in
2025-01-03T18:32:00,20.058021320003483,in
2025-01-03T18:33:00,20.194799427625625,in
2025-01-03T18:34:00,19.99701374329045,in
2025-01-03T18:35:00,20.086304069824966,in
2025-01-03T18:36:00,19.99169808805665,in
2025-01-03T18:37:00,19.9177385429433,in
2025-01-03T18:38:00,19.810907879627514,in
2025-01-03T18:39:00,19.88396871932071,in
2025-01-03T18:40:00,20.273807923018804,in
2025-01-03T18:41:00,19.969615675305754,in
2025-01-03T18:42:00,20.194950834586074,in
2025-01-03T18:43:00,20.255319067691214,in
2025-01-03T18:44:00,20.111449801582484,in
2025-01-03T18:45:00,20.06135465916163,in
2025-01-03T18:46:00,20.12330612766675,in
2025-01-03T18:47:00,20.03810869261763,in
2025-01-03T18:48:00,20.278473356718187,in
2025-01-03T18:49:00,20.376688481835117,in
2025-01-03T18:50:00,20.31003787305919,in
2025-01-03T18:51:00,19.767225625869592,in
2025-01-03T18:52:00,20.02183647424491,in
2025-01-03T18:53:00,20.085481149207546,in
2025-01-03T18:54:00,20.151819224326996,in
2025-01-03T18:55:00,19.820803110572836,in
2025-01-03T18:56:00,19.81596005906802,in
2025-01-03T18:57:00,20.271107989536517,in
2025-01-03T18:58:00,19.988871195791287,in
2025-01-03T18:59:00,19.84731440157439,in
2025-01-03T19:00:00,19.902602226263422,in
2025-01-03T19:01:00,20.124479318668946,in
2025-01-03T19:02:00,19.940322566274265,in
2025-01-03T19:03:00,20.0977820269141,in
2025-01-03T19:04:00,19.912599443036033,in
2025-01-03T19:05:00,19.795685841265875,in
2025-01-03T19:06:00,20.268917183687844,in
2025-01-03T19:07:00,20.112969969772447,in
2025-01-03T19:08:00,20.001197241243812,in
2025-01-03T19:09:00,19.971111100730734,in
2025-01-03T19:10:00,20.267143041121418,in
2025-01-03T19:11:00,20.134267293903953,in
2025-01-03T19:12:00,20.215726753277753,in
2025-01-03T19:13:00,19.95435515340745,in
2025-01-03T19:14:00,20.047750571785276,in
2025-01-03T19:15:00,20.098759276593018,in
2025-01-03T19:16:00,19.954235266707595,in
2025-01-03T19:17:00,20.020769388198435,in
2025-01-03T19:18:00,19.945948633889603,in
2025-01-03T19:19:00,20.09177748433275,in
2025-01-03T19:20:00,19.832175369397998,in
2025-01-03T19:21:00,20.114683384770906,in
2025-01-03T19:22:00,20.074035777186975,in
2025-01-03T19:23:00,19.99551098760344,in
2025-01-03T19:24:00,20.092050890657536,in
2025-01-03T19:25:00,19.96853590950453,in
2025-01-03T19:26:00,19.921448662077072,in
2025-01-03T19:27:00,20.102256149578963,in
2025-01-03T19:28:00,20.107515963290012,in
2025-01-03T19:29:00,19.94217766940488,in
2025-01-03T19:30:00,19.92815243341592,in
2025-01-03T19:31:00,19.988544078076504,in
2025-01-03T19:32:00,19.932106848795254,in
2025-01-03T19:33:00,20.242630952572487,in
2025-01-03T19:34:00,20.060327645775956,in
2025-01-03T19:35:00,20.014077358587443,in
2025-01-03T19:36:00,19.8710474632101,in
2025-01-03T19:37:00,20.120911380553675,in
2025-01-03T19:38:00,19.91746686827398,in
2025-01-03T19:39:00,19.91047804818852,in
2025-01-03T19:40:00,20.123502803277997,in
2025-01-03T19:41:00,20.06496740315326,in
2025-01-03T19:42:00,19.63064819116341,in
2025-01-03T19:43:00,19.981834015236384,in
2025-01-03T19:44:00,20.023699842562497,in
2025-01-03T19:45:00,19.95334273015562,in
2025-01-03T19:46:00,20.027784953009736,in
2025-01-03T19:47:00,19.731763458448953,in
2025-01-03T19:48:00,19.578087840589742,in
2025-01-03T19:49:00,19.85598299127456,in
2025-01-03T19:50:00,20.04424062510136,in
2025-01-03T19:51:00,19.517798493240424,in
2025-01-03T19:52:00,19.874686435875883,in
2025-01-03T19:53:00,19.71251867294667,in
2025-01-03T19:54:00,19.964291724169186,in
2025-01-03T19:55:00,20.29416083453356,in
2025-01-03T19:56:00,19.9677282104876,in
2025-01-03T19:57:00,19.984045918052356,in
2025-01-03T19:58:00,20.12596079498989,in
2025-01-03T19:59:00,20.003215022230115,in
2025-01-03T20:00:00,19.9677512344716,in
2025-01-03T20:01:00,20.13901592718028,in
2025-01-03T20:02:00,20.070859226448427,in
2025-01-03T20:03:00,20.043465209086953,in
2025-01-03T20:04:00,19.979487586802097,in
2025-01-03T20:05:00,19.94856624013112,in
2025-01-03T20:06:00,20.138260982833636,in
2025-01-03T20:07:00,19.9504634253447,in
2025-01-03T20:08:00,20.18590627786521,in
2025-01-03T20:09:00,19.844469972575162,in
2025-01-03T20:10:00,20.216971150012153,in
2025-01-03T20:11:00,20.07310923949336,in
2025-01-03T20:12:00,19.85746069203305,in
2025-01-03T20:13:00,20.07956345406815,in
2025-01-03T20:14:00,19.906184968408674,in
2025-01-03T20:15:00,20.009296361674917,in
2025-01-03T20:16:00,19.931877828908565,in
2025-01-03T20:17:00,19.98556280518107,in
2025-01-03T20:18:00,20.147379951605224,in
2025-01-03T20:19:00,20.08464574282648,in
2025-01-03T20:20:00,19.838805795051147,in
2025-01-03T20:21:00,19.84817567860191,in
2025-01-03T20:22:00,20.049823944805443,in
2025-01-03T20:23:00,20.061541032532542,in
2025-01-03T20:24:00,19.90978946235539,in
2025-01-03T20:25:00,20.250584646002665,in
2025-01-03T20:26:00,20.13488052923726,in
2025-01-03T20:27:00,19.92002663128243,in
2025-01-03T20:28:00,19.906569399344956,in
2025-01-03T20:29:00,19.981818118583583,in
2025-01-03T20:30:00,19.967332115591255,in
2025-01-03T20:31:00,20.206691829286,in
2025-01-03T20:32:00,20.16714230846609,in
2025-01-03T20:33:00,20.02595765338587,in
2025-01-03T20:34:00,20.123654107409546,in
2025-01-03T20:35:00,20.14672326301616,in
2025-01-03T20:36:00,20.033362428049703,in
2025-01-03T20:37:00,20.086400068784897,in
2025-01-03T20:38:00,20.11655693003938,in
2025-01-03T20:39:00,20.102028740431177,in
2025-01-03T20:40:00,19.913563919704213,in
2025-01-03T20:41:00,19.93026214110551,in
2025-01-03T20:42:00,19.990200985619182,in
2025-01-03T20:43:00,19.92909956269195,in
2025-01-03T20:44:00,19.815780547209325,in
2025-01-03T20:45:00,20.139822233335895,in
2025-01-03T20:46:00,20.09211180978869,in
2025-01-03T20:47:00,19.84100406858695,in
2025-01-03T20:48:00,20.00756729177326,in
2025-01-03T20:49:00,20.01789491448675,in
2025-01-03T20:50:00,20.074699650036624,in
2025-01-03T20:51:00,19.887026991685826,in
2025-01-03T20:52:00,19.84816073503037,in
2025-01-03T20:53:00,20.131200157484187,in
2025-01-03T20:54:00,19.825165857364354,in
2025-01-03T20:55:00,20.02241633641528,in
2025-01-03T20:56:00,20.010496969584274,in
2025-01-03T20:57:00,20.043045532852474,in
2025-01-03T20:58:00,20.10161236242046,in
2025-01-03T20:59:00,20.305693714843827,in
2025-01-03T21:00:00,19.82822451733323,in
2025-01-03T21:01:00,20.201912589752286,in
2025-01-03T21:02:00,19.695915407663048,in
2025-01-03T21:03:00,20.2841461994153,in
2025-01-03T21:04:00,19.77104620704279,in
2025-01-03T21:05:00,20.445359486933363,in
2025-01-03T21:06:00,20.02389535584204,in
2025-01-03T21:07:00,20.278414737506324,in
2025-01-03T21:08:00,20.25001389158556,in
2025-01-03T21:09:00,20.02448674738996,in
2025-01-03T21:10:00,20.038603715775405,in
2025-01-03T21:11:00,19.9696345562436,in
2025-01-03T21:12:00,20.215992492376337,in
2025-01-03T21:13:00,20.037081531963477,in
2025-01-03T21:14:00,19.98050516037999,in
2025-01-03T21:15:00,20.18673114280321,in
2025-01-03T21:16:00,19.974386382590502,in
2025-01-03T21:17:00,20.06247461545163,in
2025-01-03T21:18:00,20.13078289754647,in
2025-01-03T21:19:00,20.02128354609807,in
2025-01-03T21:20:00,20.04688245629019,in
2025-01-03T21:21:00,20.35386480832595,in
2025-01-03T21:22:00,20.09602034146043,in
2025-01-03T21:23:00,20.075785536660437,in
2025-01-03T21:24:00,20.106570376295288,in
2025-01-03T21:25:00,20.20415250970926,in
2025-01-03T21:26:00,19.984085311634868,in
2025-01-03T21:27:00,20.20646320432491,in
2025-01-03T21:28:00,20.18400531937531,in
2025-01-03T21:29:00,19.880620684353747,in
2025-01-03T21:30:00,20.421379275488743,in
2025-01-03T21:31:00,20.37472009077358,in
2025-01-03T21:32:00,20.03890585318339,in
2025-01-03T21:33:00,19.994053599047607,in
2025-01-03T21:34:00,20.200087575783538,in
2025-01-03T21:35:00,19.95549754858641,in
2025-01-03T21:36:00,20.377551527770137,in
2025-01-03T21:37:00,20.106207852482964,in
2025-01-03T21:38:00,20.423348497493237,in
2025-01-03T21:39:00,20.060053146791898,in
2025-01-03T21:40:00,20.17055411309169,in
2025-01-03T21:41:00,20.381171600077867,in
2025-01-03T21:42:00,20.146343509354452,in
2025-01-03T21:43:00,20.239417282831187,in
2025-01-03T21:44:00,20.366310720747368,in
2025-01-03T21:45:00,20.122847399309496,in
2025-01-03T21:46:00,20.020870413213796,in
2025-01-03T21:47:00,19.99523552373159,in
2025-01-03T21:48:00,20.305501864038945,in
2025-01-03T21:49:00,20.28028247507817,in
2025-01-03T21:50:00,20.385227809605716,in
2025-01-03T21:51:00,20.188918017226527,in
2025-01-03T21:52:00,20.019494225642063,in
2025-01-03T21:53:00,19.885305677646993,in
2025-01-03T21:54:00,20.672560154828826,in
2025-01-03T21:55:00,20.32558494136561,in
2025-01-03T21:56:00,20.27127934913355,in
2025-01-03T21:57:00,20.296803949901477,in
2025-01-03T21:58:00,20.044587765885336,in
2025-01-03T21:59:00,20.14437157237726,in
2025-01-03T22:00:00,20.52944871162981,in
2025-01-03T22:01:00,20.37108108246904,in
2025-01-03T22:02:00,20.162202030472756,in
2025-01-03T22:03:00,20.097164877784607,in
2025-01-03T22:04:00,20.20831128225409,in
2025-01-03T22:05:00,20.242861661570675,in
2025-01-03T22:06:00,20.602091576668823,in
2025-01-03T22:07:00,20.271055443613978,in
2025-01-03T22:08:00,20.125471040067193,in
2025-01-03T22:09:00,20.299754002050538,in
2025-01-03T22:10:00,20.352867878630928,in
2025-01-03T22:11:00,20.12583998743311,in
2025-01-03T22:12:00,20.382983694277044,in
2025-01-03T22:13:00,20.508765081145214,in
2025-01-03T22:14:00,20.353029048353278,in
2025-01-03T22:15:00,20.217501002617457,in
2025-01-03T22:16:00,20.262594289254395,in
2025-01-03T22:17:00,20.097995105246344,in
2025-01-03T22:18:00,20.331672337640587,in
2025-01-03T22:19:00,20.40332311764016,in
2025-01-03T22:20:00,20.227201023692192,in
2025-01-03T22:21:00,20.657671912330787,in
2025-01-03T22:22:00,20.490610887605033,in
2025-01-03T22:23:00,20.10793543522771,in
2025-01-03T22:24:00,20.11612662747397,in
2025-01-03T22:25:00,20.239507221059462,in
2025-01-03T22:26:00,20.628264089779456,in
2025-01-03T22:27:00,20.531130631200735,in
2025-01-03T22:28:00,20.64628580923916,in
2025-01-03T22:29:00,20.409527387915173,in
2025-01-03T22:30:00,20.381869920223185,in
2025-01-03T22:31:00,20.23149442960322,in
2025-01-03T22:32:00,20.476431081524076,in
2025-01-03T22:33:00,20.399940913200957,in
2025-01-03T22:34:00,20.399582857722894,in
2025-01-03T22:35:00,20.682938659972162,in
2025-01-03T22:36:00,20.426756236656374,in
2025-01-03T22:37:00,20.65086192844278,in
2025-01-03T22:38:00,20.218539634053165,in
2025-01-03T22:39:00,20.86553317078252,in
2025-01-03T22:40:00,20.411920544498738,in
2025-01-03T22:41:00,20.579612663926046,in
2025-01-03T22:42:00,20.60912900559191,in
2025-01-03T22:43:00,20.410266521675585,in
2025-01-03T22:44:00,20.613435353063313,in
2025-01-03T22:45:00,20.62697086152923,in
2025-01-03T22:46:00,20.395116883265132,in
2025-01-03T22:47:00,20.402690216249315,in
2025-01-03T22:48:00,20.52050637256792,in
2025-01-03T22:49:00,20.502239652873534,in
2025-01-03T22:50:00,20.73441484075718,in
2025-01-03T22:51:00,20.63675520887039,in
2025-01-03T22:52:00,20.526729061342195,in
2025-01-03T22:53:00,20.63416975404135,in
2025-01-03T22:54:00,20.24225329630592,in
2025-01-03T22:55:00,20.462975429835726,in
2025-01-03T22:56:00,20.604493550570528,in
2025-01-03T22:57:00,20.73470093843456,in
2025-01-03T22:58:00,20.603464501890006,in
2025-01-03T22:59:00,20.798365098750075,in
2025-01-03T23:00:00,20.715977416330695,in
2025-01-03T23:01:00,20.51872113747736,in
2025-01-03T23:02:00,20.577176874507234,in
2025-01-03T23:03:00,20.665682333252423,in
2025-01-03T23:04:00,20.543387926153546,in
2025-01-03T23:05:00,20.846667415122948,in
2025-01-03T23:06:00,20.456981928468647,in
2025-01-03T23:07:00,20.677049986910937,in
2025-01-03T23:08:00,20.74632030191576,in
2025-01-03T23:09:00,20.595381460514954,in
2025-01-03T23:10:00,20.567999684871285,in
2025-01-03T23:11:00,20.643854190663163,in
2025-01-03T23:12:00,20.783538564200057,in
2025-01-03T23:13:00,20.59325946836915,in
2025-01-03T23:14:00,20.51442172553213,in
2025-01-03T23:15:00,20.85389608634882,in
2025-01-03T23:16:00,20.747776412959322,in
2025-01-03T23:17:00,20.84565910964798,in
2025-01-03T23:18:00,20.81500366302975,in
2025-01-03T23:19:00,21.034735436956364,in
2025-01-03T23:20:00,20.881670585967903,in
2025-01-03T23:21:00,20.612510061757607,in
2025-01-03T23:22:00,20.79838375452921,in
2025-01-03T23:23:00,20.650966034718433,in
2025-01-03T23:24:00,20.67324029332465,in
2025-01-03T23:25:00,20.536277995539585,in
2025-01-03T23:26:00,20.71205374944478,in
2025-01-03T23:27:00,20.843567244660534,in
2025-01-03T23:28:00,20.75877379357862,in
2025-01-03T23:29:00,20.610660179443798,in
2025-01-03T23:30:00,20.55402424211231,in
2025-01-03T23:31:00,21.106188914236295,in
2025-01-03T23:32:00,20.84514406665213,in
2025-01-03T23:33:00,20.679740423418693,in
2025-01-03T23:34:00,20.879621945452747,in
2025-01-03T23:35:00,21.145758614943745,in
2025-01-03T23:36:00,20.917498849361937,in
2025-01-03T23:37:00,20.41344048837085,in
2025-01-03T23:38:00,21.236437841776162,in
2025-01-03T23:39:00,20.568322647881974,in
2025-01-03T23:40:00,20.82194533549138,in
2025-01-03T23:41:00,20.689995829802463,in
2025-01-03T23:42:00,20.75618720965435,in
2025-01-03T23:43:00,20.917051597357258,in
2025-01-03T23:44:00,20.570960666738717,in
2025-01-03T23:45:00,20.875322696137353,in
2025-01-03T23:46:00,21.068227392787087,in
2025-01-03T23:47:00,20.776927492272037,in
2025-01-03T23:48:00,20.70217917097862,in
2025-01-03T23:49:00,20.897155291940653,in
2025-01-03T23:50:00,20.87464955979864,in
2025-01-03T23:51:00,20.843486817618604,in
2025-01-03T23:52:00,20.761909560115946,in
2025-01-03T23:53:00,21.025449839874177,in
2025-01-03T23:54:00,21.044292397284362,in
2025-01-03T23:55:00,20.802606473510483,in
2025-01-03T23:56:00,20.830835803489325,in
2025-01-03T23:57:00,20.997887626946753,in
2025-01-03T23:58:00,20.84017752536544,in
2025-01-03T23:59:00,21.019251343313467,in
2025-01-04T00:00:00,21.22020697929241,in
2025-01-04T00:01:00,20.99859359046534,in
2025-01-04T00:02:00,20.833110424677173,in
2025-01-04T00:03:00,21.08157304160435,in
2025-01-04T00:04:00,21.00373255007938,in
2025-01-04T00:05:00,21.015498906537527,in
2025-01-04T00:06:00,21.1169809104126,in
2025-01-04T00:07:00,21.157016276047063,in
2025-01-04T00:08:00,21.066382199249208,in
2025-01-04T00:09:00,21.05966891184338,in
2025-01-04T00:10:00,21.386033997100938,in
2025-01-04T00:11:00,21.264335269602178,in
2025-01-04T00:12:00,21.217050918230683,in
2025-01-04T00:13:00,21.119484009807152,in
2025-01-04T00:14:00,20.956742888396132,in
2025-01-04T00:15:00,21.28453057745209,in
2025-01-04T00:16:00,21.144901828429546,in
2025-01-04T00:17:00,21.044534133117693,in
2025-01-04T00:18:00,21.102506738345255,in
2025-01-04T00:19:00,21.001935135261355,in
2025-01-04T00:20:00,21.313362832966476,in
2025-01-04T00:21:00,21.265136087393408,in
2025-01-04T00:22:00,21.197858383916774,in
2025-01-04T00:23:00,21.172144458729253,in
2025-01-04T00:24:00,21.084426382260926,in
2025-01-04T00:25:00,20.874995723718744,in
2025-01-04T00:26:00,20.990562827650493,in
2025-01-04T00:27:00,21.09911548630357,in
2025-01-04T00:28:00,21.084592785719373,in
2025-01-04T00:29:00,21.269982170418768,in
2025-01-04T00:30:00,21.35635719656582,in
2025-01-04T00:31:00,21.22343688245997,in
2025-01-04T00:32:00,21.462124353436387,in
2025-01-04T00:33:00,21.14145046704233,in
2025-01-04T00:34:00,21.246666977539164,in
2025-01-04T00:35:00,21.267475846540957,in
2025-01-04T00:36:00,21.447092050234566,in
2025-01-04T00:37:00,21.30730098631689,in
2025-01-04T00:38:00,21.319620574664782,in
2025-01-04T00:39:00,21.059539418593822,in
2025-01-04T00:40:00,21.18097370696705,in
2025-01-04T00:41:00,21.488559405047987,in
2025-01-04T00:42:00,21.021084941992875,in
2025-01-04T00:43:00,21.542067607339018,in
2025-01-04T00:44:00,21.423813364428817,in
2025-01-04T00:45:00,21.24499287013911,in
2025-01-04T00:46:00,21.240583340728723,in
2025-01-04T00:47:00,21.65806568200975,in
2025-01-04T00:48:00,21.593676882222013,in
2025-01-04T00:49:00,21.37235528621245,in
2025-01-04T00:50:00,21.418777160409306,in
2025-01-04T00:51:00,21.309989645912314,in
2025-01-04T00:52:00,21.435474187228444,in
2025-01-04T00:53:00,21.32252191044643,in
2025-01-04T00:54:00,21.420187856966024,in
2025-01-04T00:55:00,21.711891378902724,in
2025-01-04T00:56:00,21.434383181383435,in
2025-01-04T00:57:00,21.299915818078805,in
2025-01-04T00:58:00,21.26056744064574,in
2025-01-04T00:59:00,21.493005234688724,in
2025-01-04T01:00:00,21.368227636621036,in
2025-01-04T01:01:00,21.52778657488632,in
2025-01-04T01:02:00,21.256314527921834,in
2025-01-04T01:03:00,21.611230934128397,in
2025-01-04T01:04:00,21.357131478031715,in
2025-01-04T01:05:00,21.531572804239246,in
2025-01-04T01:06:00,21.482363789672192,in
2025-01-04T01:07:00,21.799357562497,in
2025-01-04T01:08:00,21.5758212673267,in
2025-01-04T01:09:00,21.850425922174185,in
2025-01-04T01:10:00,21.651232132133156,in
2025-01-04T01:11:00,21.789455544033974,in
2025-01-04T01:12:00,21.552856887401038,in
2025-01-04T01:13:00,21.64454195514319,in
2025-01-04T01:14:00,21.784060669518446,in
2025-01-04T01:15:00,21.745563348255352,in
2025-01-04T01:16:00,21.698031000974595,in
2025-01-04T01:17:00,21.577761703064365,in
2025-01-04T01:18:00,21.611712474944692,in
2025-01-04T01:19:00,21.814762201792817,in
2025-01-04T01:20:00,21.85459033197596,in
2025-01-04T01:21:00,21.572371582909998,in
2025-01-04T01:22:00,21.5583409421254,in
2025-01-04T01:23:00,21.542894800551814,in
2025-01-04T01:24:00,21.811586162279056,in
2025-01-04T01:25:00,21.556331974310787,in
2025-01-04T01:26:00,21.82702168864404,in
2025-01-04T01:27:00,21.794868307485796,in
2025-01-04T01:28:00,21.639890021424996,in
2025-01-04T01:29:00,21.96487703653024,in
2025-01-04T01:30:00,21.51960877934471,in
2025-01-04T01:31:00,21.996531951692123,in
2025-01-04T01:32:00,21.80409419282653,in
2025-01-04T01:33:00,21.45390525158552,in
2025-01-04T01:34:00,22.012375517837423,in
2025-01-04T01:35:00,21.928098125929065,in
2025-01-04T01:36:00,21.726711320952734,in
2025-01-04T01:37:00,21.654915791989637,in
2025-01-04T01:38:00,21.572948483383794,in
2025-01-04T01:39:00,22.179313686944752,in
2025-01-04T01:40:00,21.687181233380404,in
2025-01-04T01:41:00,21.64484530067545,in
2025-01-04T01:42:00,21.883269677196832,in
2025-01-04T01:43:00,21.606098999595034,in
2025-01-04T01:44:00,21.71325479274507,in
2025-01-04T01:45:00,22.018439120663786,in
2025-01-04T01:46:00,21.94753451015319,in
2025-01-04T01:47:00,21.828658930912333,in
2025-01-04T01:48:00,21.898074088453814,in
2025-01-04T01:49:00,21.837673163427308,in
2025-01-04T01:50:00,21.903461553863973,in
2025-01-04T01:51:00,21.80720866109791,in
2025-01-04T01:52:00,21.843165108665882,in
2025-01-04T01:53:00,21.847321252948536,in
2025-01-04T01:54:00,21.83876697560589,in
2025-01-04T01:55:00,22.112956879393348,in
2025-01-04T01:56:00,22.080612795927394,in
2025-01-04T01:57:00,21.833966318598662,in
2025-01-04T01:58:00,21.803387860121862,in
2025-01-04T01:59:00,21.96768188496091,in
2025-01-04T02:00:00,22.32329313974343,in
2025-01-04T02:01:00,21.85457083801501,in
2025-01-04T02:02:00,21.993269412541142,in
2025-01-04T02:03:00,22.039487253200335,in
2025-01-04T02:04:00,22.018608486767793,in
2025-01-04T02:05:00,21.9748982889362,in
2025-01-04T02:06:00,22.22561589244553,in
2025-01-04T02:07:00,22.129245819861165,in
2025-01-04T02:08:00,22.196669791966766,in
2025-01-04T02:09:00,22.166926623968084,in
2025-01-04T02:10:00,22.221331023001568,in
2025-01-04T02:11:00,22.333617131988795,in
2025-01-04T02:12:00,22.304328507504138,in
2025-01-04T02:13:00,22.462106169066143,in
2025-01-04T02:14:00,22.304698271280785,in
2025-01-04T02:15:00,22.030389241981155,in
2025-01-04T02:16:00,22.26660975375912,in
2025-01-04T02:17:00,22.254782257238485,in
2025-01-04T02:18:00,22.444962427240515,in
2025-01-04T02:19:00,22.020542637522965,in
2025-01-04T02:20:00,22.258004147704252,in
2025-01-04T02:21:00,22.080842685611756,in
2025-01-04T02:22:00,22.268573270655466,in
2025-01-04T02:23:00,22.16816412353419,in
2025-01-04T02:24:00,22.28097724716394,in
2025-01-04T02:25:00,22.006183021791717,in
2025-01-04T02:26:00,22.345390399769194,in
2025-01-04T02:27:00,22.265983722193585,in
2025-01-04T02:28:00,22.266567619076078,in
2025-01-04T02:29:00,22.544932183248758,in
2025-01-04T02:30:00,22.20367987469993,in
2025-01-04T02:31:00,22.321041674263242,in
2025-01-04T02:32:00,22.293386806776013,in
2025-01-04T02:33:00,22.316691118018465,in
2025-01-04T02:34:00,22.628889407955636,in
2025-01-04T02:35:00,22.313817836241896,in
2025-01-04T02:36:00,22.22777696015722,in
2025-01-04T02:37:00,22.60212055052473,in
2025-01-04T02:38:00,22.283941896905507,in
2025-01-04T02:39:00,22.09792228561669,in
2025-01-04T02:40:00,22.23616979936953,in
2025-01-04T02:41:00,22.168898966841255,in
2025-01-04T02:42:00,22.094476231037127,in
2025-01-04T02:43:00,22.318595821362244,in
2025-01-04T02:44:00,22.37108559596207,in
2025-01-04T02:45:00,22.567259831301588,in
2025-01-04T02:46:00,22.493146110643703,in
2025-01-04T02:47:00,22.494858648499655,in
2025-01-04T02:48:00,22.28184188085586,in
2025-01-04T02:49:00,22.557095333607503,in
2025-01-04T02:50:00,22.641564153336013,in
2025-01-04T02:51:00,22.500580503774923,in
2025-01-04T02:52:00,22.513279739132415,in
2025-01-04T02:53:00,22.26869693688983,in
2025-01-04T02:54:00,22.625056098852614,in
2025-01-04T02:55:00,22.742496366966556,in
2025-01-04T02:56:00,22.53228665105636,in
2025-01-04T02:57:00,22.40315299430286,in
2025-01-04T02:58:00,22.476460779710703,in
2025-01-04T02:59:00,22.446140789159166,in
2025-01-04T03:00:00,22.463570642230998,in
2025-01-04T03:01:00,22.623259888470056,in
2025-01-04T03:02:00,22.576396368907062,in
2025-01-04T03:03:00,22.693471390625852,in
2025-01-04T03:04:00,22.60691009335073,in
2025-01-04T03:05:00,22.430044831965258,in
2025-01-04T03:06:00,22.492926885830432,in
2025-01-04T03:07:00,22.491966375349996,in
2025-01-04T03:08:00,22.5567728979527,in
2025-01-04T03:09:00,22.862290203663328,in
2025-01-04T03:10:00,22.89464653775569,in
2025-01-04T03:11:00,22.73521877812301,in
2025-01-04T03:12:00,22.635848558274933,in
2025-01-04T03:13:00,22.422079780041837,in
2025-01-04T03:14:00,22.667610558669693,in
2025-01-04T03:15:00,22.524377836140765,in
2025-01-04T03:16:00,22.8957145933992,in
2025-01-04T03:17:00,22.418465437057,in
2025-01-04T03:18:00,22.725286368467057,in
2025-01-04T03:19:00,22.544697529359098,in
2025-01-04T03:20:00,22.682613008828813,in
2025-01-04T03:21:00,22.792144342701643,in
2025-01-04T03:22:00,22.85371006583625,in
2025-01-04T03:23:00,22.699478545855698,in
2025-01-04T03:24:00,22.830918381617828,in
2025-01-04T03:25:00,22.625505561775586,in
2025-01-04T03:26:00,22.769833211164574,in
2025-01-04T03:27:00,22.891445987185353,in
2025-01-04T03:28:00,22.79902810855282,in
2025-01-04T03:29:00,22.677895680248866,in
2025-01-04T03:30:00,22.72351050959566,in
2025-01-04T03:31:00,22.92577033265583,in
2025-01-04T03:32:00,22.617685564439324,in
2025-01-04T03:33:00,22.647840442667416,in
2025-01-04T03:34:00,22.887736451822253,in
2025-01-04T03:35:00,22.7396218405362,in
2025-01-04T03:36:00,22.595514556699147,in
2025-01-04T03:37:00,23.024060505283238,in
2025-01-04T03:38:00,22.66444644213049,in
2025-01-04T03:39:00,22.80740497307691,in
2025-01-04T03:40:00,22.752308426928337,in
2025-01-04T03:41:00,22.808484956971878,in
2025-01-04T03:42:00,22.728329274968885,in
2025-01-04T03:43:00,22.976032400462852,in
2025-01-04T03:44:00,22.89336582222419,in
2025-01-04T03:45:00,23.032125419719637,in
2025-01-04T03:46:00,22.801020394488358,in
2025-01-04T03:47:00,23.220150147567246,in
2025-01-04T03:48:00,22.6222836816535,in
2025-01-04T03:49:00,22.67797759404557,in
2025-01-04T03:50:00,23.186459953627534,in
2025-01-04T03:51:00,23.00233529076718,in
2025-01-04T03:52:00,22.990151038030188,in
2025-01-04T03:53:00,23.011330630467384,in
2025-01-04T03:54:00,23.03999861104178,in
2025-01-04T03:55:00,23.006942695903867,in
2025-01-04T03:56:00,22.824733566748908,in
2025-01-04T03:57:00,23.09997111875483,in
2025-01-04T03:58:00,23.083948851937663,in
2025-01-04T03:59:00,23.206697679361387,in
2025-01-04T04:00:00,23.264636161535172,in
2025-01-04T04:01:00,23.05711936603754,in
2025-01-04T04:02:00,22.83094437327658,in
2025-01-04T04:03:00,23.288464611834428,in
2025-01-04T04:04:00,22.877353659569664,in
2025-01-04T04:05:00,23.088241145371896,in
2025-01-04T04:06:00,23.006487040468766,in
2025-01-04T04:07:00,22.987834044776022,in
2025-01-04T04:08:00,23.174483546696138,in
2025-01-04T04:09:00,23.10389797172142,in
2025-01-04T04:10:00,23.151585440383865,in
2025-01-04T04:11:00,22.95959599921148,in
2025-01-04T04:12:00,23.063166825223853,in
2025-01-04T04:13:00,22.981156212063723,in
2025-01-04T04:14:00,23.074013232427497,in
2025-01-04T04:15:00,23.093326132309087,in
2025-01-04T04:16:00,23.39503143292221,in
2025-01-04T04:17:00,23.086701578219824,in
2025-01-04T04:18:00,22.813972725170068,in
2025-01-04T04:19:00,23.34925725579072,in
2025-01-04T04:20:00,23.214541778805998,in
2025-01-04T04:21:00,23.134638814891456,in
2025-01-04T04:22:00,23.095823606392713,in
2025-01-04T04:23:00,23.026460482866334,in
2025-01-04T04:24:00,23.46627771914792,in
2025-01-04T04:25:00,23.19039603002617,in
2025-01-04T04:26:00,22.92898290198046,in
2025-01-04T04:27:00,23.2458102061341,in
2025-01-04T04:28:00,23.38455580160932,in
2025-01-04T04:29:00,23.23405317633881,in
2025-01-04T04:30:00,23.082283837188143,in
2025-01-04T04:31:00,23.075773417165202,in
2025-01-04T04:32:00,23.093725111493434,in
2025-01-04T04:33:00,23.466436598176706,in
2025-01-04T04:34:00,23.234279664989714,in
2025-01-04T04:35:00,23.00003828216632,in
2025-01-04T04:36:00,23.316260870976347,in
2025-01-04T04:37:00,23.286566174961063,in
2025-01-04T04:38:00,23.204822120523023,in
2025-01-04T04:39:00,23.125816990547847,in
2025-01-04T04:40:00,23.125990984407146,in
2025-01-04T04:41:00,23.455243031605878,in
2025-01-04T04:42:00,23.336023025031132,in
2025-01-04T04:43:00,23.377316054624714,in
2025-01-04T04:44:00,23.34883187941803,in
2025-01-04T04:45:00,23.36784493593691,in
2025-01-04T04:46:00,23.254980896917235,in
2025-01-04T04:47:00,23.30088892882955,in
2025-01-04T04:48:00,23.51299798353147,in
2025-01-04T04:49:00,23.556922140042204,in
2025-01-04T04:50:00,23.167866617067354,in
2025-01-04T04:51:00,23.326362666099715,in
2025-01-04T04:52:00,23.489889523974043,in
2025-01-04T04:53:00,23.652677940485077,in
2025-01-04T04:54:00,23.64400308858712,in
2025-01-04T04:55:00,23.263662439322566,in
2025-01-04T04:56:00,23.580573658648866,in
2025-01-04T04:57:00,23.40437636499941,in
2025-01-04T04:58:00,23.558481024431064,in
2025-01-04T04:59:00,23.52627125103513,in
2025-01-04T05:00:00,23.224618955988383,in
2025-01-04T05:01:00,23.50286684474064,in
2025-01-04T05:02:00,23.577355386983754,in
2025-01-04T05:03:00,23.429580598595134,in
2025-01-04T05:04:00,23.40173213658131,in
2025-01-04T05:05:00,23.20897833735355,in
2025-01-04T05:06:00,23.553291369507217,in
2025-01-04T05:07:00,23.488054194936883,in
2025-01-04T05:08:00,23.324379816031826,in
2025-01-04T05:09:00,23.41976901933991,in
2025-01-04T05:10:00,23.497730160989413,in
2025-01-04T05:11:00,23.396640886615764,in
2025-01-04T05:12:00,23.486691220081273,in
2025-01-04T05:13:00,23.22962485304288,in
2025-01-04T05:14:00,23.700324696105795,in
2025-01-04T05:15:00,23.506066007702895,in
2025-01-04T05:16:00,23.344516134471995,in
2025-01-04T05:17:00,23.146173641509947,in
2025-01-04T05:18:00,23.67518217235507,in
2025-01-04T05:19:00,23.6101786724736,in
2025-01-04T05:20:00,23.56369174325831,in
2025-01-04T05:21:00,23.66723086433661,in
2025-01-04T05:22:00,23.672383926219947,in
2025-01-04T05:23:00,23.5779509986724,in
2025-01-04T05:24:00,23.51615979032527,in
2025-01-04T05:25:00,23.497197726393473,in
2025-01-04T05:26:00,23.628357617290607,in
2025-01-04T05:27:00,23.78018856799339,in
2025-01-04T05:28:00,23.56058603151605,in
2025-01-04T05:29:00,23.802850758375197,in
2025-01-04T05:30:00,23.642679551600327,in
2025-01-04T05:31:00,23.649107650346743,in
2025-01-04T05:32:00,23.95803744019318,in
2025-01-04T05:33:00,23.850409357814886,in
2025-01-04T05:34:00,23.859505107892666,in
2025-01-04T05:35:00,23.493247159779937,in
2025-01-04T05:36:00,23.946861364073335,in
2025-01-04T05:37:00,23.61081544481203,in
2025-01-04T05:38:00,23.59410735974961,in
2025-01-04T05:39:00,23.30939584831137,in
2025-01-04T05:40:00,23.687247712261055,in
2025-01-04T05:41:00,23.48079078216893,in
2025-01-04T05:42:00,23.709490451526076,in
2025-01-04T05:43:00,23.478944728268722,in
2025-01-04T05:44:00,23.9277301207793,in
2025-01-04T05:45:00,23.7456753190366,in
2025-01-04T05:46:00,24.009752380496774,in
2025-01-04T05:47:00,23.519118706971643,in
2025-01-04T05:48:00,23.90971802259704,in
2025-01-04T05:49:00,23.411671163373857,in
2025-01-04T05:50:00,23.717994213096915,in
2025-01-04T05:51:00,23.596712175416652,in
2025-01-04T05:52:00,23.628902712025297,in
2025-01-04T05:53:00,23.623229987304796,in
2025-01-04T05:54:00,23.56807290090548,in
2025-01-04T05:55:00,23.52087049534829,in
2025-01-04T05:56:00,23.647970580364504,in
2025-01-04T05:57:00,23.73621708259594,in
2025-01-04T05:58:00,23.897812474376956,in
2025-01-04T05:59:00,23.771973569901945,in
2025-01-04T06:00:00,23.907031837763032,in
2025-01-04T06:01:00,23.51467109818472,in
2025-01-04T06:02:00,23.67576598102349,in
2025-01-04T06:03:00,23.85164275201606,in
2025-01-04T06:04:00,23.8007180276475,in
2025-01-04T06:05:00,23.624277244216138,in
2025-01-04T06:06:00,23.897744559148816,in
2025-01-04T06:07:00,23.682090499117898,in
2025-01-04T06:08:00,23.649290651508792,in
2025-01-04T06:09:00,23.843017439000604,in
2025-01-04T06:10:00,23.77494707115658,in
2025-01-04T06:11:00,23.69959743271718,in
2025-01-04T06:12:00,23.698482769589667,in
2025-01-04T06:13:00,23.62548836685127,in
2025-01-04T06:14:00,23.730506486295223,in
2025-01-04T06:15:00,23.95874689838849,in
2025-01-04T06:16:00,23.834270662046556,in
2025-01-04T06:17:00,23.945185590761774,in
2025-01-04T06:18:00,23.882580849350923,in
2025-01-04T06:19:00,23.71707335986296,in
2025-01-04T06:20:00,23.565244382855663,in
2025-01-04T06:21:00,23.677258192944592,in
2025-01-04T06:22:00,23.719237170088455,in
2025-01-04T06:23:00,23.711236656610428,in
2025-01-04T06:24:00,23.974243904314157,in
2025-01-04T06:25:00,23.97621122826635,in
2025-01-04T06:26:00,24.16590209481174,in
2025-01-04T06:27:00,23.723024244618937,in
2025-01-04T06:28:00,24.08062695281454,in
2025-01-04T06:29:00,24.08309202419052,in
2025-01-04T06:30:00,23.812919501316742,in
2025-01-04T06:31:00,23.922114317576167,in
2025-01-04T06:32:00,24.04047769650476,in
2025-01-04T06:33:00,23.84878041234451,in
2025-01-04T06:34:00,23.840376369381854,in
2025-01-04T06:35:00,23.769915125397976,in
2025-01-04T06:36:00,23.51315507519495,in
2025-01-04T06:37:00,23.880841161845296,in
2025-01-04T06:38:00,23.766863979378783,in
2025-01-04T06:39:00,23.715080378302442,in
2025-01-04T06:40:00,23.942713989093463,in
2025-01-04T06:41:00,23.664655194389578,in
2025-01-04T06:42:00,24.00619496587645,in
2025-01-04T06:43:00,23.960717938074648,in
2025-01-04T06:44:00,23.831008169444047,in
2025-01-04T06:45:00,23.88436372106354,in
2025-01-04T06:46:00,23.71811414628926,in
2025-01-04T06:47:00,24.011949042908558,in
2025-01-04T06:48:00,23.930217668747996,in
2025-01-04T06:49:00,23.94406909247499,in
2025-01-04T06:50:00,23.98271745844742,in
2025-01-04T06:51:00,23.813677576830614,in
2025-01-04T06:52:00,23.68475077068793,in
2025-01-04T06:53:00,24.05874047784652,in
2025-01-04T06:54:00,24.020947231778248,in
2025-01-04T06:55:00,23.839795888281216,in
2025-01-04T06:56:00,23.983889921746144,in
2025-01-04T06:57:00,24.113606488714986,in
2025-01-04T06:58:00,24.098066026879838,in
2025-01-04T06:59:00,23.844890822192824,in
2025-01-04T07:00:00,23.708537495762997,in
2025-01-04T07:01:00,23.736509606888372,in
2025-01-04T07:02:00,23.889536378812945,in
2025-01-04T07:03:00,24.15780938940658,in
2025-01-04T07:04:00,23.831324640730788,in
2025-01-04T07:05:00,23.853234961675117,in
2025-01-04T07:06:00,23.852203176077605,in
2025-01-04T07:07:00,23.866998897477597,in
2025-01-04T07:08:00,23.947056102957475,in
2025-01-04T07:09:00,23.75867711483426,in
2025-01-04T07:10:00,24.115246007688906,in
2025-01-04T07:11:00,23.93273905122391,in
2025-01-04T07:12:00,24.32816538767641,in
2025-01-04T07:13:00,23.782055295186666,in
2025-01-04T07:14:00,24.198329335015394,in
2025-01-04T07:15:00,24.170272370504435,in
2025-01-04T07:16:00,23.90150176556848,in
2025-01-04T07:17:00,23.905641703424237,in
2025-01-04T07:18:00,23.828315142708426,in
2025-01-04T07:19:00,23.83160818150665,in
2025-01-04T07:20:00,23.969524613558185,in
2025-01-04T07:21:00,23.974216515753106,in
2025-01-04T07:22:00,23.73221791303329,in
2025-01-04T07:23:00,24.318018531619344,in
2025-01-04T07:24:00,23.93644915261582,in
2025-01-04T07:25:00,23.986564862518097,in
2025-01-04T07:26:00,23.88409611171182,in
2025-01-04T07:27:00,23.939251342775563,in
2025-01-04T07:28:00,23.92685442079651,in
2025-01-04T07:29:00,23.981292230899975,in
2025-01-04T07:30:00,23.980701236183403,in
2025-01-04T07:31:00,24.104739851640588,in
2025-01-04T07:32:00,24.01917529384746,in
2025-01-04T07:33:00,24.091779366969778,in
2025-01-04T07:34:00,23.985672088082357,in
2025-01-04T07:35:00,24.022800559710525,in
2025-01-04T07:36:00,23.952847938334056,in
2025-01-04T07:37:00,24.140403796652468,in
2025-01-04T07:38:00,24.039185761161747,in
2025-01-04T07:39:00,23.96789862697239,in
2025-01-04T07:40:00,23.964202876000794,in
2025-01-04T07:41:00,23.976745103808472,in
2025-01-04T07:42:00,23.99840125601781,in
2025-01-04T07:43:00,23.986046205016134,in
2025-01-04T07:44:00,23.911301852237944,in
2025-01-04T07:45:00,24.110452929767444,in
2025-01-04T07:46:00,24.12048099572596,in
2025-01-04T07:47:00,24.26436186679981,in
2025-01-04T07:48:00,23.906714612912435,in
2025-01-04T07:49:00,24.097662581742718,in
2025-01-04T07:50:00,23.71172584572131,in
2025-01-04T07:51:00,24.122814532234727,in
2025-01-04T07:52:00,23.78029433678711,in
2025-01-04T07:53:00,23.85141751613758,in
2025-01-04T07:54:00,24.049148449303487,in
2025-01-04T07:55:00,23.90629919884647,in
2025-01-04T07:56:00,23.885942363812347,in
2025-01-04T07:57:00,23.927106251773264,in
2025-01-04T07:58:00,24.10936774491612,in
2025-01-04T07:59:00,23.860047401978807,in
2025-01-04T08:00:00,23.99187677036662,in
2025-01-04T08:01:00,23.94318251876057,in
2025-01-04T08:02:00,24.122907461827694,in
2025-01-04T08:03:00,24.12701691826044,in
2025-01-04T08:04:00,23.724403120697367,in
2025-01-04T08:05:00,24.156290466974465,in
2025-01-04T08:06:00,23.907701263982293,in
2025-01-04T08:07:00,24.034511011462925,in
2025-01-04T08:08:00,23.857945342980695,in
2025-01-04T08:09:00,24.054128262887915,in
2025-01-04T08:10:00,24.380798786206878,in
2025-01-04T08:11:00,24.016771607162656,in
2025-01-04T08:12:00,23.928281911862197,in
2025-01-04T08:13:00,23.961959155913366,in
2025-01-04T08:14:00,23.775915103258033,in
2025-01-04T08:15:00,24.213062339401873,in
2025-01-04T08:16:00,24.04206056665914,in
2025-01-04T08:17:00,23.837165684254295,in
2025-01-04T08:18:00,23.841386923946942,in
2025-01-04T08:19:00,23.995423361867847,in
2025-01-04T08:20:00,24.132188705184262,in
2025-01-04T08:21:00,23.818961368838778,in
2025-01-04T08:22:00,24.15780379801443,in
2025-01-04T08:23:00,23.976192003708288,in
2025-01-04T08:24:00,23.84950728298548,in
2025-01-04T08:25:00,23.917959112458693,in
2025-01-04T08:26:00,24.249426792922634,in
2025-01-04T08:27:00,23.777904913428053,in
2025-01-04T08:28:00,23.875308359890724,in
2025-01-04T08:29:00,24.12689743705467,in
2025-01-04T08:30:00,24.015358279265666,in
2025-01-04T08:31:00,23.863045672035057,in
2025-01-04T08:32:00,24.125255122937865,in
2025-01-04T08:33:00,24.131147133614718,in
2025-01-04T08:34:00,24.027740327001545,in
2025-01-04T08:35:00,23.884863532797997,in
2025-01-04T08:36:00,23.906630988215124,in
2025-01-04T08:37:00,24.016694142915224,in
2025-01-04T08:38:00,23.775781843892457,in
2025-01-04T08:39:00,24.170279850286125,in
2025-01-04T08:40:00,24.224646869325795,in
2025-01-04T08:41:00,23.932688167816544,in
2025-01-04T08:42:00,24.01992548899253,in
2025-01-04T08:43:00,24.142771101878417,in
2025-01-04T08:44:00,24.256588492680482,in
2025-01-04T08:45:00,24.195117761130067,in
2025-01-04T08:46:00,23.699518782237842,in
2025-01-04T08:47:00,23.91075789172004,in
2025-01-04T08:48:00,24.031398439190095,in
2025-01-04T08:49:00,23.880329618390068,in
2025-01-04T08:50:00,24.22000702599592,in
2025-01-04T08:51:00,24.19509091693742,in
2025-01-04T08:52:00,23.826350608381663,in
2025-01-04T08:53:00,23.92239851393504,in
2025-01-04T08:54:00,23.83230672036691,in
2025-01-04T08:55:00,23.913414873010595,in
2025-01-04T08:56:00,23.906776600151986,in
2025-01-04T08:57:00,24.081600506625538,in
2025-01-04T08:58:00,23.80302558119614,in
2025-01-04T08:59:00,23.541579437084522,in
2025-01-04T09:00:00,23.69117019024291,in
2025-01-04T09:01:00,23.775329405751616,in
2025-01-04T09:02:00,23.828907168067683,in
2025-01-04T09:03:00,23.95298663299958,in
2025-01-04T09:04:00,23.760554306047307,in
2025-01-04T09:05:00,23.73843462023287,in
2025-01-04T09:06:00,23.77822235708857,in
2025-01-04T09:07:00,23.747794621435663,in
2025-01-04T09:08:00,23.829435450281725,in
2025-01-04T09:09:00,23.820446779530116,in
2025-01-04T09:10:00,24.010792424042524,in
2025-01-04T09:11:00,23.756362191526115,in
2025-01-04T09:12:00,23.84847353834084,in
2025-01-04T09:13:00,23.817644850416237,in
2025-01-04T09:14:00,24.017980056818033,in
2025-01-04T09:15:00,23.870718367587557,in
2025-01-04T09:16:00,24.048641659708515,in
2025-01-04T09:17:00,23.715322514384848,in
2025-01-04T09:18:00,23.877877990919135,in
2025-01-04T09:19:00,23.795968377958253,in
2025-01-04T09:20:00,23.695478326888978,in
2025-01-04T09:21:00,23.86625601569721,in
2025-01-04T09:22:00,24.13328354223208,in
2025-01-04T09:23:00,23.742334098933103,in
2025-01-04T09:24:00,23.84804260571874,in
2025-01-04T09:25:00,23.667180995626715,in
2025-01-04T09:26:00,23.64195097017845,in
2025-01-04T09:27:00,23.739531256342417,in
2025-01-04T09:28:00,23.7868702573892,in
2025-01-04T09:29:00,23.79024355189546,in
2025-01-04T09:30:00,23.813855312760687,in
2025-01-04T09:31:00,23.597152047235397,in
2025-01-04T09:32:00,23.74711777517884,in
2025-01-04T09:33:00,23.91284619130835,in
2025-01-04T09:34:00,23.63038338783607,in
2025-01-04T09:35:00,23.777351104012133,in
2025-01-04T09:36:00,23.87101747927591,in
2025-01-04T09:37:00,23.706184048850627,in
2025-01-04T09:38:00,23.871151201177213,in
2025-01-04T09:39:00,23.58811740574241,in
2025-01-04T09:40:00,23.945883010013134,in
2025-01-04T09:41:00,23.86378040087279,in
2025-01-04T09:42:00,23.81352037922614,in
2025-01-04T09:43:00,23.97011918259105,in
2025-01-04T09:44:00,23.748185733712845,in
2025-01-04T09:45:00,23.701067066196092,in
2025-01-04T09:46:00,23.995750365818637,in
2025-01-04T09:47:00,24.062072757157495,in
2025-01-04T09:48:00,23.677997392459073,in
2025-01-04T09:49:00,23.7609727974053,in
2025-01-04T09:50:00,23.930778047845664,in
2025-01-04T09:51:00,23.75825352465447,in
2025-01-04T09:52:00,23.855083462028553,in
2025-01-04T09:53:00,23.878842016034028,in
2025-01-04T09:54:00,23.673288538990448,in
2025-01-04T09:55:00,23.816344710925055,in
2025-01-04T09:56:00,23.748310510102304,in
2025-01-04T09:57:00,23.56246172513653,in
2025-01-04T09:58:00,23.59226349491554,in
2025-01-04T09:59:00,23.63853509031883,in
2025-01-04T10:00:00,23.87132878518927,in
2025-01-04T10:01:00,23.871874734755792,in
2025-01-04T10:02:00,23.8357452586313,in
2025-01-04T10:03:00,23.78482942849275,in
2025-01-04T10:04:00,23.776258547477692,in
2025-01-04T10:05:00,23.75145780877912,in
2025-01-04T10:06:00,23.766419887021428,in
2025-01-04T10:07:00,23.77200883754076,in
2025-01-04T10:08:00,23.485432867453746,in
2025-01-04T10:09:00,23.57291857151631,in
2025-01-04T10:10:00,23.532444647953465,in
2025-01-04T10:11:00,23.848149777076888,in
2025-01-04T10:12:00,23.925456151428396,in
2025-01-04T10:13:00,23.347215123633696,in
2025-01-04T10:14:00,23.902493835915084,in
2025-01-04T10:15:00,23.67594743063482,in
2025-01-04T10:16:00,23.809983117983887,in
2025-01-04T10:17:00,23.72914957144211,in
2025-01-04T10:18:00,23.86431163528402,in
2025-01-04T10:19:00,23.674755240887954,in
2025-01-04T10:20:00,23.433785919756048,in
2025-01-04T10:21:00,23.617431877757376,in
2025-01-04T10:22:00,23.705579443628658,in
2025-01-04T10:23:00,23.59075379869987,in
2025-01-04T10:24:00,23.716693747072796,in
2025-01-04T10:25:00,23.6030346002389,in
2025-01-04T10:26:00,23.518387323367207,in
2025-01-04T10:27:00,23.439610867885392,in
2025-01-04T10:28:00,23.538498712714585,in
2025-01-04T10:29:00,23.62268975252429,in
2025-01-04T10:30:00,23.29279790994408,in
2025-01-04T10:31:00,23.464367685880436,in
2025-01-04T10:32:00,23.276517700497287,in
2025-01-04T10:33:00,23.478072633664784,in
2025-01-04T10:34:00,23.74481352384791,in
2025-01-04T10:35:00,23.381851508926438,in
2025-01-04T10:36:00,23.659765884793142,in
2025-01-04T10:37:00,23.976109057261223,in
2025-01-04T10:38:00,23.761279886464045,in
2025-01-04T10:39:00,23.5577106712056,in
2025-01-04T10:40:00,23.66085405460743,in
2025-01-04T10:41:00,23.321012519199545,in
2025-01-04T10:42:00,23.284799733188482,in
2025-01-04T10:43:00,23.51943468513001,in
2025-01-04T10:44:00,23.569210744965808,in
2025-01-04T10:45:00,23.667840257595344,in
2025-01-04T10:46:00,23.412597120367806,in
2025-01-04T10:47:00,23.52112407277765,in
2025-01-04T10:48:00,23.51015638443774,in
2025-01-04T10:49:00,23.460727139137195,in
2025-01-04T10:50:00,23.46368344220015,in
2025-01-04T10:51:00,23.34043934347544,in
2025-01-04T10:52:00,23.504663514496084,in
2025-01-04T10:53:00,23.485999436794067,in
2025-01-04T10:54:00,23.384746977131176,in
2025-01-04T10:55:00,23.544594064023048,in
2025-01-04T10:56:00,23.59285433894215,in
2025-01-04T10:57:00,23.534210331245628,in
2025-01-04T10:58:00,23.270134400299252,in
2025-01-04T10:59:00,23.43531761627587,in
2025-01-04T11:00:00,23.27749882794358,in
2025-01-04T11:01:00,23.422512660856913,in
2025-01-04T11:02:00,23.265688024046714,in
2025-01-04T11:03:00,23.587155420286578,in
2025-01-04T11:04:00,23.506816461270976,in
2025-01-04T11:05:00,23.555974507365903,in
2025-01-04T11:06:00,23.534467464916833,in
2025-01-04T11:07:00,23.329776023916672,in
2025-01-04T11:08:00,23.300155258595883,in
2025-01-04T11:09:00,23.618860065370907,in
2025-01-04T11:10:00,23.326412467705463,in
2025-01-04T11:11:00,23.14154651849854,in
2025-01-04T11:12:00,23.48938122276759,in
2025-01-04T11:13:00,23.353329682241228,in
2025-01-04T11:14:00,23.551131715028323,in
2025-01-04T11:15:00,23.355137081897265,in
2025-01-04T11:16:00,23.30911783487901,in
2025-01-04T11:17:00,23.53443762624165,in
2025-01-04T11:18:00,23.06812614490482,in
2025-01-04T11:19:00,23.20444361359548,in
2025-01-04T11:20:00,23.1524707735948,in
2025-01-04T11:21:00,22.949616037175176,in
2025-01-04T11:22:00,23.40313290475802,in
2025-01-04T11:23:00,23.181797895027593,in
2025-01-04T11:24:00,23.39444598834666,in
2025-01-04T11:25:00,23.31020991805331,in
2025-01-04T11:26:00,23.336100643269393,in
2025-01-04T11:27:00,23.169877976493574,in
2025-01-04T11:28:00,23.116685729053565,in
2025-01-04T11:29:00,23.23789869135186,in
2025-01-04T11:30:00,23.355398085513666,in
2025-01-04T11:31:00,23.20303067526323,in
2025-01-04T11:32:00,23.098339597909252,in
2025-01-04T11:33:00,23.01679648743157,in
2025-01-04T11:34:00,23.220270025801263,in
2025-01-04T11:35:00,23.099509166487888,in
2025-01-04T11:36:00,23.164809416476487,in
2025-01-04T11:37:00,23.13268251393757,in
2025-01-04T11:38:00,23.0947412652192,in
2025-01-04T11:39:00,23.1983609141884,in
2025-01-04T11:40:00,23.23032848532371,in
2025-01-04T11:41:00,23.434785366890225,in
2025-01-04T11:42:00,23.246507631052346,in
2025-01-04T11:43:00,23.36466220481126,in
2025-01-04T11:44:00,22.99559575123123,in
2025-01-04T11:45:00,22.870998750430157,in
2025-01-04T11:46:00,23.101709432266095,in
2025-01-04T11:47:00,23.225290545662194,in
2025-01-04T11:48:00,23.194452327753968,in
2025-01-04T11:49:00,23.263656178584974,in
2025-01-04T11:50:00,22.69411741284587,in
2025-01-04T11:51:00,23.255175566063855,in
2025-01-04T11:52:00,23.110157922430858,in
2025-01-04T11:53:00,22.820825845534987,in
2025-01-04T11:54:00,23.15352645644122,in
2025-01-04T11:55:00,23.062968902845988,in
2025-01-04T11:56:00,23.087260544606817,in
2025-01-04T11:57:00,23.17245254470141,in
2025-01-04T11:58:00,23.07961803118602,in
2025-01-04T11:59:00,22.7866241893206,in
2025-01-04T12:00:00,27.978546059532565,in
2025-01-04T12:01:00,27.749786231722783,in
2025-01-04T12:02:00,28.082206402290772,in
2025-01-04T12:03:00,28.18693801923152,in
2025-01-04T12:04:00,27.783401446109828,in
2025-01-04T12:05:00,27.861257973758917,in
2025-01-04T12:06:00,27.821962122350893,in
2025-01-04T12:07:00,27.878553543578935,in
2025-01-04T12:08:00,28.000806599301615,in
2025-01-04T12:09:00,27.864768672335053,in
2025-01-04T12:10:00,28.021376752374923,in
2025-01-04T12:11:00,28.07555479574531,in
2025-01-04T12:12:00,28.073244888678484,in
2025-01-04T12:13:00,27.73246971776943,in
2025-01-04T12:14:00,28.10028496789053,in
2025-01-04T12:15:00,28.104488223169444,in
2025-01-04T12:16:00,28.109644283263734,in
2025-01-04T12:17:00,27.845218291851182,in
2025-01-04T12:18:00,27.74824582262005,in
2025-01-04T12:19:00,27.705501301080908,in
2025-01-04T12:20:00,27.679969540495183,in
2025-01-04T12:21:00,27.83907303607459,in
2025-01-04T12:22:00,27.956564263786042,in
2025-01-04T12:23:00,28.01742147137506,in
2025-01-04T12:24:00,27.740639718697246,in
2025-01-04T12:25:00,27.799690139655436,in
2025-01-04T12:26:00,27.78187000484028,in
2025-01-04T12:27:00,27.694195675288768,in
2025-01-04T12:28:00,27.891824686442643,in
2025-01-04T12:29:00,27.827849160267125,in
2025-01-04T12:30:00,22.78664034099812,in
2025-01-04T12:31:00,22.81104305058426,in
2025-01-04T12:32:00,22.84153087402545,in
2025-01-04T12:33:00,22.831930427889233,in
2025-01-04T12:34:00,22.607228960030316,in
2025-01-04T12:35:00,22.85932535887885,in
2025-01-04T12:36:00,22.75504081674269,in
2025-01-04T12:37:00,22.643389646748396,in
2025-01-04T12:38:00,22.735549216235864,in
2025-01-04T12:39:00,22.743905735663745,in
2025-01-04T12:40:00,22.846307836725956,in
2025-01-04T12:41:00,22.518910091733876,in
2025-01-04T12:42:00,22.866361371515676,in
2025-01-04T12:43:00,22.662856243972055,in
2025-01-04T12:44:00,22.575213321302027,in
2025-01-04T12:45:00,22.562365215627757,in
2025-01-04T12:46:00,22.484404149058797,in
2025-01-04T12:47:00,22.365190380403984,in
2025-01-04T12:48:00,22.71964397080378,in
2025-01-04T12:49:00,22.90686155811932,in
2025-01-04T12:50:00,22.358769296683178,in
2025-01-04T12:51:00,22.450518962561592,in
2025-01-04T12:52:00,22.69748088781727,in
2025-01-04T12:53:00,22.569546999967464,in
2025-01-04T12:54:00,22.69319357574912,in
2025-01-04T12:55:00,22.544399949589664,in
2025-01-04T12:56:00,22.464180586744043,in
2025-01-04T12:57:00,22.50900458312918,in
2025-01-04T12:58:00,22.17716333881812,in
2025-01-04T12:59:00,22.354539777068688,in
2025-01-04T13:00:00,22.659879996337853,in
2025-01-04T13:01:00,22.687988873037884,in
2025-01-04T13:02:00,22.711684916372732,in
2025-01-04T13:03:00,22.55843698802519,in
2025-01-04T13:04:00,22.145433460056392,in
2025-01-04T13:05:00,22.38012080527428,in
2025-01-04T13:06:00,22.66558907919411,in
2025-01-04T13:07:00,22.701858917647364,in
2025-01-04T13:08:00,22.654299270138818,in
2025-01-04T13:09:00,22.405957000327533,in
2025-01-04T13:10:00,22.236892847890022,in
2025-01-04T13:11:00,22.418260605819125,in
2025-01-04T13:12:00,22.418044434370064,in
2025-01-04T13:13:00,22.642118225294077,in
2025-01-04T13:14:00,22.432904563852727,in
2025-01-04T13:15:00,22.392682820864373,in
2025-01-04T13:16:00,22.392642262974608,in
2025-01-04T13:17:00,22.433026896481877,in
2025-01-04T13:18:00,22.458437063893534,in
2025-01-04T13:19:00,22.247206475844987,in
2025-01-04T13:20:00,22.18865329614003,in
2025-01-04T13:21:00,22.544282785908756,in
2025-01-04T13:22:00,22.083939017556002,in
2025-01-04T13:23:00,22.56714725008837,in
2025-01-04T13:24:00,22.02626712549241,in
2025-01-04T13:25:00,22.21656560245518,in
2025-01-04T13:26:00,22.44139691784674,in
2025-01-04T13:27:00,22.2870365273441,in
2025-01-04T13:28:00,22.080874681355862,in
2025-01-04T13:29:00,22.333666083666348,in
2025-01-04T13:30:00,22.271103035710176,in
2025-01-04T13:31:00,22.219990695005368,in
2025-01-04T13:32:00,22.15015034319286,in
2025-01-04T13:33:00,22.229883894986084,in
2025-01-04T13:34:00,22.139118185742966,in
2025-01-04T13:35:00,22.582913650031305,in
2025-01-04T13:36:00,22.173054353762794,in
2025-01-04T13:37:00,22.144312580151286,in
2025-01-04T13:38:00,22.11044608321728,in
2025-01-04T13:39:00,22.449545863752533,in
2025-01-04T13:40:00,21.928451453810986,in
2025-01-04T13:41:00,22.219531278309326,in
2025-01-04T13:42:00,22.12102469567423,in
2025-01-04T13:43:00,21.9347069646945,in
2025-01-04T13:44:00,22.016651498308782,in
2025-01-04T13:45:00,22.17834935754616,in
2025-01-04T13:46:00,21.992438096121305,in
2025-01-04T13:47:00,22.152320164359764,in
2025-01-04T13:48:00,22.364044896788844,in
2025-01-04T13:49:00,22.12154635862529,in
2025-01-04T13:50:00,21.869211902951996,in
2025-01-04T13:51:00,21.95150019224111,in
2025-01-04T13:52:00,22.026988132593214,in
2025-01-04T13:53:00,22.00824175857045,in
2025-01-04T13:54:00,22.075155973383136,in
2025-01-04T13:55:00,22.090496211380835,in
2025-01-04T13:56:00,22.294484006142394,in
2025-01-04T13:57:00,22.02562124137951,in
2025-01-04T13:58:00,21.844623903965363,in
2025-01-04T13:59:00,22.181797538106782,in
2025-01-04T14:00:00,22.189453686517155,in
2025-01-04T14:01:00,22.0261398455314,in
2025-01-04T14:02:00,21.945587769721907,in
2025-01-04T14:03:00,22.067202769239675,in
2025-01-04T14:04:00,21.93343321507351,in
2025-01-04T14:05:00,21.64801389061426,in
2025-01-04T14:06:00,22.032167245830124,in
2025-01-04T14:07:00,22.07276069512654,in
2025-01-04T14:08:00,22.1463640911519,in
2025-01-04T14:09:00,21.811866602038982,in
2025-01-04T14:10:00,21.946686022648525,in
2025-01-04T14:11:00,21.94121367663526,in
2025-01-04T14:12:00,21.908135471469684,in
2025-01-04T14:13:00,21.903842830616178,in
2025-01-04T14:14:00,21.88347332323684,in
2025-01-04T14:15:00,21.90095615177714,in
2025-01-04T14:16:00,21.971589207611057,in
2025-01-04T14:17:00,22.03482614829685,in
2025-01-04T14:18:00,21.729631945440268,in
2025-01-04T14:19:00,21.808538381757362,in
2025-01-04T14:20:00,21.76229729652154,in
2025-01-04T14:21:00,21.73214590909319,in
2025-01-04T14:22:00,21.56590378266365,in
2025-01-04T14:23:00,21.803257245153794,in
2025-01-04T14:24:00,21.862841128896484,in
2025-01-04T14:25:00,21.75900128751124,in
2025-01-04T14:26:00,21.77224988800463,in
2025-01-04T14:27:00,21.827690744270697,in
2025-01-04T14:28:00,21.967929267464253,in
2025-01-04T14:29:00,21.684637382299886,in
2025-01-04T14:30:00,21.563205798409815,in
2025-01-04T14:31:00,21.716732117403513,in
2025-01-04T14:32:00,22.004187987585365,in
2025-01-04T14:33:00,21.538879672253387,in
2025-01-04T14:34:00,21.801901532077824,in
2025-01-04T14:35:00,21.869440212012933,in
2025-01-04T14:36:00,21.332300937010398,in
2025-01-04T14:37:00,21.74004824733363,in
2025-01-04T14:38:00,21.760416383839615,in
2025-01-04T14:39:00,21.621200712094975,in
2025-01-04T14:40:00,21.55573786050268,in
2025-01-04T14:41:00,21.55551355617372,in
2025-01-04T14:42:00,21.58624367463436,in
2025-01-04T14:43:00,21.581637523229368,in
2025-01-04T14:44:00,21.5447654528334,in
2025-01-04T14:45:00,21.558148068065382,in
2025-01-04T14:46:00,21.7798829047426,in
2025-01-04T14:47:00,21.410552180882377,in
2025-01-04T14:48:00,21.321817854873743,in
2025-01-04T14:49:00,21.756662421772262,in
2025-01-04T14:50:00,21.53831810822271,in
2025-01-04T14:51:00,21.50037028608462,in
2025-01-04T14:52:00,21.533415322752372,in
2025-01-04T14:53:00,21.572990723272042,in
2025-01-04T14:54:00,21.454501588220435,in
2025-01-04T14:55:00,21.600517884494753,in
2025-01-04T14:56:00,21.371816822729336,in
2025-01-04T14:57:00,21.462419487264636,in
2025-01-04T14:58:00,21.167035553598406,in
2025-01-04T14:59:00,21.66663167381851,in
2025-01-04T15:00:00,21.45594875531102,in
2025-01-04T15:01:00,21.57445318484463,in
2025-01-04T15:02:00,21.537009435483427,in
2025-01-04T15:03:00,21.53959116732555,in
2025-01-04T15:04:00,21.44755895907985,in
2025-01-04T15:05:00,21.498576080848892,in
2025-01-04T15:06:00,21.287776648700365,in
2025-01-04T15:07:00,21.247930680297365,in
2025-01-04T15:08:00,21.400090700528743,in
2025-01-04T15:09:00,21.304950392989493,in
2025-01-04T15:10:00,21.61240802697887,in
2025-01-04T15:11:00,21.446543066340045,in
2025-01-04T15:12:00,21.274493802732028,in
2025-01-04T15:13:00,21.33294132125667,in
2025-01-04T15:14:00,21.385341674488036,in
2025-01-04T15:15:00,21.34692062597134,in
2025-01-04T15:16:00,21.389625596025827,in
2025-01-04T15:17:00,21.35091689114377,in
2025-01-04T15:18:00,21.123787769261952,in
2025-01-04T15:19:00,21.00153087886776,in
2025-01-04T15:20:00,21.259918356614865,in
2025-01-04T15:21:00,21.39183979160977,in
2025-01-04T15:22:00,21.245229882296528,in
2025-01-04T15:23:00,21.476902541015356,in
2025-01-04T15:24:00,21.276231096014566,in
2025-01-04T15:25:00,21.478703333070396,in
2025-01-04T15:26:00,21.439783062441055,in
2025-01-04T15:27:00,21.416578154756497,in
2025-01-04T15:28:00,21.070260068037125,in
2025-01-04T15:29:00,21.245273865491118,in
2025-01-04T15:30:00,21.418049158392172,in
2025-01-04T15:31:00,21.26742978544007,in
2025-01-04T15:32:00,21.3016917287713,in
2025-01-04T15:33:00,21.002329191464124,in
2025-01-04T15:34:00,21.490320351740717,in
2025-01-04T15:35:00,21.07580045989772,in
2025-01-04T15:36:00,20.887362942585874,in
2025-01-04T15:37:00,21.12589343409929,in
2025-01-04T15:38:00,20.803490936959363,in
2025-01-04T15:39:00,20.99991175320647,in
2025-01-04T15:40:00,21.538540251484267,in
2025-01-04T15:41:00,21.089856403571606,in
2025-01-04T15:42:00,20.924809731186443,in
2025-01-04T15:43:00,21.134904168176085,in
2025-01-04T15:44:00,20.98858714466705,in
2025-01-04T15:45:00,21.245100499513086,in
2025-01-04T15:46:00,20.974172656872476,in
2025-01-04T15:47:00,21.14041317444541,in
2025-01-04T15:48:00,20.919960144990043,in
2025-01-04T15:49:00,21.47410639148467,in
2025-01-04T15:50:00,21.152046331534027,in
2025-01-04T15:51:00,21.04694508972741,in
2025-01-04T15:52:00,21.017113136833533,in
2025-01-04T15:53:00,20.970320668142914,in
2025-01-04T15:54:00,20.931545457509657,in
2025-01-04T15:55:00,20.91976295323405,in
2025-01-04T15:56:00,21.28213008707662,in
2025-01-04T15:57:00,20.939865423347904,in
2025-01-04T15:58:00,20.695740043797308,in
2025-01-04T15:59:00,20.8326718345176,in
2025-01-04T16:00:00,21.139158692999874,in
2025-01-04T16:01:00,20.954603437420246,in
2025-01-04T16:02:00,20.964811034058137,in
2025-01-04T16:03:00,21.15288599555876,in
2025-01-04T16:04:00,20.85334886180405,in
2025-01-04T16:05:00,21.057316141998594,in
2025-01-04T16:06:00,20.854820398099967,in
2025-01-04T16:07:00,21.033953648209113,in
2025-01-04T16:08:00,20.88149118391814,in
2025-01-04T16:09:00,20.89653859194042,in
2025-01-04T16:10:00,21.04842083193305,in
2025-01-04T16:11:00,21.030254778416392,in
2025-01-04T16:12:00,20.88590773215926,in
2025-01-04T16:13:00,20.832669990460957,in
2025-01-04T16:14:00,21.13599816704813,in
2025-01-04T16:15:00,20.977259155685495,in
2025-01-04T16:16:00,20.82294292175983,in
2025-01-04T16:17:00,20.7764274901164,in
2025-01-04T16:18:00,21.020922152191655,in
2025-01-04T16:19:00,20.87731648771537,in
2025-01-04T16:20:00,20.828314178028993,in
2025-01-04T16:21:00,20.862955896259926,in
2025-01-04T16:22:00,20.889263619773672,in
2025-01-04T16:23:00,20.822997296610517,in
2025-01-04T16:24:00,21.004982525441502,in
2025-01-04T16:25:00,21.006281474704632,in
2025-01-04T16:26:00,20.890137644377585,in
2025-01-04T16:27:00,21.009558647433032,in
2025-01-04T16:28:00,20.79764446891664,in
2025-01-04T16:29:00,20.892961674664907,in
2025-01-04T16:30:00,20.933145589813353,in
2025-01-04T16:31:00,20.92842118193359,in
2025-01-04T16:32:00,20.906076921509435,in
2025-01-04T16:33:00,20.85649048049259,in
2025-01-04T16:34:00,21.048539944070477,in
2025-01-04T16:35:00,20.667198687842063,in
2025-01-04T16:36:00,20.718076099766293,in
2025-01-04T16:37:00,20.70241277137745,in
2025-01-04T16:38:00,20.672633487729904,in
2025-01-04T16:39:00,20.422806189526597,in
2025-01-04T16:40:00,20.92065450148316,in
2025-01-04T16:41:00,20.553845971857132,in
2025-01-04T16:42:00,20.726576139651545,in
2025-01-04T16:43:00,20.48120131842332,in
2025-01-04T16:44:00,20.78098930162695,in
2025-01-04T16:45:00,20.563498964408836,in
2025-01-04T16:46:00,20.50436561495217,in
2025-01-04T16:47:00,20.697388187670587,in
2025-01-04T16:48:00,20.55662860020989,in
2025-01-04T16:49:00,20.56914252071771,in
2025-01-04T16:50:00,20.674588027048628,in
2025-01-04T16:51:00,20.76239692697928,in
2025-01-04T16:52:00,20.51324320669425,in
2025-01-04T16:53:00,20.480955148248558,in
2025-01-04T16:54:00,20.626813398614832,in
2025-01-04T16:55:00,20.697861775474173,in
2025-01-04T16:56:00,20.830096537861102,in
2025-01-04T16:57:00,20.44371964057259,in
2025-01-04T16:58:00,20.550486406209743,in
2025-01-04T16:59:00,20.768338454849353,in
2025-01-04T17:00:00,20.88175061804771,in
2025-01-04T17:01:00,20.43066559885712,in
2025-01-04T17:02:00,20.462677313720643,in
2025-01-04T17:03:00,20.624561127342172,in
2025-01-04T17:04:00,20.474658927993737,in
2025-01-04T17:05:00,20.441387312703995,in
2025-01-04T17:06:00,20.58592184893076,in
2025-01-04T17:07:00,20.77567105329617,in
2025-01-04T17:08:00,20.340870252496757,in
2025-01-04T17:09:00,20.756105097295556,in
2025-01-04T17:10:00,20.43922994359232,in
2025-01-04T17:11:00,20.571432533215066,in
2025-01-04T17:12:00,20.75233795721049,in
2025-01-04T17:13:00,20.556683788721923,in
2025-01-04T17:14:00,20.45746490119212,in
2025-01-04T17:15:00,20.604046728446257,in
2025-01-04T17:16:00,20.464605909204593,in
2025-01-04T17:17:00,20.56307268867109,in
2025-01-04T17:18:00,20.448485919043264,in
2025-01-04T17:19:00,20.6027079949833,in
2025-01-04T17:20:00,20.258776359879512,in
2025-01-04T17:21:00,20.31028809223903,in
2025-01-04T17:22:00,20.24541156949437,in
2025-01-04T17:23:00,20.44275029745618,in
2025-01-04T17:24:00,20.216277344264597,in
2025-01-04T17:25:00,20.336456297554218,in
2025-01-04T17:26:00,20.268657395609853,in
2025-01-04T17:27:00,20.651317572669335,in
2025-01-04T17:28:00,20.27537643996018,in
2025-01-04T17:29:00,20.225638997073812,in
2025-01-04T17:30:00,20.4505440994824,in
2025-01-04T17:31:00,20.661019168115008,in
2025-01-04T17:32:00,20.385318918018562,in
2025-01-04T17:33:00,20.39168447864632,in
2025-01-04T17:34:00,20.585899897927337,in
2025-01-04T17:35:00,20.5188451921975,in
2025-01-04T17:36:00,20.44577825894189,in
2025-01-04T17:37:00,20.289500926809946,in
2025-01-04T17:38:00,20.440162649230356,in
2025-01-04T17:39:00,20.16259927537374,in
2025-01-04T17:40:00,20.26814457901313,in
2025-01-04T17:41:00,20.571425521758957,in
2025-01-04T17:42:00,20.54704652546714,in
2025-01-04T17:43:00,20.412443206645932,in
2025-01-04T17:44:00,20.05252179668342,in
2025-01-04T17:45:00,20.155827546197436,in
2025-01-04T17:46:00,20.23030749157355,in
2025-01-04T17:47:00,20.30167283360368,in
2025-01-04T17:48:00,20.13509719153326,in
2025-01-04T17:49:00,20.280974915533882,in
2025-01-04T17:50:00,20.578311394097533,in
2025-01-04T17:51:00,20.368669738120857,in
2025-01-04T17:52:00,20.336727802031305,in
2025-01-04T17:53:00,20.146662237156104,in
2025-01-04T17:54:00,20.048871953284944,in
2025-01-04T17:55:00,20.10594679482265,in
2025-01-04T17:56:00,20.033757026389623,in
2025-01-04T17:57:00,20.29244246633332,in
2025-01-04T17:58:00,20.334324549778053,in
2025-01-04T17:59:00,20.12753549666831,in
2025-01-04T18:00:00,20.290137093417496,in
2025-01-04T18:01:00,20.483951443456558,in
2025-01-04T18:02:00,20.552943209472286,in
2025-01-04T18:03:00,20.37056953846679,in
2025-01-04T18:04:00,20.22453451012746,in
2025-01-04T18:05:00,20.357262125166425,in
2025-01-04T18:06:00,20.445137272227765,in
2025-01-04T18:07:00,19.937134302920644,in
2025-01-04T18:08:00,20.45641516995161,in
2025-01-04T18:09:00,20.14833670198496,in
2025-01-04T18:10:00,20.145733890402937,in
2025-01-04T18:11:00,20.16872652114064,in
2025-01-04T18:12:00,20.26599957243963,in
2025-01-04T18:13:00,20.04735397512291,in
2025-01-04T18:14:00,20.167409171592308,in
2025-01-04T18:15:00,20.28504609790931,in
2025-01-04T18:16:00,20.235197594792766,in
2025-01-04T18:17:00,20.255725698509046,in
2025-01-04T18:18:00,20.146234124443097,in
2025-01-04T18:19:00,20.295146201960666,in
2025-01-04T18:20:00,20.34584684422713,in
2025-01-04T18:21:00,20.333179549174243,in
2025-01-04T18:22:00,20.244218993173387,in
2025-01-04T18:23:00,20.317309804154377,in
2025-01-04T18:24:00,20.30356817233201,in
2025-01-04T18:25:00,20.570853227763727,in
2025-01-04T18:26:00,20.34858991173706,in
2025-01-04T18:27:00,20.149105959206913,in
2025-01-04T18:28:00,20.022238399993093,in
2025-01-04T18:29:00,20.116427018445233,in
2025-01-04T18:30:00,20.10247320663743,in
2025-01-04T18:31:00,20.22563237712375,in
2025-01-04T18:32:00,20.040593854088034,in
2025-01-04T18:33:00,20.32120746998421,in
2025-01-04T18:34:00,19.930730413151657,in
2025-01-04T18:35:00,19.89110549098694,in
2025-01-04T18:36:00,20.112571745816794,in
2025-01-04T18:37:00,20.00334572324865,in
2025-01-04T18:38:00,19.93792054340556,in
2025-01-04T18:39:00,20.02805683490431,in
2025-01-04T18:40:00,20.006391884066346,in
2025-01-04T18:41:00,20.11916811917239,in
2025-01-04T18:42:00,20.021646399568503,in
2025-01-04T18:43:00,20.03095180547692,in
2025-01-04T18:44:00,20.10823299106817,in
2025-01-04T18:45:00,20.258275976620105,in
2025-01-04T18:46:00,20.32396450941092,in
2025-01-04T18:47:00,20.122766881968857,in
2025-01-04T18:48:00,20.13171843522527,in
2025-01-04T18:49:00,20.067730348119067,in
2025-01-04T18:50:00,20.16475339151241,in
2025-01-04T18:51:00,20.148493015173248,in
2025-01-04T18:52:00,20.28626764053719,in
2025-01-04T18:53:00,19.80155158401706,in
2025-01-04T18:54:00,20.047185868706784,in
2025-01-04T18:55:00,20.13077877159729,in
2025-01-04T18:56:00,20.073534014492047,in
2025-01-04T18:57:00,19.934213572278292,in
2025-01-04T18:58:00,19.877834091696684,in
2025-01-04T18:59:00,20.191373716246705,in
2025-01-04T19:00:00,19.9546094698624,in
2025-01-04T19:01:00,19.802673048446273,in
2025-01-04T19:02:00,20.192190648245273,in
2025-01-04T19:03:00,20.130385615653402,in
2025-01-04T19:04:00,20.042027432829272,in
2025-01-04T19:05:00,19.920133121459322,in
2025-01-04T19:06:00,20.038243942699072,in
2025-01-04T19:07:00,20.235579623156983,in
2025-01-04T19:08:00,19.80905497752521,in
2025-01-04T19:09:00,19.814718716472036,in
2025-01-04T19:10:00,19.953243187323274,in
2025-01-04T19:11:00,20.04154123405566,in
2025-01-04T19:12:00,19.96926101384982,in
2025-01-04T19:13:00,20.138331541305885,in
2025-01-04T19:14:00,20.203475682425594,in
2025-01-04T19:15:00,20.08024475538466,in
2025-01-04T19:16:00,20.120810484668088,in
2025-01-04T19:17:00,20.07591413735253,in
2025-01-04T19:18:00,20.034916398509388,in
2025-01-04T19:19:00,19.837884799735214,in
2025-01-04T19:20:00,19.87618573783519,in
2025-01-04T19:21:00,19.82625011033806,in
2025-01-04T19:22:00,20.005153077681374,in
2025-01-04T19:23:00,20.06084897156769,in
2025-01-04T19:24:00,19.807233961092518,in
2025-01-04T19:25:00,20.03416623612978,in
2025-01-04T19:26:00,19.890685824037135,in
2025-01-04T19:27:00,19.86031732483013,in
2025-01-04T19:28:00,19.925661450032752,in
2025-01-04T19:29:00,19.85019673047448,in
2025-01-04T19:30:00,20.108109144946273,in
2025-01-04T19:31:00,19.990789437933234,in
2025-01-04T19:32:00,20.137189805265493,in
2025-01-04T19:33:00,19.947338633274207,in
2025-01-04T19:34:00,19.952003379364275,in
2025-01-04T19:35:00,20.292894719677378,in
2025-01-04T19:36:00,19.767497138511406,in
2025-01-04T19:37:00,20.202735150011133,in
2025-01-04T19:38:00,20.257386208912518,in
2025-01-04T19:39:00,20.1232627692899,in
2025-01-04T19:40:00,19.958040033410857,in
2025-01-04T19:41:00,20.22090430576544,in
2025-01-04T19:42:00,19.957901128550244,in
2025-01-04T19:43:00,19.899631791944422,in
2025-01-04T19:44:00,19.946631647851603,in
2025-01-04T19:45:00,19.918753092655013,in
2025-01-04T19:46:00,19.861736934418328,in
2025-01-04T19:47:00,20.16971783400165,in
2025-01-04T19:48:00,19.886723677597583,in
2025-01-04T19:49:00,19.99785617869189,in
2025-01-04T19:50:00,19.785337773426466,in
2025-01-04T19:51:00,20.006163529780935,in
2025-01-04T19:52:00,19.8278294393284,in
2025-01-04T19:53:00,19.82385994488779,in
2025-01-04T19:54:00,19.984292163534473,in
2025-01-04T19:55:00,20.159021785617323,in
2025-01-04T19:56:00,20.066366662848186,in
2025-01-04T19:57:00,20.0765394027719,in
2025-01-04T19:58:00,19.980588576874805,in
2025-01-04T19:59:00,19.949672998785953,in
2025-01-04T20:00:00,20.118671095774136,in
2025-01-04T20:01:00,19.91554246421041,in
2025-01-04T20:02:00,20.12524127703881,in
2025-01-04T20:03:00,20.185563385692095,in
2025-01-04T20:04:00,19.87409659224085,in
2025-01-04T20:05:00,19.8963091214952,in
2025-01-04T20:06:00,19.918831024086696,in
2025-01-04T20:07:00,19.780888424463562,in
2025-01-04T20:08:00,19.93080793621673,in
2025-01-04T20:09:00,20.196759388101476,in
2025-01-04T20:10:00,19.845067225485984,in
2025-01-04T20:11:00,20.20108264332819,in
2025-01-04T20:12:00,19.93772426179789,in
2025-01-04T20:13:00,20.320322004450716,in
2025-01-04T20:14:00,19.90145844335895,in
2025-01-04T20:15:00,19.98268486104947,in
2025-01-04T20:16:00,19.86834443970149,in
2025-01-04T20:17:00,19.902344513763154,in
2025-01-04T20:18:00,20.206892207562504,in
2025-01-04T20:19:00,20.078049497775325,in
2025-01-04T20:20:00,20.161933270693126,in
2025-01-04T20:21:00,19.81105174970217,in
2025-01-04T20:22:00,20.10743187123933,in
2025-01-04T20:23:00,19.864346465990103,in
2025-01-04T20:24:00,19.810358432308526,in
2025-01-04T20:25:00,20.047702244383395,in
2025-01-04T20:26:00,20.047137038658533,in
2025-01-04T20:27:00,20.02186495403502,in
2025-01-04T20:28:00,20.122541458611504,in
2025-01-04T20:29:00,20.14702504828562,in
2025-01-04T20:30:00,20.237569678131432,in
2025-01-04T20:31:00,19.83971675548036,in
2025-01-04T20:32:00,20.24476629933439,in
2025-01-04T20:33:00,20.303043949814995,in
2025-01-04T20:34:00,19.96703377080836,in
2025-01-04T20:35:00,19.7730032266035,in
2025-01-04T20:36:00,19.817098481849357,in
2025-01-04T20:37:00,19.95672955973948,in
2025-01-04T20:38:00,20.32955003547165,in
2025-01-04T20:39:00,20.03144988191432,in
2025-01-04T20:40:00,19.93780687646281,in
2025-01-04T20:41:00,19.929108265953822,in
2025-01-04T20:42:00,19.835081836121223,in
2025-01-04T20:43:00,20.16628560900104,in
2025-01-04T20:44:00,20.022935321396808,in
2025-01-04T20:45:00,20.353403865657903,in
2025-01-04T20:46:00,20.13438200022231,in
2025-01-04T20:47:00,20.166399502439422,in
2025-01-04T20:48:00,20.007389073920987,in
2025-01-04T20:49:00,19.88188323634862,in
2025-01-04T20:50:00,19.91637083871076,in
2025-01-04T20:51:00,19.843928317399612,in
2025-01-04T20:52:00,20.187819078402242,in
2025-01-04T20:53:00,19.99550420499222,in
2025-01-04T20:54:00,20.198135240143458,in
2025-01-04T20:55:00,20.077703020719614,in
2025-01-04T20:56:00,20.01548579408244,in
2025-01-04T20:57:00,19.88609775534121,in
2025-01-04T20:58:00,20.108949629188185,in
2025-01-04T20:59:00,20.033113169705093,in
2025-01-04T21:00:00,20.203475936615174,in
2025-01-04T21:01:00,19.963113750961032,in
2025-01-04T21:02:00,20.16515525960731,in
2025-01-04T21:03:00,20.321216789526083,in
2025-01-04T21:04:00,20.11835999532232,in
2025-01-04T21:05:00,20.197694009139425,in
2025-01-04T21:06:00,20.16814406719025,in
2025-01-04T21:07:00,20.369571001068,in
2025-01-04T21:08:00,20.143124551328004,in
2025-01-04T21:09:00,20.194953938845952,in
2025-01-04T21:10:00,20.08712469422615,in
2025-01-04T21:11:00,19.979050120361027,in
2025-01-04T21:12:00,19.916660614557518,in
2025-01-04T21:13:00,20.29064035744175,in
2025-01-04T21:14:00,19.95209878388622,in
2025-01-04T21:15:00,20.218019415977302,in
2025-01-04T21:16:00,20.17136534335893,in
2025-01-04T21:17:00,20.24948976094879,in
2025-01-04T21:18:00,20.03751021442816,in
2025-01-04T21:19:00,19.999038482314777,in
2025-01-04T21:20:00,20.177370534143147,in
2025-01-04T21:21:00,20.079766077173904,in
2025-01-04T21:22:00,19.942001371012264,in
2025-01-04T21:23:00,20.42050841197903,in
2025-01-04T21:24:00,20.014127922111214,in
2025-01-04T21:25:00,19.98693935463665,in
2025-01-04T21:26:00,20.10284449880904,in
2025-01-04T21:27:00,20.330309679629835,in
2025-01-04T21:28:00,19.820622034397882,in
2025-01-04T21:29:00,20.324401534151182,in
2025-01-04T21:30:00,20.015519909758982,in
2025-01-04T21:31:00,20.195276842675334,in
2025-01-04T21:32:00,20.057589248836546,in
2025-01-04T21:33:00,20.461205107802503,in
2025-01-04T21:34:00,20.1845728642261,in
2025-01-04T21:35:00,20.06316330920992,in
2025-01-04T21:36:00,20.127745386439145,in
2025-01-04T21:37:00,20.18992147408108,in
2025-01-04T21:38:00,20.206728949411243,in
2025-01-04T21:39:00,20.249528024878035,in
2025-01-04T21:40:00,20.18717373477435,in
2025-01-04T21:41:00,19.984515346599956,in
2025-01-04T21:42:00,20.14378928066503,in
2025-01-04T21:43:00,20.289602277580954,in
2025-01-04T21:44:00,20.101929486444813,in
2025-01-04T21:45:00,20.307171708889378,in
2025-01-04T21:46:00,20.21488899673962,in
2025-01-04T21:47:00,20.181381089662754,in
2025-01-04T21:48:00,20.397108535504202,in
2025-01-04T21:49:00,19.96124600037088,in
2025-01-04T21:50:00,20.124680198903857,in
2025-01-04T21:51:00,20.414889031525732,in
2025-01-04T21:52:00,20.508612188755173,in
2025-01-04T21:53:00,20.581117396289983,in
2025-01-04T21:54:00,20.249919104226816,in
2025-01-04T21:55:00,20.315231095527313,in
2025-01-04T21:56:00,20.373374759806556,in
2025-01-04T21:57:00,20.446269276678148,in
2025-01-04T21:58:00,20.306252398321416,in
2025-01-04T21:59:00,20.402524709538625,in
2025-01-04T22:00:00,20.3369152624978,in
2025-01-04T22:01:00,20.35066258087746,in
2025-01-04T22:02:00,20.138986293581933,in
2025-01-04T22:03:00,20.23180511909066,in
2025-01-04T22:04:00,20.207250018884103,in
2025-01-04T22:05:00,20.111841940617328,in
2025-01-04T22:06:00,20.046978887660178,in
2025-01-04T22:07:00,20.235751425220048,in
2025-01-04T22:08:00,20.264321458721707,in
2025-01-04T22:09:00,20.32429991799623,in
2025-01-04T22:10:00,20.39657778450025,in
2025-01-04T22:11:00,20.34614031061209,in
2025-01-04T22:12:00,20.28412218747956,in
2025-01-04T22:13:00,20.190158740937946,in
2025-01-04T22:14:00,20.463788720490847,in
2025-01-04T22:15:00,20.321787442801497,in
2025-01-04T22:16:00,20.27685638563888,in
2025-01-04T22:17:00,20.31885235938363,in
2025-01-04T22:18:00,20.241835970652758,in
2025-01-04T22:19:00,20.277105035604006,in
2025-01-04T22:20:00,20.277327164428485,in
2025-01-04T22:21:00,20.323616276976573,in
2025-01-04T22:22:00,20.470132206810074,in
2025-01-04T22:23:00,20.437918846351067,in
2025-01-04T22:24:00,20.61397662234222,in
2025-01-04T22:25:00,20.568870155281836,in
2025-01-04T22:26:00,20.68574954475075,in
2025-01-04T22:27:00,20.4813661465685,in
2025-01-04T22:28:00,20.484194763261446,in
2025-01-04T22:29:00,20.334883628285187,in
2025-01-04T22:30:00,20.53719555404185,in
2025-01-04T22:31:00,20.320203313005848,in
2025-01-04T22:32:00,20.203410164129316,in
2025-01-04T22:33:00,20.658314647075674,in
2025-01-04T22:34:00,20.24740644710027,in
2025-01-04T22:35:00,20.506058802253573,in
2025-01-04T22:36:00,20.31365837116105,in
2025-01-04T22:37:00,20.6202148552544,in
2025-01-04T22:38:00,20.64619333109016,in
2025-01-04T22:39:00,20.54169300696656,in
2025-01-04T22:40:00,20.654865820183474,in
2025-01-04T22:41:00,20.474635621809604,in
2025-01-04T22:42:00,20.81431427092384,in
2025-01-04T22:43:00,20.596794816255837,in
2025-01-04T22:44:00,20.3554981056109,in
2025-01-04T22:45:00,20.506761391353663,in
2025-01-04T22:46:00,20.479213254489736,in
2025-01-04T22:47:00,20.47032164111095,in
2025-01-04T22:48:00,20.265139464860326,in
2025-01-04T22:49:00,20.57759342669285,in
2025-01-04T22:50:00,20.317582379538667,in
2025-01-04T22:51:00,20.15254388905027,in
2025-01-04T22:52:00,20.485690550593162,in
2025-01-04T22:53:00,20.42987401222636,in
2025-01-04T22:54:00,20.420020706080088,in
2025-01-04T22:55:00,20.08980768332566,in
2025-01-04T22:56:00,20.433693967929738,in
2025-01-04T22:57:00,20.541349833374788,in
2025-01-04T22:58:00,20.478376010677216,in
2025-01-04T22:59:00,20.637730800191427,in
2025-01-04T23:00:00,20.794685534898235,in
2025-01-04T23:01:00,20.669425667126337,in
2025-01-04T23:02:00,20.752140615515597,in
2025-01-04T23:03:00,20.770788083763907,in
2025-01-04T23:04:00,20.457854144021994,in
2025-01-04T23:05:00,20.682841092338386,in
2025-01-04T23:06:00,20.77256445161731,in
2025-01-04T23:07:00,20.564239947640008,in
2025-01-04T23:08:00,20.51740928237046,in
2025-01-04T23:09:00,20.721959477816583,in
2025-01-04T23:10:00,20.42657525400052,in
2025-01-04T23:11:00,20.492065697670714,in
2025-01-04T23:12:00,20.561725335144768,in
2025-01-04T23:13:00,20.735813799967936,in
2025-01-04T23:14:00,20.707596781801875,in
2025-01-04T23:15:00,20.83616400173268,in
2025-01-04T23:16:00,20.54960143386447,in
2025-01-04T23:17:00,20.548159549384426,in
2025-01-04T23:18:00,20.77969069865208,in
2025-01-04T23:19:00,20.587952005098014,in
2025-01-04T23:20:00,20.62389919330276,in
2025-01-04T23:21:00,20.44260727015106,in
2025-01-04T23:22:00,20.77147045965651,in
2025-01-04T23:23:00,20.96578291364739,in
2025-01-04T23:24:00,20.586965880455267,in
2025-01-04T23:25:00,20.9014085973899,in
2025-01-04T23:26:00,20.746060939576267,in
2025-01-04T23:27:00,20.496999905618825,in
2025-01-04T23:28:00,20.63446802100446,in
2025-01-04T23:29:00,20.632095340010533,in
2025-01-04T23:30:00,20.734997974211463,in
2025-01-04T23:31:00,20.852339167181217,in
2025-01-04T23:32:00,21.07370837928212,in
2025-01-04T23:33:00,20.588678929620905,in
2025-01-04T23:34:00,20.737637816959314,in
2025-01-04T23:35:00,20.682983575336227,in
2025-01-04T23:36:00,20.634232576191657,in
2025-01-04T23:37:00,20.845817821716565,in
2025-01-04T23:38:00,20.838816087256145,in
2025-01-04T23:39:00,20.573639267863097,in
2025-01-04T23:40:00,20.855569706489725,in
2025-01-04T23:41:00,20.67919707587072,in
2025-01-04T23:42:00,20.86896168402058,in
2025-01-04T23:43:00,21.064814618590777,in
2025-01-04T23:44:00,20.951074387219897,in
2025-01-04T23:45:00,20.915487098121854,in
2025-01-04T23:46:00,20.816811165765372,in
2025-01-04T23:47:00,20.913443688586884,in
2025-01-04T23:48:00,20.995210063307066,in
2025-01-04T23:49:00,20.987676008685273,in
2025-01-04T23:50:00,20.910517968734315,in
2025-01-04T23:51:00,20.96537741675961,in
2025-01-04T23:52:00,20.74267719852727,in
2025-01-04T23:53:00,20.8374216364796,in
2025-01-04T23:54:00,21.06113683345,in
2025-01-04T23:55:00,21.088758426385088,in
2025-01-04T23:56:00,20.98396363880579,in
2025-01-04T23:57:00,21.199258688000665,in
2025-01-04T23:58:00,21.061126186547796,in
2025-01-04T23:59:00,20.957482918229484,in
2025-01-05T00:00:00,20.817037087043918,in
2025-01-05T00:01:00,21.22337698015392,in
2025-01-05T00:02:00,21.130700498366245,in
2025-01-05T00:03:00,21.292504230445665,in
2025-01-05T00:04:00,21.35540787783291,in
2025-01-05T00:05:00,20.84498141614381,in
2025-01-05T00:06:00,20.853032417861705,in
2025-01-05T00:07:00,20.623880678744953,in
2025-01-05T00:08:00,21.198811194982678,in
2025-01-05T00:09:00,21.167243362472913,in
2025-01-05T00:10:00,21.091169623548808,in
2025-01-05T00:11:00,20.900332185109576,in
2025-01-05T00:12:00,21.07866394715219,in
2025-01-05T00:13:00,21.12750894217628,in
2025-01-05T00:14:00,21.225013223812255,in
2025-01-05T00:15:00,21.156370656731788,in
2025-01-05T00:16:00,21.222827900670516,in
2025-01-05T00:17:00,21.112489854704055,in
2025-01-05T00:18:00,21.316200090472197,in
2025-01-05T00:19:00,21.241622031813595,in
2025-01-05T00:20:00,20.976723515913474,in
2025-01-05T00:21:00,21.371063580073574,in
2025-01-05T00:22:00,21.35444924309479,in
2025-01-05T00:23:00,21.248383505330985,in
2025-01-05T00:24:00,21.22863436959652,in
2025-01-05T00:25:00,21.44329835561427,in
2025-01-05T00:26:00,20.957504932208693,in
2025-01-05T00:27:00,21.39669596584041,in
2025-01-05T00:28:00,21.147106738235298,in
2025-01-05T00:29:00,21.390854693687917,in
2025-01-05T00:30:00,21.252689512345178,in
2025-01-05T00:31:00,21.056263861783894,in
2025-01-05T00:32:00,21.17630884166282,in
2025-01-05T00:33:00,21.41214448595522,in
2025-01-05T00:34:00,21.235466364353424,in
2025-01-05T00:35:00,21.181901111224878,in
2025-01-05T00:36:00,21.18903829224014,in
2025-01-05T00:37:00,21.38775503733963,in
2025-01-05T00:38:00,21.562180492002057,in
2025-01-05T00:39:00,20.986633380249568,in
2025-01-05T00:40:00,21.736062380450154,in
2025-01-05T00:41:00,21.354728498339764,in
2025-01-05T00:42:00,21.41941990182728,in
2025-01-05T00:43:00,21.27517944740231,in
2025-01-05T00:44:00,21.348336422357157,in
2025-01-05T00:45:00,21.38599802121334,in
2025-01-05T00:46:00,21.208026288339262,in
2025-01-05T00:47:00,21.252820171293873,in
2025-01-05T00:48:00,21.55965114238379,in
2025-01-05T00:49:00,21.15741937514009,in
2025-01-05T00:50:00,21.46474426648848,in
2025-01-05T00:51:00,21.35133931364348,in
2025-01-05T00:52:00,21.27115051813319,in
2025-01-05T00:53:00,21.719397241527233,in
2025-01-05T00:54:00,21.288793926402935,in
2025-01-05T00:55:00,21.27082667197784,in
2025-01-05T00:56:00,21.420679382837918,in
2025-01-05T00:57:00,21.341835305154536,in
2025-01-05T00:58:00,21.466480346392668,in
2025-01-05T00:59:00,21.49724746558175,in
2025-01-05T01:00:00,21.517560619640193,in
2025-01-05T01:01:00,21.472212476502406,in
2025-01-05T01:02:00,21.39391573642728,in
2025-01-05T01:03:00,21.60420387034391,in
2025-01-05T01:04:00,21.499402293825046,in
2025-01-05T01:05:00,21.4502856185394,in
2025-01-05T01:06:00,21.755108327152815,in
2025-01-05T01:07:00,21.523402424096453,in
2025-01-05T01:08:00,21.713895881536757,in
2025-01-05T01:09:00,21.742630897023407,in
2025-01-05T01:10:00,21.760271697437663,in
2025-01-05T01:11:00,21.67931832690377,in
2025-01-05T01:12:00,21.584081593833112,in
2025-01-05T01:13:00,21.58311024412199,in
2025-01-05T01:14:00,21.56464611339311,in
2025-01-05T01:15:00,21.284785005465775,in
2025-01-05T01:16:00,21.72620303010909,in
2025-01-05T01:17:00,21.663621762940288,in
2025-01-05T01:18:00,21.759357588946994,in
2025-01-05T01:19:00,21.62656267633152,in
2025-01-05T01:20:00,21.752427418959165,in
2025-01-05T01:21:00,21.454674932872734,in
2025-01-05T01:22:00,21.494514946889403,in
2025-01-05T01:23:00,21.307083128834137,in
2025-01-05T01:24:00,21.66697869054479,in
2025-01-05T01:25:00,21.579874389453373,in
2025-01-05T01:26:00,21.568873896465217,in
2025-01-05T01:27:00,21.76321261271244,in
2025-01-05T01:28:00,21.65782771895022,in
2025-01-05T01:29:00,21.515334488432,in
2025-01-05T01:30:00,22.120662631472708,in
2025-01-05T01:31:00,21.742050468655126,in
2025-01-05T01:32:00,21.59378685524935,in
2025-01-05T01:33:00,21.664449885944368,in
2025-01-05T01:34:00,21.747622127112802,in
2025-01-05T01:35:00,21.75597935595749,in
2025-01-05T01:36:00,21.98626771442157,in
2025-01-05T01:37:00,21.787709383131016,in
2025-01-05T01:38:00,22.086589720739788,in
2025-01-05T01:39:00,21.75213332107138,in
2025-01-05T01:40:00,21.88965392054366,in
2025-01-05T01:41:00,21.987680614124763,in
2025-01-05T01:42:00,22.02235465425106,in
2025-01-05T01:43:00,22.048563852223523,in
2025-01-05T01:44:00,21.81968529137973,in
2025-01-05T01:45:00,21.86837035249847,in
2025-01-05T01:46:00,21.50598953594573,in
2025-01-05T01:47:00,21.857212919083157,in
2025-01-05T01:48:00,22.059016214203606,in
2025-01-05T01:49:00,22.03856921493569,in
2025-01-05T01:50:00,21.899788157117815,in
2025-01-05T01:51:00,22.17635128492135,in
2025-01-05T01:52:00,21.872600213943272,in
2025-01-05T01:53:00,21.831501999977366,in
2025-01-05T01:54:00,21.877421843100297,in
2025-01-05T01:55:00,21.788000476205458,in
2025-01-05T01:56:00,22.058454441880965,in
2025-01-05T01:57:00,22.017093080598595,in
2025-01-05T01:58:00,22.074043845959206,in
2025-01-05T01:59:00,21.92911770864082,in
2025-01-05T02:00:00,21.99128905309911,in
2025-01-05T02:01:00,21.681963810058157,in
2025-01-05T02:02:00,22.073886903693406,in
2025-01-05T02:03:00,22.04100540940163,in
2025-01-05T02:04:00,21.86982566365054,in
2025-01-05T02:05:00,22.027931140256133,in
2025-01-05T02:06:00,22.01367650130522,in
2025-01-05T02:07:00,22.32572381667077,in
2025-01-05T02:08:00,21.910629948185832,in
2025-01-05T02:09:00,22.12823355834814,in
2025-01-05T02:10:00,21.923623521828915,in
2025-01-05T02:11:00,22.012275240432146,in
2025-01-05T02:12:00,22.14619475553972,in
2025-01-05T02:13:00,22.08168112649729,in
2025-01-05T02:14:00,22.121198450637674,in
2025-01-05T02:15:00,22.180714574695077,in
2025-01-05T02:16:00,22.065459511808463,in
2025-01-05T02:17:00,22.28083896061311,in
2025-01-05T02:18:00,22.111096229970048,in
2025-01-05T02:19:00,22.150983095791524,in
2025-01-05T02:20:00,22.228508176683487,in
2025-01-05T02:21:00,22.217053267501527,in
2025-01-05T02:22:00,22.288325693721873,in
2025-01-05T02:23:00,22.247920783446855,in
2025-01-05T02:24:00,22.279411525768733,in
2025-01-05T02:25:00,22.168927872579157,in
2025-01-05T02:26:00,22.066090762822977,in
2025-01-05T02:27:00,22.020928959502744,in
2025-01-05T02:28:00,21.993132164663947,in
2025-01-05T02:29:00,22.516806945931048,in
2025-01-05T02:30:00,21.929136372805985,in
2025-01-05T02:31:00,22.44876038539401,in
2025-01-05T02:32:00,22.155215850225506,in
2025-01-05T02:33:00,22.464951389800326,in
2025-01-05T02:34:00,21.965237818071902,in
2025-01-05T02:35:00,22.26898268709734,in
2025-01-05T02:36:00,22.53097259053425,in
2025-01-05T02:37:00,22.428466565728982,in
2025-01-05T02:38:00,22.279505392617732,in
2025-01-05T02:39:00,22.047252412468776,in
2025-01-05T02:40:00,22.14892307701122,in
2025-01-05T02:41:00,22.56425915543159,in
2025-01-05T02:42:00,22.31223487079624,in
2025-01-05T02:43:00,22.36227445650545,in
2025-01-05T02:44:00,22.42414825645848,in
2025-01-05T02:45:00,22.19475480706912,in
2025-01-05T02:46:00,22.45982939581042,in
2025-01-05T02:47:00,22.344341180180002,in
2025-01-05T02:48:00,22.459878799471852,in
2025-01-05T02:49:00,22.33764770623233,in
2025-01-05T02:50:00,22.19691181886703,in
2025-01-05T02:51:00,22.377288990271197,in
2025-01-05T02:52:00,22.54601875125393,in
2025-01-05T02:53:00,22.517509795206383,in
2025-01-05T02:54:00,22.471530357812018,in
2025-01-05T02:55:00,22.610091562603895,in
2025-01-05T02:56:00,22.453304689317697,in
2025-01-05T02:57:00,22.500748033160264,in
2025-01-05T02:58:00,22.428794976154823,in
2025-01-05T02:59:00,22.652696592924073,in
2025-01-05T03:00:00,22.5613673723633,in
2025-01-05T03:01:00,22.44251871238994,in
2025-01-05T03:02:00,22.31112229017734,in
2025-01-05T03:03:00,22.708625090964894,in
2025-01-05T03:04:00,22.439664953956303,in
2025-01-05T03:05:00,22.57046768093542,in
2025-01-05T03:06:00,22.920920641879526,in
2025-01-05T03:07:00,22.69661896752817,in
2025-01-05T03:08:00,22.826415847769518,in
2025-01-05T03:09:00,22.51236442806997,in
2025-01-05T03:10:00,22.76205805853158,in
2025-01-05T03:11:00,22.61372894699881,in
2025-01-05T03:12:00,22.672936526865175,in
2025-01-05T03:13:00,22.929453869923428,in
2025-01-05T03:14:00,22.592812439187725,in
2025-01-05T03:15:00,22.645767098657803,in
2025-01-05T03:16:00,22.51565411118812,in
2025-01-05T03:17:00,22.792651573911787,in
2025-01-05T03:18:00,22.58351968372454,in
2025-01-05T03:19:00,22.82923999837948,in
2025-01-05T03:20:00,22.43655330038961,in
2025-01-05T03:21:00,22.774529824930028,in
2025-01-05T03:22:00,22.603860766609476,in
2025-01-05T03:23:00,22.818159721894958,in
2025-01-05T03:24:00,22.714702023162463,in
2025-01-05T03:25:00,22.644575239337158,in
2025-01-05T03:26:00,22.67501851091719,in
2025-01-05T03:27:00,22.613556630010876,in
2025-01-05T03:28:00,22.874881350129954,in
2025-01-05T03:29:00,22.60000163229105,in
2025-01-05T03:30:00,22.725305068920257,in
2025-01-05T03:31:00,22.82520786022901,in
2025-01-05T03:32:00,23.023486435795824,in
2025-01-05T03:33:00,22.78809292263476,in
2025-01-05T03:34:00,22.761121549869728,in
2025-01-05T03:35:00,22.846538609484874,in
2025-01-05T03:36:00,22.50245365380043,in
2025-01-05T03:37:00,22.641640850123345,in
2025-01-05T03:38:00,22.773081510480708,in
2025-01-05T03:39:00,22.73037410246496,in
2025-01-05T03:40:00,22.605111530094888,in
2025-01-05T03:41:00,22.981804277478048,in
2025-01-05T03:42:00,22.899985703050188,in
2025-01-05T03:43:00,22.88993030190121,in
2025-01-05T03:44:00,22.772643620904997,in
2025-01-05T03:45:00,22.896486325137552,in
2025-01-05T03:46:00,22.96956304513577,in
2025-01-05T03:47:00,22.860462473989372,in
2025-01-05T03:48:00,22.974666835365145,in
2025-01-05T03:49:00,22.796338757960143,in
2025-01-05T03:50:00,22.938120023418524,in
2025-01-05T03:51:00,23.102603783089137,in
2025-01-05T03:52:00,23.12374608110818,in
2025-01-05T03:53:00,23.14577765511213,in
2025-01-05T03:54:00,22.997152782834153,in
2025-01-05T03:55:00,22.966719631067434,in
2025-01-05T03:56:00,22.90230090306876,in
2025-01-05T03:57:00,22.706119769516295,in
2025-01-05T03:58:00,22.783112165746854,in
2025-01-05T03:59:00,22.967224761555624,in
2025-01-05T04:00:00,22.98375673263073,in
2025-01-05T04:01:00,23.219381408412026,in
2025-01-05T04:02:00,23.21229659532775,in
2025-01-05T04:03:00,22.919613250931114,in
2025-01-05T04:04:00,23.152825007083457,in
2025-01-05T04:05:00,22.965986186634954,in
2025-01-05T04:06:00,23.147389580882464,in
2025-01-05T04:07:00,23.173330506519747,in
2025-01-05T04:08:00,23.246152450288573,in
2025-01-05T04:09:00,22.993332528613813,in
2025-01-05T04:10:00,23.22674476977078,in
2025-01-05T04:11:00,22.801026837317792,in
2025-01-05T04:12:00,23.28371042226088,in
2025-01-05T04:13:00,23.09283395061705,in
2025-01-05T04:14:00,23.10331477092626,in
2025-01-05T04:15:00,22.80552499018563,in
2025-01-05T04:16:00,23.060085923854384,in
2025-01-05T04:17:00,23.328931765332168,in
2025-01-05T04:18:00,23.068807190094244,in
2025-01-05T04:19:00,23.247012939338887,in
2025-01-05T04:20:00,23.15233614185921,in
2025-01-05T04:21:00,23.31369075101442,in
2025-01-05T04:22:00,23.190131056202496,in
2025-01-05T04:23:00,23.02872760161015,in
2025-01-05T04:24:00,23.184038106562284,in
2025-01-05T04:25:00,23.422801832282346,in
2025-01-05T04:26:00,23.264292335208115,in
2025-01-05T04:27:00,23.179182255047262,in
2025-01-05T04:28:00,23.541991619174087,in
2025-01-05T04:29:00,23.38447033146997,in
2025-01-05T04:30:00,23.34003294532721,in
2025-01-05T04:31:00,23.27203592985555,in
2025-01-05T04:32:00,23.340864025863983,in
2025-01-05T04:33:00,23.35259770959709,in
2025-01-05T04:34:00,22.917606971442414,in
2025-01-05T04:35:00,23.311087376292534,in
2025-01-05T04:36:00,23.234519903199327,in
2025-01-05T04:37:00,23.190444216154546,in
2025-01-05T04:38:00,23.242840848548887,in
2025-01-05T04:39:00,23.045500700937833,in
2025-01-05T04:40:00,23.0148837043675,in
2025-01-05T04:41:00,23.479223321903202,in
2025-01-05T04:42:00,23.368219769616708,in
2025-01-05T04:43:00,22.943567685843604,in
2025-01-05T04:44:00,23.225660376770747,in
2025-01-05T04:45:00,23.450774390209613,in
2025-01-05T04:46:00,23.283237940373375,in
2025-01-05T04:47:00,23.518514075071423,in
2025-01-05T04:48:00,23.49572398260921,in
2025-01-05T04:49:00,23.14122693347273,in
2025-01-05T04:50:00,23.32968180040399,in
2025-01-05T04:51:00,23.290388077344574,in
2025-01-05T04:52:00,23.15561097597218,in
2025-01-05T04:53:00,23.15222483192443,in
2025-01-05T04:54:00,23.255805919451248,in
2025-01-05T04:55:00,23.286887300137643,in
2025-01-05T04:56:00,23.431801207504495,in
2025-01-05T04:57:00,23.55221294066552,in
2025-01-05T04:58:00,23.478865271971557,in
2025-01-05T04:59:00,23.52058528495406,in
2025-01-05T05:00:00,23.37422088915254,in
2025-01-05T05:01:00,23.5108207807385,in
2025-01-05T05:02:00,23.40424465106982,in
2025-01-05T05:03:00,23.36638302936139,in
2025-01-05T05:04:00,23.723244743011644,in
2025-01-05T05:05:00,23.095156530637386,in
2025-01-05T05:06:00,23.169753097428472,in
2025-01-05T05:07:00,23.51414690288484,in
2025-01-05T05:08:00,23.42296005095847,in
2025-01-05T05:09:00,23.25309736634633,in
2025-01-05T05:10:00,23.31636303094568,in
2025-01-05T05:11:00,23.341775385444397,in
2025-01-05T05:12:00,23.620140131524426,in
2025-01-05T05:13:00,23.67397631478306,in
2025-01-05T05:14:00,23.743845826362595,in
2025-01-05T05:15:00,23.26532793162655,in
2025-01-05T05:16:00,23.304350630568813,in
2025-01-05T05:17:00,23.299785997593023,in
2025-01-05T05:18:00,23.714140482065563,in
2025-01-05T05:19:00,23.589048607727985,in
2025-01-05T05:20:00,23.54411876870841,in
2025-01-05T05:21:00,23.572127968224034,in
2025-01-05T05:22:00,23.534732425204627,in
2025-01-05T05:23:00,23.380613981053397,in
2025-01-05T05:24:00,23.63126784138167,in
2025-01-05T05:25:00,23.53184819033771,in
2025-01-05T05:26:00,23.38516808668293,in
2025-01-05T05:27:00,23.656776678565198,in
2025-01-05T05:28:00,23.512153361772555,in
2025-01-05T05:29:00,23.615501670513893,in
2025-01-05T05:30:00,23.567959806387762,in
2025-01-05T05:31:00,23.725710820902965,in
2025-01-05T05:32:00,23.630295466228926,in
2025-01-05T05:33:00,23.4699525991536,in
2025-01-05T05:34:00,23.656014204765214,in
2025-01-05T05:35:00,23.666092517205925,in
2025-01-05T05:36:00,23.694733934855723,in
2025-01-05T05:37:00,23.77852910213981,in
2025-01-05T05:38:00,23.535833618936064,in
2025-01-05T05:39:00,23.73347346040044,in
2025-01-05T05:40:00,23.37958150290186,in
2025-01-05T05:41:00,23.625296153591083,in
2025-01-05T05:42:00,23.607053394522882,in
2025-01-05T05:43:00,23.870356281281417,in
2025-01-05T05:44:00,23.63462483076361,in
2025-01-05T05:45:00,23.75413754133083,in
2025-01-05T05:46:00,23.403504850703452,in
2025-01-05T05:47:00,23.619808616992227,in
2025-01-05T05:48:00,23.55038715577581,in
2025-01-05T05:49:00,24.05340469442311,in
2025-01-05T05:50:00,23.58676337805757,in
2025-01-05T05:51:00,23.702447504307163,in
2025-01-05T05:52:00,23.715082562654125,in
2025-01-05T05:53:00,23.462282706350624,in
2025-01-05T05:54:00,23.626375017126712,in
2025-01-05T05:55:00,23.77053871824328,in
2025-01-05T05:56:00,23.72719294269042,in
2025-01-05T05:57:00,23.373751177201715,in
2025-01-05T05:58:00,23.63820960420736,in
2025-01-05T05:59:00,23.880794259625823,in
2025-01-05T06:00:00,23.820284246665814,in
2025-01-05T06:01:00,23.91910263175206,in
2025-01-05T06:02:00,23.592864291266306,in
2025-01-05T06:03:00,23.937131444437455,in
2025-01-05T06:04:00,23.742578507035415,in
2025-01-05T06:05:00,23.992286886555856,in
2025-01-05T06:06:00,23.758129890436496,in
2025-01-05T06:07:00,23.454660152503624,in
2025-01-05T06:08:00,23.893283371413922,in
2025-01-05T06:09:00,23.703448223229888,in
2025-01-05T06:10:00,23.71758722465117,in
2025-01-05T06:11:00,23.560069818311007,in
2025-01-05T06:12:00,24.02534297322764,in
2025-01-05T06:13:00,23.707792710751846,in
2025-01-05T06:14:00,24.026124089440927,in
2025-01-05T06:15:00,23.729059008826447,in
2025-01-05T06:16:00,23.65842631227594,in
2025-01-05T06:17:00,23.999325854749646,in
2025-01-05T06:18:00,23.794170356349685,in
2025-01-05T06:19:00,23.799374489805462,in
2025-01-05T06:20:00,23.62037168303083,in
2025-01-05T06:21:00,23.747642844445725,in
2025-01-05T06:22:00,23.884226915297734,in
2025-01-05T06:23:00,23.62864708809035,in
2025-01-05T06:24:00,23.746227761159428,in
2025-01-05T06:25:00,23.767555992627777,in
2025-01-05T06:26:00,23.844086269477344,in
2025-01-05T06:27:00,24.059516367143537,in
2025-01-05T06:28:00,23.79601673695743,in
2025-01-05T06:29:00,23.74082684397902,in
2025-01-05T06:30:00,24.259714659826273,in
2025-01-05T06:31:00,23.786103205006615,in
2025-01-05T06:32:00,23.825768984958195,in
2025-01-05T06:33:00,23.80394215036519,in
2025-01-05T06:34:00,23.819319770797605,in
2025-01-05T06:35:00,23.87567896801799,in
2025-01-05T06:36:00,24.005280324633393,in
2025-01-05T06:37:00,23.930868577863034,in
2025-01-05T06:38:00,24.03490871300176,in
2025-01-05T06:39:00,24.03298697303608,in
2025-01-05T06:40:00,23.910668057414195,in
2025-01-05T06:41:00,23.938798826022307,in
2025-01-05T06:42:00,24.05159348362465,in
2025-01-05T06:43:00,23.721496551585197,in
2025-01-05T06:44:00,24.26576883153438,in
2025-01-05T06:45:00,23.816972489411068,in
2025-01-05T06:46:00,23.84400257217705,in
2025-01-05T06:47:00,23.717613106202688,in
2025-01-05T06:48:00,23.724790411397148,in
2025-01-05T06:49:00,24.05089670962002,in
2025-01-05T06:50:00,24.24796289314279,in
2025-01-05T06:51:00,23.824953872293122,in
2025-01-05T06:52:00,23.9647069911452,in
2025-01-05T06:53:00,23.94816771096645,in
2025-01-05T06:54:00,24.0676761540989,in
2025-01-05T06:55:00,24.25290687844947,in
2025-01-05T06:56:00,24.150669404573875,in
2025-01-05T06:57:00,23.88911158076018,in
2025-01-05T06:58:00,24.006576051773692,in
2025-01-05T06:59:00,24.023783324068958,in
2025-01-05T07:00:00,23.928838057902993,in
2025-01-05T07:01:00,23.769701457803375,in
2025-01-05T07:02:00,23.81647884797176,in
2025-01-05T07:03:00,24.11068471705289,in
2025-01-05T07:04:00,24.128287651925298,in
2025-01-05T07:05:00,23.911549034900645,in
2025-01-05T07:06:00,23.983898149904366,in
2025-01-05T07:07:00,24.126348090120345,in
2025-01-05T07:08:00,23.693099798765477,in
2025-01-05T07:09:00,23.883731776391194,in
2025-01-05T07:10:00,24.255272721462262,in
2025-01-05T07:11:00,23.999358370355854,in
2025-01-05T07:12:00,23.786912788762095,in
2025-01-05T07:13:00,23.975683289005225,in
2025-01-05T07:14:00,24.1130647480819,in
2025-01-05T07:15:00,23.579590620207174,in
2025-01-05T07:16:00,23.98969723947399,in
2025-01-05T07:17:00,23.909038612262147,in
2025-01-05T07:18:00,23.72021009616237,in
2025-01-05T07:19:00,23.98037048356213,in
2025-01-05T07:20:00,23.949143471260346,in
2025-01-05T07:21:00,23.967498580286506,in
2025-01-05T07:22:00,23.920332110037748,in
2025-01-05T07:23:00,23.820792100327346,in
2025-01-05T07:24:00,23.75715625615054,in
2025-01-05T07:25:00,23.873119529894325,in
2025-01-05T07:26:00,24.106919543835243,in
2025-01-05T07:27:00,24.01426331769835,in
2025-01-05T07:28:00,23.970160138066152,in
2025-01-05T07:29:00,23.82576657241304,in
2025-01-05T07:30:00,23.92680248281949,in
2025-01-05T07:31:00,24.09458353311301,in
2025-01-05T07:32:00,24.06080986765547,in
2025-01-05T07:33:00,23.914557083443945,in
2025-01-05T07:34:00,23.595433388633005,in
2025-01-05T07:35:00,23.886885531920402,in
2025-01-05T07:36:00,23.91663961309495,in
2025-01-05T07:37:00,23.85387114584641,in
2025-01-05T07:38:00,23.928816029263402,in
2025-01-05T07:39:00,24.114092374378608,in
2025-01-05T07:40:00,23.986794928240013,in
2025-01-05T07:41:00,24.141585412181264,in
2025-01-05T07:42:00,23.767578854619444,in
2025-01-05T07:43:00,23.94874076150573,in
2025-01-05T07:44:00,23.704274783892895,in
2025-01-05T07:45:00,23.93173121700168,in
2025-01-05T07:46:00,23.839420978549086,in
2025-01-05T07:47:00,24.188971266128952,in
2025-01-05T07:48:00,24.058715870385676,in
2025-01-05T07:49:00,24.149921197308856,in
2025-01-05T07:50:00,23.933694269372776,in
2025-01-05T07:51:00,23.84550035791395,in
2025-01-05T07:52:00,23.841047204857425,in
2025-01-05T07:53:00,24.038883073789055,in
2025-01-05T07:54:00,24.270838874080127,in
2025-01-05T07:55:00,24.06138139796289,in
2025-01-05T07:56:00,23.943480230919647,in
2025-01-05T07:57:00,23.971513026879027,in
2025-01-05T07:58:00,23.995228796365573,in
2025-01-05T07:59:00,24.303977345468194,in
2025-01-05T08:00:00,24.185041284875233,in
2025-01-05T08:01:00,24.038974812064023,in
2025-01-05T08:02:00,24.01638364129926,in
2025-01-05T08:03:00,24.044731663703498,in
2025-01-05T08:04:00,24.073836740705246,in
2025-01-05T08:05:00,23.93754436121348,in
2025-01-05T08:06:00,23.872702807844618,in
2025-01-05T08:07:00,24.153900220756654,in
2025-01-05T08:08:00,24.002079063623988,in
2025-01-05T08:09:00,24.140767262853693,in
2025-01-05T08:10:00,24.24502025548018,in
2025-01-05T08:11:00,24.075788983084838,in
2025-01-05T08:12:00,24.05104134144466,in
2025-01-05T08:13:00,24.476819788192255,in
2025-01-05T08:14:00,24.02732261608571,in
2025-01-05T08:15:00,23.832135825300252,in
2025-01-05T08:16:00,23.95294431569385,in
2025-01-05T08:17:00,24.227253076960803,in
2025-01-05T08:18:00,23.79970956492425,in
2025-01-05T08:19:00,23.880262064372577,in
2025-01-05T08:20:00,24.158353417078768,in
2025-01-05T08:21:00,23.95086675877237,in
2025-01-05T08:22:00,23.97425552868788,in
2025-01-05T08:23:00,24.15094295952142,in
2025-01-05T08:24:00,23.881520614388453,in
2025-01-05T08:25:00,23.76782230871633,in
2025-01-05T08:26:00,23.778810815723798,in
2025-01-05T08:27:00,24.073403980421297,in
2025-01-05T08:28:00,24.023962117357264,in
2025-01-05T08:29:00,23.880124922367532,in
2025-01-05T08:30:00,23.80907097962655,in
2025-01-05T08:31:00,23.941145826001435,in
2025-01-05T08:32:00,24.14801373042071,in
2025-01-05T08:33:00,23.85393008056495,in
2025-01-05T08:34:00,23.87862912343095,in
2025-01-05T08:35:00,23.798144785833568,in
2025-01-05T08:36:00,23.92026474782495,in
2025-01-05T08:37:00,24.024704581727953,in
2025-01-05T08:38:00,24.289846576630925,in
2025-01-05T08:39:00,24.003779345039145,in
2025-01-05T08:40:00,23.961563790238866,in
2025-01-05T08:41:00,24.097521886190354,in
2025-01-05T08:42:00,24.070942147902446,in
2025-01-05T08:43:00,23.878251673296017,in
2025-01-05T08:44:00,24.308563377909838,in
2025-01-05T08:45:00,23.95791305796237,in
2025-01-05T08:46:00,23.995305707295028,in
2025-01-05T08:47:00,24.04079323306209,in
2025-01-05T08:48:00,24.008176056609553,in
2025-01-05T08:49:00,24.183271863256547,in
2025-01-05T08:50:00,23.86410570337037,in
2025-01-05T08:51:00,24.06819197834493,in
2025-01-05T08:52:00,23.973425396378218,in
2025-01-05T08:53:00,24.094166996187326,in
2025-01-05T08:54:00,23.91249202330011,in
2025-01-05T08:55:00,23.890121836203555,in
2025-01-05T08:56:00,24.050402475665894,in
2025-01-05T08:57:00,23.992160807977008,in
2025-01-05T08:58:00,23.813251135407427,in
2025-01-05T08:59:00,24.135933720790028,in
2025-01-05T09:00:00,24.04172805884441,in
2025-01-05T09:01:00,23.91844401908322,in
2025-01-05T09:02:00,23.85702623965758,in
2025-01-05T09:03:00,23.979530107438332,in
2025-01-05T09:04:00,24.021596175480656,in
2025-01-05T09:05:00,23.680988447676235,in
2025-01-05T09:06:00,23.97399160811481,in
2025-01-05T09:07:00,24.01302592697166,in
2025-01-05T09:08:00,23.559742221930904,in
2025-01-05T09:09:00,23.93946833772617,in
2025-01-05T09:10:00,24.01162527165579,in
2025-01-05T09:11:00,23.99192334642624,in
2025-01-05T09:12:00,24.022480285807433,in
2025-01-05T09:13:00,23.850263263601015,in
2025-01-05T09:14:00,23.74066134521108,in
2025-01-05T09:15:00,23.623898609225403,in
2025-01-05T09:16:00,24.054870637283845,in
2025-01-05T09:17:00,23.99363786485472,in
2025-01-05T09:18:00,24.060556321808626,in
2025-01-05T09:19:00,23.77358082668612,in
2025-01-05T09:20:00,23.999960704965623,in
2025-01-05T09:21:00,23.65098052905145,in
2025-01-05T09:22:00,23.742920344690326,in
2025-01-05T09:23:00,23.889167001848197,in
2025-01-05T09:24:00,23.966641997468365,in
2025-01-05T09:25:00,24.11586760575015,in
2025-01-05T09:26:00,23.824825526154292,in
2025-01-05T09:27:00,23.72775664747549,in
2025-01-05T09:28:00,23.716795377458862,in
2025-01-05T09:29:00,23.74790411628149,in
2025-01-05T09:30:00,24.18091308449384,in
2025-01-05T09:31:00,23.957932980511075,in
2025-01-05T09:32:00,24.007889484459252,in
2025-01-05T09:33:00,23.801734582220817,in
2025-01-05T09:34:00,23.833872846410436,in
2025-01-05T09:35:00,23.935512634132674,in
2025-01-05T09:36:00,23.75122110191806,in
2025-01-05T09:37:00,23.779827904172176,in
2025-01-05T09:38:00,23.71871689431351,in
2025-01-05T09:39:00,23.749162442686597,in
2025-01-05T09:40:00,23.8199623659488,in
2025-01-05T09:41:00,23.685653771984143,in
2025-01-05T09:42:00,23.84806741556913,in
2025-01-05T09:43:00,23.844083740477842,in
2025-01-05T09:44:00,23.77070079616991,in
2025-01-05T09:45:00,23.669626504730864,in
2025-01-05T09:46:00,23.805613180546832,in
2025-01-05T09:47:00,23.710222202379505,in
2025-01-05T09:48:00,23.789002173442643,in
2025-01-05T09:49:00,23.94275340308199,in
2025-01-05T09:50:00,23.58608064879084,in
2025-01-05T09:51:00,24.095998225460093,in
2025-01-05T09:52:00,23.755016646949695,in
2025-01-05T09:53:00,23.823557367496658,in
2025-01-05T09:54:00,23.644721711787653,in
2025-01-05T09:55:00,23.924785243846266,in
2025-01-05T09:56:00,23.730395443861195,in
2025-01-05T09:57:00,23.685874267675718,in
2025-01-05T09:58:00,23.654384138688464,in
2025-01-05T09:59:00,23.696123825109904,in
2025-01-05T10:00:00,23.794802906011814,in
2025-01-05T10:01:00,23.75359261400338,in
2025-01-05T10:02:00,23.717279360916514,in
2025-01-05T10:03:00,23.612099610310434,in
2025-01-05T10:04:00,23.59895858031548,in
2025-01-05T10:05:00,23.640692598958935,in
2025-01-05T10:06:00,23.774321685532293,in
2025-01-05T10:07:00,23.800043431356688,in
2025-01-05T10:08:00,23.815652821847557,in
2025-01-05T10:09:00,23.691235609377127,in
2025-01-05T10:10:00,23.744317182763446,in
2025-01-05T10:11:00,23.656810420196347,in
2025-01-05T10:12:00,23.415996437251597,in
2025-01-05T10:13:00,23.640183293264613,in
2025-01-05T10:14:00,23.611472650330676,in
2025-01-05T10:15:00,23.507082443940735,in
2025-01-05T10:16:00,23.572966018747163,in
2025-01-05T10:17:00,23.673443210398023,in
2025-01-05T10:18:00,23.478265359391273,in
2025-01-05T10:19:00,23.536676055171956,in
2025-01-05T10:20:00,23.870489390910894,in
2025-01-05T10:21:00,23.392877161441312,in
2025-01-05T10:22:00,23.60075371277157,in
2025-01-05T10:23:00,23.44820155906541,in
2025-01-05T10:24:00,23.505288469075982,in
2025-01-05T10:25:00,23.58322862409225,in
2025-01-05T10:26:00,23.45957730284012,in
2025-01-05T10:27:00,23.68859721768709,in
2025-01-05T10:28:00,23.799943613060446,in
2025-01-05T10:29:00,23.718255725484653,in
2025-01-05T10:30:00,23.740398648240603,in
2025-01-05T10:31:00,23.374418795633368,in
2025-01-05T10:32:00,23.53956085394058,in
2025-01-05T10:33:00,23.640747021864506,in
2025-01-05T10:34:00,23.69589495082201,in
2025-01-05T10:35:00,23.82277191507724,in
2025-01-05T10:36:00,23.714647861658285,in
2025-01-05T10:37:00,23.683258581715457,in
2025-01-05T10:38:00,23.938288503856345,in
2025-01-05T10:39:00,23.552130026388014,in
2025-01-05T10:40:00,23.48873012050172,in
2025-01-05T10:41:00,23.55306862511413,in
2025-01-05T10:42:00,23.383554017847043,in
2025-01-05T10:43:00,23.52527503663327,in
2025-01-05T10:44:00,23.250391331378925,in
2025-01-05T10:45:00,23.424251759472785,in
2025-01-05T10:46:00,23.480611359268167,in
2025-01-05T10:47:00,23.63456004375136,in
2025-01-05T10:48:00,23.652953232612745,in
2025-01-05T10:49:00,23.335893695261007,in
2025-01-05T10:50:00,23.78595968871479,in
2025-01-05T10:51:00,23.490901040637297,in
2025-01-05T10:52:00,23.498714148142955,in
2025-01-05T10:53:00,23.214087917016556,in
2025-01-05T10:54:00,23.35774013350657,in
2025-01-05T10:55:00,23.602201495849382,in
2025-01-05T10:56:00,23.46414637008427,in
2025-01-05T10:57:00,23.448776095787238,in
2025-01-05T10:58:00,23.46057672389469,in
2025-01-05T10:59:00,23.203890105483666,in
2025-01-05T11:00:00,23.399722279362877,in
2025-01-05T11:01:00,23.619279002206582,in
2025-01-05T11:02:00,23.564824671909527,in
2025-01-05T11:03:00,23.376801003366023,in
2025-01-05T11:04:00,23.62386704207223,in
2025-01-05T11:05:00,23.194161335549285,in
2025-01-05T11:06:00,23.23095450165907,in
2025-01-05T11:07:00,23.64990933722632,in
2025-01-05T11:08:00,23.45069268787128,in
2025-01-05T11:09:00,23.314268389750534,in
2025-01-05T11:10:00,23.342882630326038,in
2025-01-05T11:11:00,23.223738947900262,in
2025-01-05T11:12:00,23.379750102988837,in
2025-01-05T11:13:00,23.36137159894839,in
2025-01-05T11:14:00,23.32822280291088,in
2025-01-05T11:15:00,23.144728197918475,in
2025-01-05T11:16:00,23.351831474641354,in
2025-01-05T11:17:00,23.226092790062143,in
2025-01-05T11:18:00,23.15099950758699,in
2025-01-05T11:19:00,23.482259333016536,in
2025-01-05T11:20:00,23.61103342304837,in
2025-01-05T11:21:00,23.57027102328412,in
2025-01-05T11:22:00,23.36967485511987,in
2025-01-05T11:23:00,23.225572895263156,in
2025-01-05T11:24:00,23.248087444708982,in
2025-01-05T11:25:00,23.31268728388746,in
2025-01-05T11:26:00,23.18199211040606,in
2025-01-05T11:27:00,23.436009407638032,in
2025-01-05T11:28:00,22.92596382650204,in
2025-01-05T11:29:00,23.180075726970784,in
2025-01-05T11:30:00,23.33768358182754,in
2025-01-05T11:31:00,23.083814028993817,in
2025-01-05T11:32:00,23.16760771262742,in
2025-01-05T11:33:00,23.2856957135778,in
2025-01-05T11:34:00,23.417385939558358,in
2025-01-05T11:35:00,22.988528554402233,in
2025-01-05T11:36:00,22.97035933142172,in
2025-01-05T11:37:00,23.02659480309889,in
2025-01-05T11:38:00,22.930775533845658,in
2025-01-05T11:39:00,22.93433361176275,in
2025-01-05T11:40:00,23.00125369304789,in
2025-01-05T11:41:00,23.325017557429508,in
2025-01-05T11:42:00,23.086000951139354,in
2025-01-05T11:43:00,23.13031612131363,in
2025-01-05T11:44:00,22.975066168428373,in
2025-01-05T11:45:00,23.206171027298897,in
2025-01-05T11:46:00,23.385238574799033,in
2025-01-05T11:47:00,22.963441976433916,in
2025-01-05T11:48:00,23.347990325691264,in
2025-01-05T11:49:00,23.136612600211166,in
2025-01-05T11:50:00,23.07712874158696,in
2025-01-05T11:51:00,23.127247606680015,in
2025-01-05T11:52:00,23.118417503311466,in
2025-01-05T11:53:00,23.330993510163225,in
2025-01-05T11:54:00,23.123030239205157,in
2025-01-05T11:55:00,23.11871259199219,in
2025-01-05T11:56:00,22.966851176825735,in
2025-01-05T11:57:00,23.148447742623766,in
2025-01-05T11:58:00,22.871549679877962,in
2025-01-05T11:59:00,23.023898552527996,in
2025-01-05T12:00:00,23.432492533367125,in
2025-01-05T12:01:00,22.616804519403473,in
2025-01-05T12:02:00,23.019819169657257,in
2025-01-05T12:03:00,23.01798592112575,in
2025-01-05T12:04:00,22.935405884119596,in
2025-01-05T12:05:00,22.931299648678664,in
2025-01-05T12:06:00,22.96802898649344,in
2025-01-05T12:07:00,22.908838843050013,in
2025-01-05T12:08:00,22.972240084894935,in
2025-01-05T12:09:00,22.85808743477769,in
2025-01-05T12:10:00,23.22685614928213,in
2025-01-05T12:11:00,22.877945768739313,in
2025-01-05T12:12:00,22.993422710622802,in
2025-01-05T12:13:00,22.799841467098393,in
2025-01-05T12:14:00,23.032367080779792,in
2025-01-05T12:15:00,22.994597548540707,in
2025-01-05T12:16:00,22.939631329057985,in
2025-01-05T12:17:00,22.71479021137606,in
2025-01-05T12:18:00,22.74816173753206,in
2025-01-05T12:19:00,23.10606342766485,in
2025-01-05T12:20:00,22.730715467324803,in
2025-01-05T12:21:00,22.933454800606736,in
2025-01-05T12:22:00,22.687685785785284,in
2025-01-05T12:23:00,22.972695190567222,in
2025-01-05T12:24:00,22.71051368252699,in
2025-01-05T12:25:00,22.66101519658648,in
2025-01-05T12:26:00,22.69064676634596,in
2025-01-05T12:27:00,22.706417323269385,in
2025-01-05T12:28:00,22.842163260217184,in
2025-01-05T12:29:00,22.78382947919431,in
2025-01-05T12:30:00,22.601093452743253,in
2025-01-05T12:31:00,22.75310518263505,in
2025-01-05T12:32:00,22.57768797573816,in
2025-01-05T12:33:00,22.837648479769822,in
2025-01-05T12:34:00,22.857037888279457,in
2025-01-05T12:35:00,22.721283975785,in
2025-01-05T12:36:00,22.757483909539523,in
2025-01-05T12:37:00,22.9714006925951,in
2025-01-05T12:38:00,22.676774313660122,in
2025-01-05T12:39:00,22.550595421647355,in
2025-01-05T12:40:00,22.770919572042008,in
2025-01-05T12:41:00,22.505935371141852,in
2025-01-05T12:42:00,22.636028373976604,in
2025-01-05T12:43:00,22.569532783613052,in
2025-01-05T12:44:00,22.54586333393299,in
2025-01-05T12:45:00,22.60536579125965,in
2025-01-05T12:46:00,22.769593011742298,in
2025-01-05T12:47:00,22.792177931216127,in
2025-01-05T12:48:00,22.7569648682135,in
2025-01-05T12:49:00,22.660181711425288,in
2025-01-05T12:50:00,22.562754114800402,in
2025-01-05T12:51:00,22.23940940064115,in
2025-01-05T12:52:00,22.639892558437065,in
2025-01-05T12:53:00,22.234492777554344,in
2025-01-05T12:54:00,22.2795255979369,in
2025-01-05T12:55:00,22.535407879693945,in
2025-01-05T12:56:00,22.590961298328576,in
2025-01-05T12:57:00,22.475218164155763,in
2025-01-05T12:58:00,22.76480642444561,in
2025-01-05T12:59:00,22.595377677543734,in
2025-01-05T13:00:00,22.48022690418576,in
2025-01-05T13:01:00,22.71715038818833,in
2025-01-05T13:02:00,22.735527010243498,in
2025-01-05T13:03:00,22.56919039007919,in
2025-01-05T13:04:00,22.36755514223571,in
2025-01-05T13:05:00,22.392831219999092,in
2025-01-05T13:06:00,22.249879920762815,in
2025-01-05T13:07:00,22.452038249874757,in
2025-01-05T13:08:00,22.29239589247105,in
2025-01-05T13:09:00,22.392033654663525,in
2025-01-05T13:10:00,22.47196927333448,in
2025-01-05T13:11:00,22.126799048012305,in
2025-01-05T13:12:00,22.226262191357335,in
2025-01-05T13:13:00,22.33125629405506,in
2025-01-05T13:14:00,22.39085676352592,in
2025-01-05T13:15:00,22.31609702407154,in
2025-01-05T13:16:00,22.341040301045133,in
2025-01-05T13:17:00,22.26711999259864,in
2025-01-05T13:18:00,22.147061074713005,in
2025-01-05T13:19:00,22.27567447433893,in
2025-01-05T13:20:00,22.31532107659432,in
2025-01-05T13:21:00,22.292140492157113,in
2025-01-05T13:22:00,22.34686459954083,in
2025-01-05T13:23:00,22.38431931677894,in
2025-01-05T13:24:00,22.415127864114968,in
2025-01-05T13:25:00,22.209214147053128,in
2025-01-05T13:26:00,22.059249301671255,in
2025-01-05T13:27:00,22.477724698841648,in
2025-01-05T13:28:00,22.3361630892618,in
2025-01-05T13:29:00,22.126502507871358,in
2025-01-05T13:30:00,22.302708142913968,in
2025-01-05T13:31:00,22.41259714826188,in
2025-01-05T13:32:00,22.503115165596206,in
2025-01-05T13:33:00,22.272666336339334,in
2025-01-05T13:34:00,22.3853570231383,in
2025-01-05T13:35:00,22.036293438856728,in
2025-01-05T13:36:00,22.20367151379581,in
2025-01-05T13:37:00,22.150124225835704,in
2025-01-05T13:38:00,22.24307698279608,in
2025-01-05T13:39:00,22.424682327642238,in
2025-01-05T13:40:00,22.21179489463721,in
2025-01-05T13:41:00,22.024962804134383,in
2025-01-05T13:42:00,21.96740240447311,in
2025-01-05T13:43:00,22.39508398980389,in
2025-01-05T13:44:00,22.216581959346033,in
2025-01-05T13:45:00,22.198018460506553,in
2025-01-05T13:46:00,22.070537370785992,in
2025-01-05T13:47:00,22.153564842826935,in
2025-01-05T13:48:00,21.95662792656687,in
2025-01-05T13:49:00,22.154036010398237,in
2025-01-05T13:50:00,21.911008254244567,in
2025-01-05T13:51:00,22.024626364763982,in
2025-01-05T13:52:00,21.973365021106098,in
2025-01-05T13:53:00,21.572471880019663,in
2025-01-05T13:54:00,22.000338602635736,in
2025-01-05T13:55:00,21.908799806399685,in
2025-01-05T13:56:00,22.003346330290952,in
2025-01-05T13:57:00,22.026437611214973,in
2025-01-05T13:58:00,22.28264286244399,in
2025-01-05T13:59:00,22.054432968143125,in
2025-01-05T14:00:00,22.050116894947536,in
2025-01-05T14:01:00,22.06561545671339,in
2025-01-05T14:02:00,22.11331820583942,in
2025-01-05T14:03:00,22.041962726935495,in
2025-01-05T14:04:00,22.007352140789056,in
2025-01-05T14:05:00,22.06305726771535,in
2025-01-05T14:06:00,21.583650940259588,in
2025-01-05T14:07:00,22.252280711072178,in
2025-01-05T14:08:00,22.168660483302016,in
2025-01-05T14:09:00,21.954050731260764,in
2025-01-05T14:10:00,21.700810257708017,in
2025-01-05T14:11:00,22.08559630783126,in
2025-01-05T14:12:00,21.791246612654405,in
2025-01-05T14:13:00,21.966690577359483,in
2025-01-05T14:14:00,21.685467080662473,in
2025-01-05T14:15:00,22.203154776385688,in
2025-01-05T14:16:00,21.644154538195462,in
2025-01-05T14:17:00,21.86213093015668,in
2025-01-05T14:18:00,21.52475372636759,in
2025-01-05T14:19:00,21.828200217146144,in
2025-01-05T14:20:00,21.76189573373395,in
2025-01-05T14:21:00,21.987574271759094,in
2025-01-05T14:22:00,21.744501580220774,in
2025-01-05T14:23:00,21.9704174142028,in
2025-01-05T14:24:00,21.63732498832639,in
2025-01-05T14:25:00,21.73997200983936,in
2025-01-05T14:26:00,21.734306757776118,in
2025-01-05T14:27:00,21.839263443429267,in
2025-01-05T14:28:00,21.811517477150765,in
2025-01-05T14:29:00,21.855935834966846,in
2025-01-05T14:30:00,21.778972206053357,in
2025-01-05T14:31:00,21.82949536344453,in
2025-01-05T14:32:00,21.586974208775903,in
2025-01-05T14:33:00,21.77133455604983,in
2025-01-05T14:34:00,21.945612066857635,in
2025-01-05T14:35:00,21.44375431251203,in
2025-01-05T14:36:00,21.760482263164878,in
2025-01-05T14:37:00,21.780031835483072,in
2025-01-05T14:38:00,21.8890827448994,in
2025-01-05T14:39:00,21.770208032295486,in
2025-01-05T14:40:00,21.66775103598995,in
2025-01-05T14:41:00,21.708623888378824,in
2025-01-05T14:42:00,21.525273273831502,in
2025-01-05T14:43:00,21.568756717128874,in
2025-01-05T14:44:00,21.418026583291617,in
2025-01-05T14:45:00,21.832873783119382,in
2025-01-05T14:46:00,21.668787729008233,in
2025-01-05T14:47:00,21.455299628670954,in
2025-01-05T14:48:00,21.62488016276387,in
2025-01-05T14:49:00,21.749546812186264,in
2025-01-05T14:50:00,21.716039620941956,in
2025-01-05T14:51:00,21.41945933798204,in
2025-01-05T14:52:00,21.08002206893034,in
2025-01-05T14:53:00,21.60090713088963,in
2025-01-05T14:54:00,21.400078827512456,in
2025-01-05T14:55:00,21.617977341244732,in
2025-01-05T14:56:00,21.658696767051104,in
2025-01-05T14:57:00,21.674738380616525,in
2025-01-05T14:58:00,21.7609510647879,in
2025-01-05T14:59:00,21.67624964130054,in
2025-01-05T15:00:00,21.744794234112568,in
2025-01-05T15:01:00,21.680796622569353,in
2025-01-05T15:02:00,21.685455883946815,in
2025-01-05T15:03:00,21.45098887937519,in
2025-01-05T15:04:00,21.255326323681146,in
2025-01-05T15:05:00,21.812682510110378,in
2025-01-05T15:06:00,21.441412250874567,in
2025-01-05T15:07:00,21.60791367332796,in
2025-01-05T15:08:00,21.3327153659009,in
2025-01-05T15:09:00,21.551505216430705,in
2025-01-05T15:10:00,21.031843902235458,in
2025-01-05T15:11:00,21.328704893293835,in
2025-01-05T15:12:00,21.367204348741268,in
2025-01-05T15:13:00,21.443063702278284,in
2025-01-05T15:14:00,21.526194388679986,in
2025-01-05T15:15:00,21.19299963114913,in
2025-01-05T15:16:00,21.447858919423716,in
2025-01-05T15:17:00,21.52461875596994,in
2025-01-05T15:18:00,21.684273018945603,in
2025-01-05T15:19:00,21.43016076156898,in
2025-01-05T15:20:00,21.247033816126482,in
2025-01-05T15:21:00,21.117001187278778,in
2025-01-05T15:22:00,21.57396558216085,in
2025-01-05T15:23:00,21.402019214343515,in
2025-01-05T15:24:00,21.279967756172372,in
2025-01-05T15:25:00,21.03215117929933,in
2025-01-05T15:26:00,21.1273199539167,in
2025-01-05T15:27:00,21.353583168296417,in
2025-01-05T15:28:00,21.303861766787062,in
2025-01-05T15:29:00,20.95075303145017,in
2025-01-05T15:30:00,21.329525018745098,in
2025-01-05T15:31:00,20.991312609493367,in
2025-01-05T15:32:00,21.421639103311794,in
2025-01-05T15:33:00,21.24179567446721,in
2025-01-05T15:34:00,21.132988644837113,in
2025-01-05T15:35:00,21.343029771149133,in
2025-01-05T15:36:00,21.239551607115274,in
2025-01-05T15:37:00,21.3773014360488,in
2025-01-05T15:38:00,21.18268485669596,in
2025-01-05T15:39:00,21.183503429886,in
2025-01-05T15:40:00,21.111975911628914,in
2025-01-05T15:41:00,21.186307591612163,in
2025-01-05T15:42:00,21.3936704383518,in
2025-01-05T15:43:00,21.05569485968201,in
2025-01-05T15:44:00,21.220450978821443,in
2025-01-05T15:45:00,20.983356082110806,in
2025-01-05T15:46:00,20.797594556128622,in
2025-01-05T15:47:00,21.13092192898065,in
2025-01-05T15:48:00,21.147579814041322,in
2025-01-05T15:49:00,21.067744479349717,in
2025-01-05T15:50:00,20.8521050279141,in
2025-01-05T15:51:00,21.11441612054602,in
2025-01-05T15:52:00,21.101003919549143,in
2025-01-05T15:53:00,20.92004357096643,in
2025-01-05T15:54:00,20.84265874375983,in
2025-01-05T15:55:00,21.000164273005332,in
2025-01-05T15:56:00,21.128320146523993,in
2025-01-05T15:57:00,21.08525572677489,in
2025-01-05T15:58:00,20.883027330117958,in
2025-01-05T15:59:00,21.028105755402887,in
2025-01-05T16:00:00,21.133068960821337,in
2025-01-05T16:01:00,20.816552189518926,in
2025-01-05T16:02:00,20.994396579285073,in
2025-01-05T16:03:00,21.17835997487153,in
2025-01-05T16:04:00,20.778684026885813,in
2025-01-05T16:05:00,21.135782427336387,in
2025-01-05T16:06:00,21.19788098841646,in
2025-01-05T16:07:00,20.91424132392063,in
2025-01-05T16:08:00,20.88871017868115,in
2025-01-05T16:09:00,21.087735131021716,in
2025-01-05T16:10:00,20.89748122705193,in
2025-01-05T16:11:00,20.565082052159752,in
2025-01-05T16:12:00,20.895902740766513,in
2025-01-05T16:13:00,20.97397413618936,in
2025-01-05T16:14:00,21.007138607413257,in
2025-01-05T16:15:00,20.756765159248012,in
2025-01-05T16:16:00,20.84114402513762,in
2025-01-05T16:17:00,21.02092623423271,in
2025-01-05T16:18:00,20.858187732938333,in
2025-01-05T16:19:00,20.63069577571326,in
2025-01-05T16:20:00,21.038492828740964,in
2025-01-05T16:21:00,20.81359296656895,in
2025-01-05T16:22:00,21.00227690515533,in
2025-01-05T16:23:00,20.62218216434515,in
2025-01-05T16:24:00,20.806281483276695,in
2025-01-05T16:25:00,20.89384110682442,in
2025-01-05T16:26:00,20.797282697272166,in
2025-01-05T16:27:00,20.62589986851054,in
2025-01-05T16:28:00,20.438349457669382,in
2025-01-05T16:29:00,21.017901793339718,in
2025-01-05T16:30:00,20.81968287226776,in
2025-01-05T16:31:00,20.950585597849773,in
2025-01-05T16:32:00,20.907977414252755,in
2025-01-05T16:33:00,20.851339125298274,in
2025-01-05T16:34:00,20.706770123452703,in
2025-01-05T16:35:00,20.821618094477753,in
2025-01-05T16:36:00,20.956239759855933,in
2025-01-05T16:37:00,20.747040982116033,in
2025-01-05T16:38:00,21.013098716104356,in
2025-01-05T16:39:00,20.496208713068807,in
2025-01-05T16:40:00,20.47338848893756,in
2025-01-05T16:41:00,20.85596332289198,in
2025-01-05T16:42:00,20.5782924628615,in
2025-01-05T16:43:00,21.00098103313887,in
2025-01-05T16:44:00,20.88848314770393,in
2025-01-05T16:45:00,20.91944409581357,in
2025-01-05T16:46:00,20.807425349401218,in
2025-01-05T16:47:00,20.529999124447787,in
2025-01-05T16:48:00,20.412837547262008,in
2025-01-05T16:49:00,20.879560585509015,in
2025-01-05T16:50:00,20.423884353866875,in
2025-01-05T16:51:00,20.88013136209325,in
2025-01-05T16:52:00,20.736445493909407,in
2025-01-05T16:53:00,20.618196121274266,in
2025-01-05T16:54:00,20.689598001262787,in
2025-01-05T16:55:00,20.68676752875283,in
2025-01-05T16:56:00,20.58032170079395,in
2025-01-05T16:57:00,20.81827216555454,in
2025-01-05T16:58:00,20.806891600490232,in
2025-01-05T16:59:00,20.615319446361205,in
2025-01-05T17:00:00,20.495787279621858,in
2025-01-05T17:01:00,20.77552235541408,in
2025-01-05T17:02:00,20.27011504467082,in
2025-01-05T17:03:00,20.633980004202392,in
2025-01-05T17:04:00,20.672256665554038,in
2025-01-05T17:05:00,20.431019300663785,in
2025-01-05T17:06:00,20.69531908109107,in
2025-01-05T17:07:00,20.53930018103771,in
2025-01-05T17:08:00,20.455437578469294,in
2025-01-05T17:09:00,20.675838482078184,in
2025-01-05T17:10:00,20.36259266207509,in
2025-01-05T17:11:00,20.649942745510916,in
2025-01-05T17:12:00,20.216358416972323,in
2025-01-05T17:13:00,20.550740916886284,in
2025-01-05T17:14:00,20.50866515185402,in
2025-01-05T17:15:00,20.415366020012183,in
2025-01-05T17:16:00,20.54902456973781,in
2025-01-05T17:17:00,20.472934511826733,in
2025-01-05T17:18:00,20.63739241289577,in
2025-01-05T17:19:00,20.55755770875546,in
2025-01-05T17:20:00,20.5358152486932,in
2025-01-05T17:21:00,20.506095516387113,in
2025-01-05T17:22:00,20.385925864742504,in
2025-01-05T17:23:00,20.405944179339276,in
2025-01-05T17:24:00,20.4829404531192,in
2025-01-05T17:25:00,20.41422711074817,in
2025-01-05T17:26:00,20.601501610860122,in
2025-01-05T17:27:00,20.443383666670073,in
2025-01-05T17:28:00,20.480373483960324,in
2025-01-05T17:29:00,20.208218262427977,in
2025-01-05T17:30:00,20.55477786022659,in
2025-01-05T17:31:00,20.320819955879607,in
2025-01-05T17:32:00,20.24633094256091,in
2025-01-05T17:33:00,20.644420275984764,in
2025-01-05T17:34:00,20.496929507130456,in
2025-01-05T17:35:00,20.5336751492988,in
2025-01-05T17:36:00,20.450140438686205,in
2025-01-05T17:37:00,20.36287941668442,in
2025-01-05T17:38:00,20.329828362078924,in
2025-01-05T17:39:00,20.483583417495144,in
2025-01-05T17:40:00,20.531573767757763,in
2025-01-05T17:41:00,20.346478561926794,in
2025-01-05T17:42:00,20.662629052461092,in
2025-01-05T17:43:00,20.317222719289003,in
2025-01-05T17:44:00,20.132823588156423,in
2025-01-05T17:45:00,20.078832364245812,in
2025-01-05T17:46:00,20.079062050683763,in
2025-01-05T17:47:00,20.26535591941861,in
2025-01-05T17:48:00,20.287856160942237,in
2025-01-05T17:49:00,20.4203119197232,in
2025-01-05T17:50:00,20.308925903086163,in
2025-01-05T17:51:00,20.435050011787183,in
2025-01-05T17:52:00,20.310637732580574,in
2025-01-05T17:53:00,20.301323763927908,in
2025-01-05T17:54:00,20.20809244019055,in
2025-01-05T17:55:00,20.50356452771378,in
2025-01-05T17:56:00,20.055942754109076,in
2025-01-05T17:57:00,20.326383720604177,in
2025-01-05T17:58:00,20.249494109854563,in
2025-01-05T17:59:00,20.389592179216887,in
2025-01-05T18:00:00,20.264824782257747,in
2025-01-05T18:01:00,20.264898926864102,in
2025-01-05T18:02:00,20.219292664773743,in
2025-01-05T18:03:00,20.463996446474205,in
2025-01-05T18:04:00,20.251121468480253,in
2025-01-05T18:05:00,20.54199417032701,in
2025-01-05T18:06:00,20.2832028369202,in
2025-01-05T18:07:00,20.24148249970883,in
2025-01-05T18:08:00,20.21230577030398,in
2025-01-05T18:09:00,20.314661760026695,in
2025-01-05T18:10:00,20.13771932770748,in
2025-01-05T18:11:00,20.243827076884383,in
2025-01-05T18:12:00,20.21920750373944,in
2025-01-05T18:13:00,20.262829268067506,in
2025-01-05T18:14:00,20.262635825735217,in
2025-01-05T18:15:00,20.26655374896221,in
2025-01-05T18:16:00,20.216647619327663,in
2025-01-05T18:17:00,20.43394504520723,in
2025-01-05T18:18:00,20.258214753727653,in
2025-01-05T18:19:00,20.581987652345166,in
2025-01-05T18:20:00,20.194862137211583,in
2025-01-05T18:21:00,20.327550646218114,in
2025-01-05T18:22:00,20.071170076990715,in
2025-01-05T18:23:00,20.38659430114252,in
2025-01-05T18:24:00,20.06726649419863,in
2025-01-05T18:25:00,20.23775874445452,in
2025-01-05T18:26:00,20.126215770995135,in
2025-01-05T18:27:00,20.230218749269735,in
2025-01-05T18:28:00,20.1237708575644,in
2025-01-05T18:29:00,20.037210122570915,in
2025-01-05T18:30:00,20.11150209150776,in
2025-01-05T18:31:00,20.380156010586116,in
2025-01-05T18:32:00,20.215723731142198,in
2025-01-05T18:33:00,19.94905338977428,in
2025-01-05T18:34:00,20.30347226922196,in
2025-01-05T18:35:00,20.002257134385314,in
2025-01-05T18:36:00,20.24434304021432,in
2025-01-05T18:37:00,20.212704352767364,in
2025-01-05T18:38:00,20.219102191440907,in
2025-01-05T18:39:00,20.40159570308026,in
2025-01-05T18:40:00,19.996318619692882,in
2025-01-05T18:41:00,20.20926718587028,in
2025-01-05T18:42:00,20.3036553096805,in
2025-01-05T18:43:00,20.0153207039707,in
2025-01-05T18:44:00,19.997099811724116,in
2025-01-05T18:45:00,20.063061610193927,in
2025-01-05T18:46:00,20.152062644960914,in
2025-01-05T18:47:00,19.889030306502104,in
2025-01-05T18:48:00,20.18059726603844,in
2025-01-05T18:49:00,19.883950389451584,in
2025-01-05T18:50:00,20.286565722374664,in
2025-01-05T18:51:00,20.167025135299145,in
2025-01-05T18:52:00,20.374361468894268,in
2025-01-05T18:53:00,20.185174842481768,in
2025-01-05T18:54:00,20.036646462595463,in
2025-01-05T18:55:00,19.960098720945492,in
2025-01-05T18:56:00,20.113310266835047,in
2025-01-05T18:57:00,20.070551938821026,in
2025-01-05T18:58:00,20.250659948814345,in
2025-01-05T18:59:00,19.931132529889148,in
2025-01-05T19:00:00,20.371283647491012,in
2025-01-05T19:01:00,20.257124663429362,in
2025-01-05T19:02:00,20.033176174705215,in
2025-01-05T19:03:00,20.331211315232135,in
2025-01-05T19:04:00,19.941939333189417,in
2025-01-05T19:05:00,20.088154328860764,in
2025-01-05T19:06:00,19.8637895014692,in
2025-01-05T19:07:00,20.330226871524314,in
2025-01-05T19:08:00,19.80415184846738,in
2025-01-05T19:09:00,19.833249104543654,in
2025-01-05T19:10:00,19.952201019700954,in
2025-01-05T19:11:00,20.243886338276067,in
2025-01-05T19:12:00,20.18693153144422,in
2025-01-05T19:13:00,20.060216649265197,in
2025-01-05T19:14:00,20.192989522433436,in
2025-01-05T19:15:00,20.021117380486867,in
2025-01-05T19:16:00,20.100109949994874,in
2025-01-05T19:17:00,20.282858115897398,in
2025-01-05T19:18:00,19.996497353891456,in
2025-01-05T19:19:00,19.916962711591665,in
2025-01-05T19:20:00,20.100940251124634,in
2025-01-05T19:21:00,20.13992902800758,in
2025-01-05T19:22:00,20.04399595749733,in
2025-01-05T19:23:00,20.17651446393544,in
2025-01-05T19:24:00,19.994434448374697,in
2025-01-05T19:25:00,20.042408880502006,in
2025-01-05T19:26:00,20.078154505660706,in
2025-01-05T19:27:00,20.063801382066277,in
2025-01-05T19:28:00,20.261454606910185,in
2025-01-05T19:29:00,20.073701642726284,in
2025-01-05T19:30:00,19.971524957014175,in
2025-01-05T19:31:00,20.095187355864223,in
2025-01-05T19:32:00,20.166235322757874,in
2025-01-05T19:33:00,20.129998402317966,in
2025-01-05T19:34:00,20.120677424321272,in
2025-01-05T19:35:00,19.787179802028255,in
2025-01-05T19:36:00,19.637079316737406,in
2025-01-05T19:37:00,20.201352644291273,in
2025-01-05T19:38:00,20.075036220196562,in
2025-01-05T19:39:00,20.005153532358385,in
2025-01-05T19:40:00,20.111757557983534,in
2025-01-05T19:41:00,20.295965485354365,in
2025-01-05T19:42:00,20.218195007410706,in
2025-01-05T19:43:00,20.149832715721324,in
2025-01-05T19:44:00,19.871863054555455,in
2025-01-05T19:45:00,19.890763533077312,in
2025-01-05T19:46:00,19.64576970095111,in
2025-01-05T19:47:00,20.098243679968043,in
2025-01-05T19:48:00,20.169035010110026,in
2025-01-05T19:49:00,20.180829933958822,in
2025-01-05T19:50:00,20.103218127527803,in
2025-01-05T19:51:00,19.978431898784457,in
2025-01-05T19:52:00,19.916576726675288,in
2025-01-05T19:53:00,19.87712809891296,in
2025-01-05T19:54:00,19.976171622674105,in
2025-01-05T19:55:00,19.853802007755714,in
2025-01-05T19:56:00,20.263697719438504,in
2025-01-05T19:57:00,19.804815611892145,in
2025-01-05T19:58:00,19.970518162338273,in
2025-01-05T19:59:00,19.7095862765439,in
2025-01-05T20:00:00,20.04448322919471,in
2025-01-05T20:01:00,19.99966148209496,in
2025-01-05T20:02:00,19.946557600825727,in
2025-01-05T20:03:00,19.860253854947477,in
2025-01-05T20:04:00,20.000673885025357,in
2025-01-05T20:05:00,19.918806812338048,in
2025-01-05T20:06:00,19.980155166643886,in
2025-01-05T20:07:00,20.294547318614274,in
2025-01-05T20:08:00,20.027044928345695,in
2025-01-05T20:09:00,20.081472008714655,in
2025-01-05T20:10:00,19.932233840484212,in
2025-01-05T20:11:00,19.884637900578884,in
2025-01-05T20:12:00,19.999297273473555,in
2025-01-05T20:13:00,20.378805559613138,in
2025-01-05T20:14:00,19.96061624892217,in
2025-01-05T20:15:00,20.05849782402752,in
2025-01-05T20:16:00,19.88061212221677,in
2025-01-05T20:17:00,19.592208824040767,in
2025-01-05T20:18:00,19.887690632743997,in
2025-01-05T20:19:00,20.363975424107544,in
2025-01-05T20:20:00,20.096919148025226,in
2025-01-05T20:21:00,20.254528775008694,in
2025-01-05T20:22:00,19.957049268025848,in
2025-01-05T20:23:00,19.656538297934677,in
2025-01-05T20:24:00,19.844649858744084,in
2025-01-05T20:25:00,20.071441037711985,in
2025-01-05T20:26:00,20.04849836778729,in
2025-01-05T20:27:00,20.012299516603413,in
2025-01-05T20:28:00,19.935370344851908,in
2025-01-05T20:29:00,20.156947453661054,in
2025-01-05T20:30:00,19.941908276152233,in
2025-01-05T20:31:00,20.06444073575064,in
2025-01-05T20:32:00,20.048763087271748,in
2025-01-05T20:33:00,19.965421859856328,in
2025-01-05T20:34:00,19.88977386562023,in
2025-01-05T20:35:00,19.959177466056033,in
2025-01-05T20:36:00,20.305666586214386,in
2025-01-05T20:37:00,20.192874446369462,in
2025-01-05T20:38:00,20.180487106617836,in
2025-01-05T20:39:00,19.91091832586762,in
2025-01-05T20:40:00,19.81473110303055,in
2025-01-05T20:41:00,20.19639273707121,in
2025-01-05T20:42:00,20.169205273939582,in
2025-01-05T20:43:00,20.055686551051362,in
2025-01-05T20:44:00,19.981164649967152,in
2025-01-05T20:45:00,19.818837741058285,in
2025-01-05T20:46:00,20.170260657415117,in
2025-01-05T20:47:00,20.219829322275718,in
2025-01-05T20:48:00,19.94184093425871,in
2025-01-05T20:49:00,19.9311478469637,in
2025-01-05T20:50:00,20.233567274511454,in
2025-01-05T20:51:00,19.95303568954895,in
2025-01-05T20:52:00,20.31811890160799,in
2025-01-05T20:53:00,20.036883719399246,in
2025-01-05T20:54:00,19.99727590317465,in
2025-01-05T20:55:00,20.06408206055549,in
2025-01-05T20:56:00,20.001413787293405,in
2025-01-05T20:57:00,20.23047003853864,in
2025-01-05T20:58:00,20.196576240180093,in
2025-01-05T20:59:00,20.229124066084736,in
2025-01-05T21:00:00,20.09582630852597,in
2025-01-05T21:01:00,20.00197217759612,in
2025-01-05T21:02:00,20.071379492468594,in
2025-01-05T21:03:00,20.01123500835716,in
2025-01-05T21:04:00,20.297466085100805,in
2025-01-05T21:05:00,20.230241349797932,in
2025-01-05T21:06:00,20.068632070235033,in
2025-01-05T21:07:00,19.94588603487468,in
2025-01-05T21:08:00,20.318516441304503,in
2025-01-05T21:09:00,20.110462731417268,in
2025-01-05T21:10:00,20.073040979474037,in
2025-01-05T21:11:00,20.327656308671287,in
2025-01-05T21:12:00,20.02139464540298,in
2025-01-05T21:13:00,20.052762712396817,in
2025-01-05T21:14:00,20.068738847331236,in
2025-01-05T21:15:00,19.908654365263512,in
2025-01-05T21:16:00,20.156323153615258,in
2025-01-05T21:17:00,19.997470247512663,in
2025-01-05T21:18:00,20.029108757968974,in
2025-01-05T21:19:00,20.01198264757701,in
2025-01-05T21:20:00,20.03255422793259,in
2025-01-05T21:21:00,19.997780158552658,in
2025-01-05T21:22:00,20.1637377481462,in
2025-01-05T21:23:00,20.10639061675512,in
2025-01-05T21:24:00,20.140040367736816,in
2025-01-05T21:25:00,20.489052472903747,in
2025-01-05T21:26:00,20.115830686871067,in
2025-01-05T21:27:00,20.233123037591604,in
2025-01-05T21:28:00,20.25344473076682,in
2025-01-05T21:29:00,20.139490498310224,in
2025-01-05T21:30:00,20.19331080470918,in
2025-01-05T21:31:00,20.158702785198457,in
2025-01-05T21:32:00,20.189374052451836,in
2025-01-05T21:33:00,20.07444006129998,in
2025-01-05T21:34:00,20.091748154792775,in
2025-01-05T21:35:00,20.171915379753568,in
2025-01-05T21:36:00,19.877123538137152,in
2025-01-05T21:37:00,20.400886831310622,in
2025-01-05T21:38:00,20.50420616094678,in
2025-01-05T21:39:00,20.209266191338543,in
2025-01-05T21:40:00,20.28720480251435,in
2025-01-05T21:41:00,20.353248359598837,in
2025-01-05T21:42:00,19.996128970363536,in
2025-01-05T21:43:00,20.337845213147485,in
2025-01-05T21:44:00,20.13844593823653,in
2025-01-05T21:45:00,20.54986315140715,in
2025-01-05T21:46:00,20.181892341296145,in
2025-01-05T21:47:00,20.350269446653474,in
2025-01-05T21:48:00,20.191225012069243,in
2025-01-05T21:49:00,20.551469630478092,in
2025-01-05T21:50:00,20.149125801087717,in
2025-01-05T21:51:00,20.40478804317302,in
2025-01-05T21:52:00,20.328106496649937,in
2025-01-05T21:53:00,20.298865017838853,in
2025-01-05T21:54:00,20.276716884832787,in
2025-01-05T21:55:00,20.146494610930453,in
2025-01-05T21:56:00,19.862852139156093,in
2025-01-05T21:57:00,20.416166802123648,in
2025-01-05T21:58:00,20.18596274156856,in
2025-01-05T21:59:00,20.43904239257402,in
2025-01-05T22:00:00,20.320703857618472,in
2025-01-05T22:01:00,20.452367506744224,in
2025-01-05T22:02:00,20.397025557133368,in
2025-01-05T22:03:00,19.911482899925215,in
2025-01-05T22:04:00,20.377899741032973,in
2025-01-05T22:05:00,20.238624935811934,in
2025-01-05T22:06:00,20.46947134938204,in
2025-01-05T22:07:00,20.38797667427939,in
2025-01-05T22:08:00,20.394349163381985,in
2025-01-05T22:09:00,20.267707937235812,in
2025-01-05T22:10:00,20.17632617955806,in
2025-01-05T22:11:00,20.252988930225637,in
2025-01-05T22:12:00,20.052675024879505,in
2025-01-05T22:13:00,20.23887612812248,in
2025-01-05T22:14:00,20.112604490934746,in
2025-01-05T22:15:00,20.121399654831237,in
2025-01-05T22:16:00,20.359396681973845,in
2025-01-05T22:17:00,20.426927842671216,in
2025-01-05T22:18:00,20.346978600729685,in
2025-01-05T22:19:00,20.281887549514913,in
2025-01-05T22:20:00,20.219584687086176,in
2025-01-05T22:21:00,20.319137940821935,in
2025-01-05T22:22:00,20.2484355071032,in
2025-01-05T22:23:00,20.36742742475178,in
2025-01-05T22:24:00,20.15373624513827,in
2025-01-05T22:25:00,20.492308428195894,in
2025-01-05T22:26:00,20.30723161045421,in
2025-01-05T22:27:00,20.453930909660226,in
2025-01-05T22:28:00,20.535812279250095,in
2025-01-05T22:29:00,20.45717662722041,in
2025-01-05T22:30:00,20.533162337857238,in
2025-01-05T22:31:00,20.1086249630842,in
2025-01-05T22:32:00,20.35004999323097,in
2025-01-05T22:33:00,20.594827638256874,in
2025-01-05T22:34:00,20.511168117042605,in
2025-01-05T22:35:00,20.71750052364695,in
2025-01-05T22:36:00,20.70136514908111,in
2025-01-05T22:37:00,20.49615353200322,in
2025-01-05T22:38:00,20.418954040391835,in
2025-01-05T22:39:00,20.318550528893034,in
2025-01-05T22:40:00,20.396539828931754,in
2025-01-05T22:41:00,20.412298024161533,in
2025-01-05T22:42:00,20.390200689942677,in
2025-01-05T22:43:00,20.347119369070743,in
2025-01-05T22:44:00,20.55081732768276,in
2025-01-05T22:45:00,20.75081633676338,in
2025-01-05T22:46:00,20.642077073656534,in
2025-01-05T22:47:00,20.45952224113605,in
2025-01-05T22:48:00,20.665814676185313,in
2025-01-05T22:49:00,20.571561375052163,in
2025-01-05T22:50:00,20.51933967373922,in
2025-01-05T22:51:00,20.51588657228152,in
2025-01-05T22:52:00,20.50730157606342,in
2025-01-05T22:53:00,20.64091797864579,in
2025-01-05T22:54:00,20.570201770316885,in
2025-01-05T22:55:00,20.44600865624394,in
2025-01-05T22:56:00,20.444792582957643,in
2025-01-05T22:57:00,20.61328171034294,in
2025-01-05T22:58:00,20.637796784044124,in
2025-01-05T22:59:00,20.532659352105906,in
2025-01-05T23:00:00,20.415985594214963,in
2025-01-05T23:01:00,20.77961531865083,in
2025-01-05T23:02:00,20.753972162829363,in
2025-01-05T23:03:00,20.306312605170614,in
2025-01-05T23:04:00,20.81162069757903,in
2025-01-05T23:05:00,20.585627518835505,in
2025-01-05T23:06:00,20.65178891061656,in
2025-01-05T23:07:00,20.800367478355174,in
2025-01-05T23:08:00,20.88388409786936,in
2025-01-05T23:09:00,20.792828301690946,in
2025-01-05T23:10:00,20.684974159611258,in
2025-01-05T23:11:00,20.44892028218521,in
2025-01-05T23:12:00,20.35780401368457,in
2025-01-05T23:13:00,20.799960508852003,in
2025-01-05T23:14:00,20.876064455430196,in
2025-01-05T23:15:00,20.559111640674153,in
2025-01-05T23:16:00,20.647414947308175,in
2025-01-05T23:17:00,20.610890611816732,in
2025-01-05T23:18:00,20.61351889231628,in
2025-01-05T23:19:00,20.868996218297866,in
2025-01-05T23:20:00,20.747180750539968,in
2025-01-05T23:21:00,20.686745249329473,in
2025-01-05T23:22:00,21.126471562521026,in
2025-01-05T23:23:00,20.51942620802383,in
2025-01-05T23:24:00,20.82354588012469,in
2025-01-05T23:25:00,20.590806312856053,in
2025-01-05T23:26:00,20.731355195925623,in
2025-01-05T23:27:00,20.784107859049726,in
2025-01-05T23:28:00,20.895366407293942,in
2025-01-05T23:29:00,20.736388155656947,in
2025-01-05T23:30:00,20.72743492731303,in
2025-01-05T23:31:00,20.747549259242184,in
2025-01-05T23:32:00,20.63437705075073,in
2025-01-05T23:33:00,20.89819726917243,in
2025-01-05T23:34:00,20.8525545821146,in
2025-01-05T23:35:00,20.88265600397009,in
2025-01-05T23:36:00,20.813998045035092,in
2025-01-05T23:37:00,20.802568974741618,in
2025-01-05T23:38:00,21.014934139312746,in
2025-01-05T23:39:00,20.99897759044908,in
2025-01-05T23:40:00,21.06506721522556,in
2025-01-05T23:41:00,20.91589562753177,in
2025-01-05T23:42:00,21.070087140348644,in
2025-01-05T23:43:00,20.8119777486518,in
2025-01-05T23:44:00,20.8514864251373,in
2025-01-05T23:45:00,21.068124647013086,in
2025-01-05T23:46:00,21.022639260114914,in
2025-01-05T23:47:00,20.859845979922934,in
2025-01-05T23:48:00,20.75378319456699,in
2025-01-05T23:49:00,20.88745642621514,in
2025-01-05T23:50:00,20.822670517114794,in
2025-01-05T23:51:00,21.191446490542074,in
2025-01-05T23:52:00,21.054167568061548,in
2025-01-05T23:53:00,20.832683766088245,in
2025-01-05T23:54:00,20.798254226468348,in
2025-01-05T23:55:00,20.845706492611274,in
2025-01-05T23:56:00,20.886100064409934,in
2025-01-05T23:57:00,20.952408768776316,in
2025-01-05T23:58:00,21.152105247710722,in
2025-01-05T23:59:00,20.847474512205995,in
2025-01-06T00:00:00,21.34343058672698,in
2025-01-06T00:01:00,20.866071957125286,in
2025-01-06T00:02:00,20.80379572012887,in
2025-01-06T00:03:00,21.276003240804606,in
2025-01-06T00:04:00,21.22856909948287,in
2025-01-06T00:05:00,21.01067014249778,in
2025-01-06T00:06:00,21.10288232674946,in
2025-01-06T00:07:00,21.11434603349561,in
2025-01-06T00:08:00,21.08156373873975,in
2025-01-06T00:09:00,20.874299028579202,in
2025-01-06T00:10:00,20.70420769612999,in
2025-01-06T00:11:00,20.95754324241757,in
2025-01-06T00:12:00,21.36444216222655,in
2025-01-06T00:13:00,21.37811514333412,in
2025-01-06T00:14:00,21.068328829106534,in
2025-01-06T00:15:00,20.971727986183442,in
2025-01-06T00:16:00,21.16497588938125,in
2025-01-06T00:17:00,21.19695666451122,in
2025-01-06T00:18:00,21.22908573427752,in
2025-01-06T00:19:00,20.76780821777144,in
2025-01-06T00:20:00,21.628426904092372,in
2025-01-06T00:21:00,21.332551725131683,in
2025-01-06T00:22:00,21.14093395912657,in
2025-01-06T00:23:00,21.070790650248917,in
2025-01-06T00:24:00,21.334622567960338,in
2025-01-06T00:25:00,21.268815812537703,in
2025-01-06T00:26:00,21.21632398535468,in
2025-01-06T00:27:00,21.279262482277584,in
2025-01-06T00:28:00,21.201629802387757,in
2025-01-06T00:29:00,21.286857416583953,in
2025-01-06T00:30:00,21.343587562912838,in
2025-01-06T00:31:00,21.294200296407432,in
2025-01-06T00:32:00,21.29442509791646,in
2025-01-06T00:33:00,21.467814144962002,in
2025-01-06T00:34:00,21.027431478638636,in
2025-01-06T00:35:00,21.15544158164883,in
2025-01-06T00:36:00,21.287248203806545,in
2025-01-06T00:37:00,21.181937786565175,in
2025-01-06T00:38:00,21.24018035674447,in
2025-01-06T00:39:00,21.500927153278518,in
2025-01-06T00:40:00,21.293614067255003,in
2025-01-06T00:41:00,21.049784909836248,in
2025-01-06T00:42:00,21.268885022132313,in
2025-01-06T00:43:00,21.3493356855945,in
2025-01-06T00:44:00,21.35481712095413,in
2025-01-06T00:45:00,21.440526685595636,in
2025-01-06T00:46:00,21.436548973403138,in
2025-01-06T00:47:00,21.3528484722536,in
2025-01-06T00:48:00,21.203010047513285,in
2025-01-06T00:49:00,21.32410051419834,in
2025-01-06T00:50:00,21.305171917498182,in
2025-01-06T00:51:00,21.364151279645917,in
2025-01-06T00:52:00,21.51893187084321,in
2025-01-06T00:53:00,21.484222876166378,in
2025-01-06T00:54:00,21.5555701676534,in
2025-01-06T00:55:00,21.38272949139759,in
2025-01-06T00:56:00,21.67497940360871,in
2025-01-06T00:57:00,21.558044877159357,in
2025-01-06T00:58:00,21.48235845011978,in
2025-01-06T00:59:00,21.564439558740737,in
2025-01-06T01:00:00,21.380997847600298,in
2025-01-06T01:01:00,21.174482971194877,in
2025-01-06T01:02:00,21.40823553653065,in
2025-01-06T01:03:00,21.619811957528338,in
2025-01-06T01:04:00,21.528188614754008,in
2025-01-06T01:05:00,21.504103044445966,in
2025-01-06T01:06:00,21.405933261671525,in
2025-01-06T01:07:00,21.248225344267688,in
2025-01-06T01:08:00,21.763824734434483,in
2025-01-06T01:09:00,21.52742091868526,in
2025-01-06T01:10:00,21.502690074839215,in
2025-01-06T01:11:00,21.474897715623317,in
2025-01-06T01:12:00,21.77235499000847,in
2025-01-06T01:13:00,21.72491911957655,in
2025-01-06T01:14:00,21.45617821153396,in
2025-01-06T01:15:00,21.784500800724274,in
2025-01-06T01:16:00,21.596621446408722,in
2025-01-06T01:17:00,21.53537059978444,in
2025-01-06T01:18:00,21.59148709099607,in
2025-01-06T01:19:00,21.52661832147508,in
2025-01-06T01:20:00,21.45457207925382,in
2025-01-06T01:21:00,21.777720637128237,in
2025-01-06T01:22:00,21.636799059423918,in
2025-01-06T01:23:00,21.771096298839133,in
2025-01-06T01:24:00,21.730213069588967,in
2025-01-06T01:25:00,21.77803439432315,in
2025-01-06T01:26:00,21.397483156929717,in
2025-01-06T01:27:00,21.58300071861409,in
2025-01-06T01:28:00,21.807058511390142,in
2025-01-06T01:29:00,21.539073535332154,in
2025-01-06T01:30:00,21.79490737813173,in
2025-01-06T01:31:00,21.53899637472555,in
2025-01-06T01:32:00,21.758727910713908,in
2025-01-06T01:33:00,22.006423764174734,in
2025-01-06T01:34:00,21.889783589763923,in
2025-01-06T01:35:00,21.504655108179954,in
2025-01-06T01:36:00,21.918198784112118,in
2025-01-06T01:37:00,22.07295961078528,in
2025-01-06T01:38:00,22.22786089648381,in
2025-01-06T01:39:00,21.8882581232935,in
2025-01-06T01:40:00,21.621025525921873,in
2025-01-06T01:41:00,21.89958528167925,in
2025-01-06T01:42:00,22.082486848295524,in
2025-01-06T01:43:00,21.823719792646656,in
2025-01-06T01:44:00,22.01695339094413,in
2025-01-06T01:45:00,21.743253291708054,in
2025-01-06T01:46:00,21.93375590889931,in
2025-01-06T01:47:00,21.51317749759772,in
2025-01-06T01:48:00,21.752777780238603,in
2025-01-06T01:49:00,21.903125645865032,in
2025-01-06T01:50:00,21.858257715682864,in
2025-01-06T01:51:00,21.726387744340492,in
2025-01-06T01:52:00,21.855252576882247,in
2025-01-06T01:53:00,21.98837123085055,in
2025-01-06T01:54:00,21.934711965317717,in
2025-01-06T01:55:00,21.965510865411506,in
2025-01-06T01:56:00,22.074890507588293,in
2025-01-06T01:57:00,21.92234640374732,in
2025-01-06T01:58:00,22.186423611461034,in
2025-01-06T01:59:00,21.84288272151529,in
2025-01-06T02:00:00,22.289200382958924,in
2025-01-06T02:01:00,22.175682413143633,in
2025-01-06T02:02:00,21.964053403919916,in
2025-01-06T02:03:00,21.982781385508023,in
2025-01-06T02:04:00,22.065915151616323,in
2025-01-06T02:05:00,22.133430409549916,in
2025-01-06T02:06:00,22.216536137900764,in
2025-01-06T02:07:00,21.859988339217384,in
2025-01-06T02:08:00,22.135415386714183,in
2025-01-06T02:09:00,21.761042493648723,in
2025-01-06T02:10:00,22.060643701855344,in
2025-01-06T02:11:00,22.314043132610802,in
2025-01-06T02:12:00,21.89203055765311,in
2025-01-06T02:13:00,21.87349990722201,in
2025-01-06T02:14:00,22.155216344001904,in
2025-01-06T02:15:00,22.338920633086172,in
2025-01-06T02:16:00,22.188322265151044,in
2025-01-06T02:17:00,21.862524295858563,in
2025-01-06T02:18:00,21.90444892949875,in
2025-01-06T02:19:00,22.180278379963823,in
2025-01-06T02:20:00,21.997425122600944,in
2025-01-06T02:21:00,22.20350618141265,in
2025-01-06T02:22:00,22.221090772030486,in
2025-01-06T02:23:00,22.126912496625494,in
2025-01-06T02:24:00,22.481270070627627,in
2025-01-06T02:25:00,22.306303830444072,in
2025-01-06T02:26:00,22.408145059354933,in
2025-01-06T02:27:00,22.373162058656415,in
2025-01-06T02:28:00,22.22122765251781,in
2025-01-06T02:29:00,22.223230850570754,in
2025-01-06T02:30:00,22.216409378915788,in
2025-01-06T02:31:00,22.371867198422475,in
2025-01-06T02:32:00,22.180791425314347,in
2025-01-06T02:33:00,22.54574018528754,in
2025-01-06T02:34:00,22.18373842670836,in
2025-01-06T02:35:00,22.336418033224383,in
2025-01-06T02:36:00,22.27850680827357,in
2025-01-06T02:37:00,22.253866134049666,in
2025-01-06T02:38:00,22.65594723959089,in
2025-01-06T02:39:00,22.272840856486177,in
2025-01-06T02:40:00,22.301588178184993,in
2025-01-06T02:41:00,22.2562670511793,in
2025-01-06T02:42:00,22.370627143337636,in
2025-01-06T02:43:00,22.35785211691606,in
2025-01-06T02:44:00,22.21373002114744,in
2025-01-06T02:45:00,22.326525164380104,in
2025-01-06T02:46:00,22.490188850251986,in
2025-01-06T02:47:00,22.561331529693646,in
2025-01-06T02:48:00,22.41942347358034,in
2025-01-06T02:49:00,22.433204562910866,in
2025-01-06T02:50:00,22.378729967111408,in
2025-01-06T02:51:00,22.366028614749315,in
2025-01-06T02:52:00,22.311966154205383,in
2025-01-06T02:53:00,22.224903363708982,in
2025-01-06T02:54:00,22.361523726595824,in
2025-01-06T02:55:00,22.61097971475342,in
2025-01-06T02:56:00,22.420181249794755,in
2025-01-06T02:57:00,22.440403783503875,in
2025-01-06T02:58:00,22.445937228151685,in
2025-01-06T02:59:00,22.695910046285967,in
2025-01-06T03:00:00,22.378380704625336,in
2025-01-06T03:01:00,22.567620429674445,in
2025-01-06T03:02:00,22.524206832120985,in
2025-01-06T03:03:00,22.553069923494363,in
2025-01-06T03:04:00,22.587927272701464,in
2025-01-06T03:05:00,22.568232769102195,in
2025-01-06T03:06:00,22.686983972405475,in
2025-01-06T03:07:00,22.572003937073735,in
2025-01-06T03:08:00,22.846399868459322,in
2025-01-06T03:09:00,22.599755140796166,in
2025-01-06T03:10:00,22.345891566618505,in
2025-01-06T03:11:00,22.705475151777584,in
2025-01-06T03:12:00,22.676848509538857,in
2025-01-06T03:13:00,22.63120936773178,in
2025-01-06T03:14:00,22.59567361546701,in
2025-01-06T03:15:00,22.325686070637353,in
2025-01-06T03:16:00,22.359109699574464,in
2025-01-06T03:17:00,22.906509173600192,in
2025-01-06T03:18:00,22.57978832800263,in
2025-01-06T03:19:00,22.82067650013948,in
2025-01-06T03:20:00,22.443585295665265,in
2025-01-06T03:21:00,22.535205369849745,in
2025-01-06T03:22:00,22.802210904551192,in
2025-01-06T03:23:00,22.69320692064063,in
2025-01-06T03:24:00,22.797385974889,in
2025-01-06T03:25:00,22.722831191677926,in
2025-01-06T03:26:00,22.701851658847602,in
2025-01-06T03:27:00,22.63910830079344,in
2025-01-06T03:28:00,22.570112788442323,in
2025-01-06T03:29:00,22.967702428164735,in
2025-01-06T03:30:00,23.000463230649657,in
2025-01-06T03:31:00,22.61761648006201,in
2025-01-06T03:32:00,22.615850391677505,in
2025-01-06T03:33:00,22.737321741405218,in
2025-01-06T03:34:00,22.848563390079967,in
2025-01-06T03:35:00,22.778220648523966,in
2025-01-06T03:36:00,22.888401295938753,in
2025-01-06T03:37:00,22.814050363085247,in
2025-01-06T03:38:00,22.81219181409509,in
2025-01-06T03:39:00,23.199281285590338,in
2025-01-06T03:40:00,22.766456035742106,in
2025-01-06T03:41:00,23.09912951372659,in
2025-01-06T03:42:00,23.078051653768718,in
2025-01-06T03:43:00,22.94450454079653,in
2025-01-06T03:44:00,22.587822518110727,in
2025-01-06T03:45:00,22.889236003992448,in
2025-01-06T03:46:00,22.81519141261028,in
2025-01-06T03:47:00,22.903210485790936,in
2025-01-06T03:48:00,22.748535980620908,in
2025-01-06T03:49:00,23.02918652259142,in
2025-01-06T03:50:00,23.071244980536726,in
2025-01-06T03:51:00,23.106732685960264,in
2025-01-06T03:52:00,22.881616318114094,in
2025-01-06T03:53:00,22.787725569062665,in
2025-01-06T03:54:00,23.007069732989834,in
2025-01-06T03:55:00,23.225388686161086,in
2025-01-06T03:56:00,22.980027685684703,in
2025-01-06T03:57:00,23.045087045910723,in
2025-01-06T03:58:00,22.94960860332463,in
2025-01-06T03:59:00,22.91691247646605,in
2025-01-06T04:00:00,23.09874139079067,in
2025-01-06T04:01:00,22.991637938990223,in
2025-01-06T04:02:00,23.075605162650806,in
2025-01-06T04:03:00,23.098712200745656,in
2025-01-06T04:04:00,23.08220367569094,in
2025-01-06T04:05:00,23.1212248142292,in
2025-01-06T04:06:00,22.917046269517883,in
2025-01-06T04:07:00,22.91532344385171,in
2025-01-06T04:08:00,23.05344528747532,in
2025-01-06T04:09:00,23.06444483379203,in
2025-01-06T04:10:00,22.996250792685696,in
2025-01-06T04:11:00,23.118098987198184,in
2025-01-06T04:12:00,23.225510684655156,in
2025-01-06T04:13:00,23.27471324016285,in
2025-01-06T04:14:00,23.315713251521185,in
2025-01-06T04:15:00,22.91392021658062,in
2025-01-06T04:16:00,22.943936020885225,in
2025-01-06T04:17:00,23.08216304637389,in
2025-01-06T04:18:00,23.144855455000773,in
2025-01-06T04:19:00,23.104230824614056,in
2025-01-06T04:20:00,23.064256973174707,in
2025-01-06T04:21:00,23.108627644044862,in
2025-01-06T04:22:00,23.233902984786756,in
2025-01-06T04:23:00,22.969055964256068,in
2025-01-06T04:24:00,23.527074080473007,in
2025-01-06T04:25:00,23.1857683282348,in
2025-01-06T04:26:00,23.347272682636987,in
2025-01-06T04:27:00,23.109648466896637,in
2025-01-06T04:28:00,23.28978248518281,in
2025-01-06T04:29:00,23.225601637010072,in
2025-01-06T04:30:00,23.346044117100682,in
2025-01-06T04:31:00,23.194637522395332,in
2025-01-06T04:32:00,23.46405748571477,in
2025-01-06T04:33:00,23.01437952149661,in
2025-01-06T04:34:00,23.387435347804946,in
2025-01-06T04:35:00,23.26965490769807,in
2025-01-06T04:36:00,23.105891777343725,in
2025-01-06T04:37:00,23.558220537632096,in
2025-01-06T04:38:00,23.54946109954066,in
2025-01-06T04:39:00,22.967797392237646,in
2025-01-06T04:40:00,23.31209287747495,in
2025-01-06T04:41:00,23.398097342495536,in
2025-01-06T04:42:00,23.365151817908036,in
2025-01-06T04:43:00,23.53284894616721,in
2025-01-06T04:44:00,23.508262964108205,in
2025-01-06T04:45:00,23.358469733647716,in
2025-01-06T04:46:00,23.666805638293223,in
2025-01-06T04:47:00,23.472290310407796,in
2025-01-06T04:48:00,23.285549038441022,in
2025-01-06T04:49:00,23.261881475645076,in
2025-01-06T04:50:00,23.537681640677356,in
2025-01-06T04:51:00,23.23865835708631,in
2025-01-06T04:52:00,23.302535978206222,in
2025-01-06T04:53:00,23.33443019693449,in
2025-01-06T04:54:00,23.430057160378933,in
2025-01-06T04:55:00,23.354007357120302,in
2025-01-06T04:56:00,23.191771106445973,in
2025-01-06T04:57:00,23.569892880381975,in
2025-01-06T04:58:00,23.341158731281926,in
2025-01-06T04:59:00,23.71101973923185,in
2025-01-06T05:00:00,23.459812063462063,in
2025-01-06T05:01:00,23.61045187390689,in
2025-01-06T05:02:00,23.521130125435477,in
2025-01-06T05:03:00,23.6298623275678,in
2025-01-06T05:04:00,23.524230450116963,in
2025-01-06T05:05:00,23.480003249218278,in
2025-01-06T05:06:00,23.614733855803053,in
2025-01-06T05:07:00,23.82963775695361,in
2025-01-06T05:08:00,23.422237862447613,in
2025-01-06T05:09:00,23.587884067030128,in
2025-01-06T05:10:00,23.473767935243718,in
2025-01-06T05:11:00,23.556345108047612,in
2025-01-06T05:12:00,23.492613434591263,in
2025-01-06T05:13:00,23.168453317266835,in
2025-01-06T05:14:00,23.467883433917276,in
2025-01-06T05:15:00,23.653612875879233,in
2025-01-06T05:16:00,23.394638166955257,in
2025-01-06T05:17:00,23.65327193522883,in
2025-01-06T05:18:00,23.548353305858612,in
2025-01-06T05:19:00,23.497741359936928,in
2025-01-06T05:20:00,23.66796119403046,in
2025-01-06T05:21:00,23.63983839568155,in
2025-01-06T05:22:00,23.60633122745514,in
2025-01-06T05:23:00,23.70117031858143,in
2025-01-06T05:24:00,23.584756670852222,in
2025-01-06T05:25:00,23.313069061237407,in
2025-01-06T05:26:00,23.508498182734975,in
2025-01-06T05:27:00,23.299973498344507,in
2025-01-06T05:28:00,23.67462623114474,in
2025-01-06T05:29:00,23.715809123381632,in
2025-01-06T05:30:00,23.727962016902428,in
2025-01-06T05:31:00,23.665368209953716,in
2025-01-06T05:32:00,23.742459789502984,in
2025-01-06T05:33:00,23.366017124642,in
2025-01-06T05:34:00,23.591578682965284,in
2025-01-06T05:35:00,23.400651810213727,in
2025-01-06T05:36:00,23.56428454682901,in
2025-01-06T05:37:00,23.86558572431994,in
2025-01-06T05:38:00,23.792216614065843,in
2025-01-06T05:39:00,23.73262592129452,in
2025-01-06T05:40:00,23.611061054287884,in
2025-01-06T05:41:00,23.494254658217493,in
2025-01-06T05:42:00,23.676306529811697,in
2025-01-06T05:43:00,23.819780873027725,in
2025-01-06T05:44:00,23.719555868498965,in
2025-01-06T05:45:00,23.4250856062274,in
2025-01-06T05:46:00,23.68346327870171,in
2025-01-06T05:47:00,23.38557308288556,in
2025-01-06T05:48:00,23.797968710856747,in
2025-01-06T05:49:00,23.578126863718776,in
2025-01-06T05:50:00,23.503314681647833,in
2025-01-06T05:51:00,23.814145242817776,in
2025-01-06T05:52:00,23.78000286789045,in
2025-01-06T05:53:00,23.735564294353257,in
2025-01-06T05:54:00,24.03403652078084,in
2025-01-06T05:55:00,23.805073716784285,in
2025-01-06T05:56:00,23.617591061915114,in
2025-01-06T05:57:00,23.79669340312564,in
2025-01-06T05:58:00,23.68034671937358,in
2025-01-06T05:59:00,23.917684833693336,in
2025-01-06T06:00:00,23.77419738859344,in
2025-01-06T06:01:00,23.79338612199835,in
2025-01-06T06:02:00,23.524356130350505,in
2025-01-06T06:03:00,23.754194757071037,in
2025-01-06T06:04:00,23.740799536139,in
2025-01-06T06:05:00,23.599821493133433,in
2025-01-06T06:06:00,23.724409002365608,in
2025-01-06T06:07:00,23.82714434294838,in
2025-01-06T06:08:00,23.765242745816245,in
2025-01-06T06:09:00,23.558160321188474,in
2025-01-06T06:10:00,23.7330391413769,in
2025-01-06T06:11:00,23.70783056461549,in
2025-01-06T06:12:00,23.81104007683141,in
2025-01-06T06:13:00,23.798787771106436,in
2025-01-06T06:14:00,23.72812676388727,in
2025-01-06T06:15:00,23.726145966551872,in
2025-01-06T06:16:00,23.80767148079601,in
2025-01-06T06:17:00,23.945842991893162,in
2025-01-06T06:18:00,23.84696664710595,in
2025-01-06T06:19:00,24.02237068970234,in
2025-01-06T06:20:00,23.98259422089958,in
2025-01-06T06:21:00,24.040788722081533,in
2025-01-06T06:22:00,24.025216689523543,in
2025-01-06T06:23:00,24.057966514665285,in
2025-01-06T06:24:00,23.654119493714514,in
2025-01-06T06:25:00,23.927736899925463,in
2025-01-06T06:26:00,24.01686823169983,in
2025-01-06T06:27:00,24.047436518576287,in
2025-01-06T06:28:00,23.725401884952788,in
2025-01-06T06:29:00,23.94300902208062,in
2025-01-06T06:30:00,23.85903952476513,in
2025-01-06T06:31:00,24.12814004298627,in
2025-01-06T06:32:00,23.646273965474407,in
2025-01-06T06:33:00,23.742225668530416,in
2025-01-06T06:34:00,23.589240062219694,in
2025-01-06T06:35:00,23.885708181620558,in
2025-01-06T06:36:00,24.20673689338485,in
2025-01-06T06:37:00,23.863619176592028,in
2025-01-06T06:38:00,23.888499376875433,in
2025-01-06T06:39:00,23.95891848743845,in
2025-01-06T06:40:00,23.861941668820723,in
2025-01-06T06:41:00,23.937255933384353,in
2025-01-06T06:42:00,23.944114732583525,in
2025-01-06T06:43:00,23.761344542971536,in
2025-01-06T06:44:00,23.87693014446618,in
2025-01-06T06:45:00,24.005150197963747,in
2025-01-06T06:46:00,24.03593372789686,in
2025-01-06T06:47:00,24.094173500832895,in
2025-01-06T06:48:00,23.952428442607726,in
2025-01-06T06:49:00,23.958159455973224,in
2025-01-06T06:50:00,24.019961631278647,in
2025-01-06T06:51:00,23.820824356878678,in
2025-01-06T06:52:00,23.817242654127696,in
2025-01-06T06:53:00,23.896423042961466,in
2025-01-06T06:54:00,23.726386814803266,in
2025-01-06T06:55:00,23.98113482452684,in
2025-01-06T06:56:00,24.079885697301872,in
2025-01-06T06:57:00,23.81840392618154,in
2025-01-06T06:58:00,23.992533284900038,in
2025-01-06T06:59:00,23.835204990016326,in
2025-01-06T07:00:00,23.779365327278896,in
2025-01-06T07:01:00,24.242426034391837,in
2025-01-06T07:02:00,23.78596031035363,in
2025-01-06T07:03:00,23.746563921700332,in
2025-01-06T07:04:00,23.97279876211029,in
2025-01-06T07:05:00,23.982962361395636,in
2025-01-06T07:06:00,24.04482466197384,in
2025-01-06T07:07:00,24.24694272494738,in
2025-01-06T07:08:00,23.83217065729127,in
2025-01-06T07:09:00,23.86391911532094,in
2025-01-06T07:10:00,24.193912838835892,in
2025-01-06T07:11:00,24.095330777751226,in
2025-01-06T07:12:00,24.07630740213187,in
2025-01-06T07:13:00,23.86961064064307,in
2025-01-06T07:14:00,24.128732642303497,in
2025-01-06T07:15:00,24.082047983833615,in
2025-01-06T07:16:00,23.991684957113232,in
2025-01-06T07:17:00,23.877161623915995,in
2025-01-06T07:18:00,23.982514148286175,in
2025-01-06T07:19:00,24.21535442856507,in
2025-01-06T07:20:00,23.805520343133864,in
2025-01-06T07:21:00,23.851142257906634,in
2025-01-06T07:22:00,23.878400837813864,in
2025-01-06T07:23:00,23.912369559719004,in
2025-01-06T07:24:00,23.973016178212124,in
2025-01-06T07:25:00,24.12050867516581,in
2025-01-06T07:26:00,24.047243843886452,in
2025-01-06T07:27:00,23.988428931214855,in
2025-01-06T07:28:00,24.022085158745192,in
2025-01-06T07:29:00,24.075330438828242,in
2025-01-06T07:30:00,23.73063383081318,in
2025-01-06T07:31:00,24.14474752812262,in
2025-01-06T07:32:00,23.861130361849685,in
2025-01-06T07:33:00,23.91961035823323,in
2025-01-06T07:34:00,24.03820900960871,in
2025-01-06T07:35:00,23.97680180224405,in
2025-01-06T07:36:00,24.062083356900548,in
2025-01-06T07:37:00,24.011211224270287,in
2025-01-06T07:38:00,23.94739255367511,in
2025-01-06T07:39:00,24.220923580555766,in
2025-01-06T07:40:00,24.098599225985012,in
2025-01-06T07:41:00,24.038448603765865,in
2025-01-06T07:42:00,24.097712643595163,in
2025-01-06T07:43:00,23.888700946292847,in
2025-01-06T07:44:00,24.32134386179215,in
2025-01-06T07:45:00,23.832572266314735,in
2025-01-06T07:46:00,24.013244895587746,in
2025-01-06T07:47:00,23.953819399322036,in
2025-01-06T07:48:00,23.94859691319509,in
2025-01-06T07:49:00,23.92955825952269,in
2025-01-06T07:50:00,23.88233994301394,in
2025-01-06T07:51:00,24.17670940320266,in
2025-01-06T07:52:00,23.818076234850757,in
2025-01-06T07:53:00,24.146601766476,in
2025-01-06T07:54:00,24.096595310159262,in
2025-01-06T07:55:00,23.942390384407915,in
2025-01-06T07:56:00,24.07958648288186,in
2025-01-06T07:57:00,23.976143802493528,in
2025-01-06T07:58:00,23.83477289535194,in
2025-01-06T07:59:00,23.836415913240835,in
2025-01-06T08:00:00,24.098316227470452,in
2025-01-06T08:01:00,24.090516509994224,in
2025-01-06T08:02:00,24.036225558276225,in
2025-01-06T08:03:00,23.94110117424694,in
2025-01-06T08:04:00,23.97113066026813,in
2025-01-06T08:05:00,23.950691080585212,in
2025-01-06T08:06:00,23.737273029674583,in
2025-01-06T08:07:00,24.008255169211868,in
2025-01-06T08:08:00,24.077149883219615,in
2025-01-06T08:09:00,24.00859939229818,in
2025-01-06T08:10:00,24.263468818966594,in
2025-01-06T08:11:00,23.847012451245405,in
2025-01-06T08:12:00,23.89809351197509,in
2025-01-06T08:13:00,24.016736190467245,in
2025-01-06T08:14:00,24.0328346183726,in
2025-01-06T08:15:00,23.71053655272327,in
2025-01-06T08:16:00,24.085532800500992,in
2025-01-06T08:17:00,24.03174789613231,in
2025-01-06T08:18:00,23.675925725891293,in
2025-01-06T08:19:00,23.975624614662784,in
2025-01-06T08:20:00,23.87110816789269,in
2025-01-06T08:21:00,23.923611365502257,in
2025-01-06T08:22:00,23.790077279032676,in
2025-01-06T08:23:00,24.05236533830286,in
2025-01-06T08:24:00,24.25331024782208,in
2025-01-06T08:25:00,24.02786621257018,in
2025-01-06T08:26:00,23.66323609608863,in
2025-01-06T08:27:00,24.028976319509773,in
2025-01-06T08:28:00,23.95589648445279,in
2025-01-06T08:29:00,23.818858019146315,in
2025-01-06T08:30:00,24.035933297456275,in
2025-01-06T08:31:00,24.11369650399287,in
2025-01-06T08:32:00,23.880262115199173,in
2025-01-06T08:33:00,23.732742852017555,in
2025-01-06T08:34:00,23.676280890792405,in
2025-01-06T08:35:00,23.87687025689772,in
2025-01-06T08:36:00,23.952051160801304,in
2025-01-06T08:37:00,23.896591898574844,in
2025-01-06T08:38:00,23.870078889175108,in
2025-01-06T08:39:00,24.056297047185378,in
2025-01-06T08:40:00,24.039039412946305,in
2025-01-06T08:41:00,23.99802040570661,in
2025-01-06T08:42:00,24.088982982779527,in
2025-01-06T08:43:00,23.866454692531722,in
2025-01-06T08:44:00,23.79907048163654,in
2025-01-06T08:45:00,23.883220509672356,in
2025-01-06T08:46:00,23.871153993489393,in
2025-01-06T08:47:00,23.650397526562113,in
2025-01-06T08:48:00,23.874459905535566,in
2025-01-06T08:49:00,24.120189796202695,in
2025-01-06T08:50:00,24.07272002883255,in
2025-01-06T08:51:00,24.02946221956044,in
2025-01-06T08:52:00,23.96848283605602,in
2025-01-06T08:53:00,24.164093295842203,in
2025-01-06T08:54:00,23.78571465656516,in
2025-01-06T08:55:00,23.797960071332092,in
2025-01-06T08:56:00,24.10923574360527,in
2025-01-06T08:57:00,23.942602553939313,in
2025-01-06T08:58:00,23.835618534699588,in
2025-01-06T08:59:00,24.016880571841355,in
2025-01-06T09:00:00,23.86608160832494,in
2025-01-06T09:01:00,23.80394582333672,in
2025-01-06T09:02:00,23.797458134487186,in
2025-01-06T09:03:00,23.9731428770612,in
2025-01-06T09:04:00,23.953395716371237,in
2025-01-06T09:05:00,24.14761172377025,in
2025-01-06T09:06:00,23.874126082746162,in
2025-01-06T09:07:00,23.869070304289945,in
2025-01-06T09:08:00,24.128554541505107,in
2025-01-06T09:09:00,24.05788690790601,in
2025-01-06T09:10:00,23.929168647060866,in
2025-01-06T09:11:00,23.670639690899357,in
2025-01-06T09:12:00,23.780334815247826,in
2025-01-06T09:13:00,23.741284032795594,in
2025-01-06T09:14:00,23.902115076947307,in
2025-01-06T09:15:00,23.81760909180898,in
2025-01-06T09:16:00,24.13147288512498,in
2025-01-06T09:17:00,23.652462458719466,in
2025-01-06T09:18:00,23.71108202464745,in
2025-01-06T09:19:00,23.91904634824472,in
2025-01-06T09:20:00,23.957600649036443,in
2025-01-06T09:21:00,23.488312237210593,in
2025-01-06T09:22:00,23.61303285462201,in
2025-01-06T09:23:00,23.830729865400933,in
2025-01-06T09:24:00,24.070567397717152,in
2025-01-06T09:25:00,24.147179871348143,in
2025-01-06T09:26:00,23.7986605124396,in
2025-01-06T09:27:00,23.83202205913079,in
2025-01-06T09:28:00,23.72883784554088,in
2025-01-06T09:29:00,23.946061968018054,in
2025-01-06T09:30:00,24.077038502696666,in
2025-01-06T09:31:00,24.032805053947914,in
2025-01-06T09:32:00,23.836659615006567,in
2025-01-06T09:33:00,23.71180266452751,in
2025-01-06T09:34:00,23.83534969941672,in
2025-01-06T09:35:00,24.037740963903936,in
2025-01-06T09:36:00,23.76701335053321,in
2025-01-06T09:37:00,23.551209732752017,in
2025-01-06T09:38:00,23.76592115375547,in
2025-01-06T09:39:00,23.774432484626914,in
2025-01-06T09:40:00,23.539420849882877,in
2025-01-06T09:41:00,23.843715890708484,in
2025-01-06T09:42:00,23.88107126818803,in
2025-01-06T09:43:00,24.080380370867925,in
2025-01-06T09:44:00,23.597731549071867,in
2025-01-06T09:45:00,23.90332369775869,in
2025-01-06T09:46:00,23.93489414588044,in
2025-01-06T09:47:00,23.863901026462575,in
2025-01-06T09:48:00,23.63099280345012,in
2025-01-06T09:49:00,23.6182952808601,in
2025-01-06T09:50:00,23.78860117919902,in
2025-01-06T09:51:00,23.783501923903028,in
2025-01-06T09:52:00,23.68198011202355,in
2025-01-06T09:53:00,23.95552702844076,in
2025-01-06T09:54:00,23.69752148795012,in
2025-01-06T09:55:00,23.469398399797157,in
2025-01-06T09:56:00,23.715630937103064,in
2025-01-06T09:57:00,23.817033016382446,in
2025-01-06T09:58:00,23.792005564688964,in
2025-01-06T09:59:00,23.78653101704928,in
2025-01-06T10:00:00,23.956149159722383,in
2025-01-06T10:01:00,23.560452424653477,in
2025-01-06T10:02:00,23.659702068630455,in
2025-01-06T10:03:00,23.950570928704465,in
2025-01-06T10:04:00,23.41923211835958,in
2025-01-06T10:05:00,23.701769574265477,in
2025-01-06T10:06:00,23.88961849599374,in
2025-01-06T10:07:00,23.882806887631233,in
2025-01-06T10:08:00,23.795113648239802,in
2025-01-06T10:09:00,23.794271538672206,in
2025-01-06T10:10:00,23.530629423167504,in
2025-01-06T10:11:00,23.888054588518166,in
2025-01-06T10:12:00,23.497331879197983,in
2025-01-06T10:13:00,23.501510358789517,in
2025-01-06T10:14:00,23.7259527638089,in
2025-01-06T10:15:00,23.588987050247514,in
2025-01-06T10:16:00,23.68907964996605,in
2025-01-06T10:17:00,23.717794560146412,in
2025-01-06T10:18:00,23.91496883815036,in
2025-01-06T10:19:00,23.708352563719288,in
2025-01-06T10:20:00,23.545523942954212,in
2025-01-06T10:21:00,23.734756304051285,in
2025-01-06T10:22:00,23.50346790670033,in
2025-01-06T10:23:00,23.760121292586437,in
2025-01-06T10:24:00,23.627728176685288,in
2025-01-06T10:25:00,23.672970780958508,in
2025-01-06T10:26:00,23.340615624667233,in
2025-01-06T10:27:00,23.2648957861049,in
2025-01-06T10:28:00,23.372057385232573,in
2025-01-06T10:29:00,23.853869633424015,in
2025-01-06T10:30:00,23.414483457155406,in
2025-01-06T10:31:00,23.691225617786024,in
2025-01-06T10:32:00,23.479735337376844,in
2025-01-06T10:33:00,23.53462934687861,in
2025-01-06T10:34:00,23.558508275444446,in
2025-01-06T10:35:00,23.806335730357493,in
2025-01-06T10:36:00,23.64196775253266,in
2025-01-06T10:37:00,23.606540259212426,in
2025-01-06T10:38:00,23.73775393159212,in
2025-01-06T10:39:00,23.442704134582684,in
2025-01-06T10:40:00,23.692340332780674,in
2025-01-06T10:41:00,23.661660328838867,in
2025-01-06T10:42:00,23.65429683568659,in
2025-01-06T10:43:00,23.49187746333137,in
2025-01-06T10:44:00,23.443821926078936,in
2025-01-06T10:45:00,23.373206068182547,in
2025-01-06T10:46:00,23.37683408683303,in
2025-01-06T10:47:00,23.35456277746463,in
2025-01-06T10:48:00,23.541316815228704,in
2025-01-06T10:49:00,23.446185807983156,in
2025-01-06T10:50:00,23.539264703272252,in
2025-01-06T10:51:00,23.54182732181929,in
2025-01-06T10:52:00,23.30374399509509,in
2025-01-06T10:53:00,23.293276659948415,in
2025-01-06T10:54:00,23.416449684548574,in
2025-01-06T10:55:00,23.328459815577453,in
2025-01-06T10:56:00,23.306617779748365,in
2025-01-06T10:57:00,23.686956938210546,in
2025-01-06T10:58:00,23.196497682526758,in
2025-01-06T10:59:00,23.723830415338277,in
2025-01-06T11:00:00,23.457545019876964,in
2025-01-06T11:01:00,23.555965191364628,in
2025-01-06T11:02:00,23.53206845119924,in
2025-01-06T11:03:00,23.488124796273265,in
2025-01-06T11:04:00,23.63859151078947,in
2025-01-06T11:05:00,23.22066360829302,in
2025-01-06T11:06:00,23.353252394720744,in
2025-01-06T11:07:00,23.242438943777614,in
2025-01-06T11:08:00,23.109584790470144,in
2025-01-06T11:09:00,23.258415323282154,in
2025-01-06T11:10:00,23.6320625819649,in
2025-01-06T11:11:00,23.318713610256683,in
2025-01-06T11:12:00,23.635788569717754,in
2025-01-06T11:13:00,23.64463740651815,in
2025-01-06T11:14:00,23.774509650985888,in
2025-01-06T11:15:00,23.604515583064885,in
2025-01-06T11:16:00,23.665837837781083,in
2025-01-06T11:17:00,23.3542946360838,in
2025-01-06T11:18:00,23.333145331713375,in
2025-01-06T11:19:00,23.336473863468235,in
2025-01-06T11:20:00,23.28558455006464,in
2025-01-06T11:21:00,23.301327474236306,in
2025-01-06T11:22:00,23.384983825328547,in
2025-01-06T11:23:00,23.195537978830554,in
2025-01-06T11:24:00,23.051997146428373,in
2025-01-06T11:25:00,23.306389764004,in
2025-01-06T11:26:00,23.141108548126518,in
2025-01-06T11:27:00,23.149796873998966,in
2025-01-06T11:28:00,23.20990996610419,in
2025-01-06T11:29:00,23.168613077138815,in
2025-01-06T11:30:00,23.384029231894953,in
2025-01-06T11:31:00,23.185576745157295,in
2025-01-06T11:32:00,23.37769749198561,in
2025-01-06T11:33:00,23.227551638482645,in
2025-01-06T11:34:00,23.176366223212337,in
2025-01-06T11:35:00,23.20635236967019,in
2025-01-06T11:36:00,22.981826024981835,in
2025-01-06T11:37:00,23.219210909695473,in
2025-01-06T11:38:00,23.288784305869125,in
2025-01-06T11:39:00,23.302917944101402,in
2025-01-06T11:40:00,22.94432675989541,in
2025-01-06T11:41:00,22.91214649485617,in
2025-01-06T11:42:00,23.052289695087545,in
2025-01-06T11:43:00,23.333309209089077,in
2025-01-06T11:44:00,23.151532115978537,in
2025-01-06T11:45:00,22.99493618007698,in
2025-01-06T11:46:00,22.885933050584566,in
2025-01-06T11:47:00,22.993988063371788,in
2025-01-06T11:48:00,22.976545400753093,in
2025-01-06T11:49:00,23.222291600532778,in
2025-01-06T11:50:00,23.226480854101705,in
2025-01-06T11:51:00,22.90974375100258,in
2025-01-06T11:52:00,23.17281343770365,in
2025-01-06T11:53:00,23.150041382105062,in
2025-01-06T11:54:00,22.868045007217464,in
2025-01-06T11:55:00,23.024973711496866,in
2025-01-06T11:56:00,23.081199148043726,in
2025-01-06T11:57:00,23.047071484961712,in
2025-01-06T11:58:00,22.75849556440013,in
2025-01-06T11:59:00,23.02722532226855,in
2025-01-06T12:00:00,23.095439733714752,in
2025-01-06T12:01:00,23.229372132680545,in
2025-01-06T12:02:00,22.88452844018486,in
2025-01-06T12:03:00,22.895424509514573,in
2025-01-06T12:04:00,22.938289225611793,in
2025-01-06T12:05:00,23.00565992603632,in
2025-01-06T12:06:00,22.968870185662652,in
2025-01-06T12:07:00,23.037285532564756,in
2025-01-06T12:08:00,22.770165144239513,in
2025-01-06T12:09:00,22.99075709404471,in
2025-01-06T12:10:00,22.812164919436224,in
2025-01-06T12:11:00,22.89424774492558,in
2025-01-06T12:12:00,23.164183043567526,in
2025-01-06T12:13:00,22.69046046075997,in
2025-01-06T12:14:00,22.85047550595371,in
2025-01-06T12:15:00,22.693380514591407,in
2025-01-06T12:16:00,22.89970248976093,in
2025-01-06T12:17:00,23.026125452117345,in
2025-01-06T12:18:00,22.88647046144324,in
2025-01-06T12:19:00,22.835630101802572,in
2025-01-06T12:20:00,23.04449687283921,in
2025-01-06T12:21:00,22.886894840290683,in
2025-01-06T12:22:00,22.952321393759252,in
2025-01-06T12:23:00,22.928726313253726,in
2025-01-06T12:24:00,22.382037225528087,in
2025-01-06T12:25:00,22.793993058874328,in
2025-01-06T12:26:00,22.635786967518285,in
2025-01-06T12:27:00,22.665090178645016,in
2025-01-06T12:28:00,23.002650173077352,in
2025-01-06T12:29:00,22.71720109147526,in
2025-01-06T12:30:00,23.04925209410109,in
2025-01-06T12:31:00,22.546143971664243,in
2025-01-06T12:32:00,22.58666256979022,in
2025-01-06T12:33:00,22.85546747416247,in
2025-01-06T12:34:00,22.68179672548482,in
2025-01-06T12:35:00,22.77097517705756,in
2025-01-06T12:36:00,22.69988987513514,in
2025-01-06T12:37:00,22.68719564030053,in
2025-01-06T12:38:00,22.654779352209122,in
2025-01-06T12:39:00,22.719158118216157,in
2025-01-06T12:40:00,22.78028602978053,in
2025-01-06T12:41:00,22.917996758652535,in
2025-01-06T12:42:00,22.637236838166128,in
2025-01-06T12:43:00,22.600335546180197,in
2025-01-06T12:44:00,22.572767075445448,in
2025-01-06T12:45:00,22.863346508861202,in
2025-01-06T12:46:00,22.738158047377258,in
2025-01-06T12:47:00,22.341472599001776,in
2025-01-06T12:48:00,22.326565883330435,in
2025-01-06T12:49:00,22.485219916131307,in
2025-01-06T12:50:00,22.635933415616698,in
2025-01-06T12:51:00,22.588062629068347,in
2025-01-06T12:52:00,22.661960192222033,in
2025-01-06T12:53:00,22.550076019940693,in
2025-01-06T12:54:00,22.777643505114693,in
2025-01-06T12:55:00,22.67547473487809,in
2025-01-06T12:56:00,22.562911202701354,in
2025-01-06T12:57:00,22.714681814310264,in
2025-01-06T12:58:00,22.287140818509233,in
2025-01-06T12:59:00,22.513301222016167,in
2025-01-06T13:00:00,22.538264936124236,in
2025-01-06T13:01:00,22.59950937140393,in
2025-01-06T13:02:00,22.2434851076846,in
2025-01-06T13:03:00,22.453245550026825,in
2025-01-06T13:04:00,22.543912910652004,in
2025-01-06T13:05:00,22.546946103611955,in
2025-01-06T13:06:00,22.644810203929946,in
2025-01-06T13:07:00,22.572626581705844,in
2025-01-06T13:08:00,22.440775201281927,in
2025-01-06T13:09:00,22.542640932385318,in
2025-01-06T13:10:00,22.40267468254301,in
2025-01-06T13:11:00,22.44637143722732,in
2025-01-06T13:12:00,22.53504373415762,in
2025-01-06T13:13:00,22.400488383302143,in
2025-01-06T13:14:00,22.45303432076418,in
2025-01-06T13:15:00,22.534376959429814,in
2025-01-06T13:16:00,22.488442719863954,in
2025-01-06T13:17:00,22.558068850399682,in
2025-01-06T13:18:00,22.713738295677235,in
2025-01-06T13:19:00,22.461326256951228,in
2025-01-06T13:20:00,22.27810247262315,in
2025-01-06T13:21:00,22.41547246487102,in
2025-01-06T13:22:00,22.40041797419492,in
2025-01-06T13:23:00,22.41351173523421,in
2025-01-06T13:24:00,22.537121367166066,in
2025-01-06T13:25:00,22.051630046032244,in
2025-01-06T13:26:00,22.522694520958687,in
2025-01-06T13:27:00,22.564547774191084,in
2025-01-06T13:28:00,22.36355680141067,in
2025-01-06T13:29:00,22.35852212273092,in
2025-01-06T13:30:00,22.22480566335118,in
2025-01-06T13:31:00,22.253346536744168,in
2025-01-06T13:32:00,22.34843151068252,in
2025-01-06T13:33:00,22.330107653831224,in
2025-01-06T13:34:00,22.334512887036322,in
2025-01-06T13:35:00,22.31173403544442,in
2025-01-06T13:36:00,22.34381542265666,in
2025-01-06T13:37:00,22.31837342372201,in
2025-01-06T13:38:00,22.038039205251437,in
2025-01-06T13:39:00,22.307843443852995,in
2025-01-06T13:40:00,22.453099477957757,in
2025-01-06T13:41:00,22.161622402231103,in
2025-01-06T13:42:00,22.38184018365307,in
2025-01-06T13:43:00,22.010622685404062,in
2025-01-06T13:44:00,22.13504855454669,in
2025-01-06T13:45:00,22.034632535688807,in
2025-01-06T13:46:00,22.328980266933282,in
2025-01-06T13:47:00,22.35945705828808,in
2025-01-06T13:48:00,22.089792494472764,in
2025-01-06T13:49:00,22.271615485441973,in
2025-01-06T13:50:00,22.33483276891618,in
2025-01-06T13:51:00,22.073581802823895,in
2025-01-06T13:52:00,22.089261735174556,in
2025-01-06T13:53:00,22.171119331863697,in
2025-01-06T13:54:00,21.925973199387705,in
2025-01-06T13:55:00,22.06014440935131,in
2025-01-06T13:56:00,22.35632287880486,in
2025-01-06T13:57:00,21.951177163105143,in
2025-01-06T13:58:00,22.14552700710272,in
2025-01-06T13:59:00,22.087297285490042,in
2025-01-06T14:00:00,21.97543511369457,in
2025-01-06T14:01:00,22.024521645366924,in
2025-01-06T14:02:00,22.245439917684173,in
2025-01-06T14:03:00,22.056860380844213,in
2025-01-06T14:04:00,22.071567980614628,in
2025-01-06T14:05:00,22.196499574368648,in
2025-01-06T14:06:00,21.90423453783453,in
2025-01-06T14:07:00,21.78188573710468,in
2025-01-06T14:08:00,22.19545311533354,in
2025-01-06T14:09:00,21.941958635874627,in
2025-01-06T14:10:00,22.046801352791675,in
2025-01-06T14:11:00,21.78969436511442,in
2025-01-06T14:12:00,21.953607033301047,in
2025-01-06T14:13:00,21.722074507143976,in
2025-01-06T14:14:00,21.887463896889507,in
2025-01-06T14:15:00,21.772005263762974,in
2025-01-06T14:16:00,21.72883890227487,in
2025-01-06T14:17:00,21.806314619204315,in
2025-01-06T14:18:00,21.49907321209908,in
2025-01-06T14:19:00,21.66039821930896,in
2025-01-06T14:20:00,21.943050637943735,in
2025-01-06T14:21:00,21.869146721105352,in
2025-01-06T14:22:00,21.647180452915155,in
2025-01-06T14:23:00,21.88180491219562,in
2025-01-06T14:24:00,21.65921111264192,in
2025-01-06T14:25:00,21.890560830858092,in
2025-01-06T14:26:00,21.75624771144492,in
2025-01-06T14:27:00,21.71615673252548,in
2025-01-06T14:28:00,21.74260176963059,in
2025-01-06T14:29:00,22.1315313302282,in
2025-01-06T14:30:00,21.625127387631544,in
2025-01-06T14:31:00,21.76428193939251,in
2025-01-06T14:32:00,21.838859104503722,in
2025-01-06T14:33:00,21.568652828654297,in
2025-01-06T14:34:00,21.4652425021299,in
2025-01-06T14:35:00,21.605588506175852,in
2025-01-06T14:36:00,21.801050550085876,in
2025-01-06T14:37:00,21.627214351033114,in
2025-01-06T14:38:00,21.635238898574496,in
2025-01-06T14:39:00,21.797916439995767,in
2025-01-06T14:40:00,21.531752182741915,in
2025-01-06T14:41:00,21.6307996123804,in
2025-01-06T14:42:00,21.40845279281818,in
2025-01-06T14:43:00,21.675059787091403,in
2025-01-06T14:44:00,21.65280807043217,in
2025-01-06T14:45:00,21.729149800692824,in
2025-01-06T14:46:00,21.429475711414906,in
2025-01-06T14:47:00,21.56393336060379,in
2025-01-06T14:48:00,21.39240606429576,in
2025-01-06T14:49:00,21.538728652763744,in
2025-01-06T14:50:00,21.789388983439984,in
2025-01-06T14:51:00,21.510492216560905,in
2025-01-06T14:52:00,21.345209917675536,in
2025-01-06T14:53:00,21.43961732840895,in
2025-01-06T14:54:00,21.291466497275607,in
2025-01-06T14:55:00,21.330262283526572,in
2025-01-06T14:56:00,21.61680425092497,in
2025-01-06T14:57:00,21.290750928337708,in
2025-01-06T14:58:00,21.54608928044436,in
2025-01-06T14:59:00,21.49465750497134,in
2025-01-06T15:00:00,21.402632672430965,in
2025-01-06T15:01:00,21.508040068092726,in
2025-01-06T15:02:00,21.3248740214414,in
2025-01-06T15:03:00,21.58324576039391,in
2025-01-06T15:04:00,21.343974243580153,in
2025-01-06T15:05:00,21.382386938646984,in
2025-01-06T15:06:00,21.356166659782588,in
2025-01-06T15:07:00,21.527028498392983,in
2025-01-06T15:08:00,21.496923177580857,in
2025-01-06T15:09:00,21.013661675160296,in
2025-01-06T15:10:00,21.436724841433186,in
2025-01-06T15:11:00,21.12858247717015,in
2025-01-06T15:12:00,21.330767754421736,in
2025-01-06T15:13:00,21.3574462837705,in
2025-01-06T15:14:00,21.312581952760045,in
2025-01-06T15:15:00,21.432243952708514,in
2025-01-06T15:16:00,21.45687517599762,in
2025-01-06T15:17:00,21.224598840551533,in
2025-01-06T15:18:00,21.21091673115786,in
2025-01-06T15:19:00,21.318771130945468,in
2025-01-06T15:20:00,21.084399901263748,in
2025-01-06T15:21:00,21.23621918956687,in
2025-01-06T15:22:00,21.501796912489176,in
2025-01-06T15:23:00,21.065472839222966,in
2025-01-06T15:24:00,21.232246497012394,in
2025-01-06T15:25:00,21.186278801493085,in
2025-01-06T15:26:00,21.567787728759573,in
2025-01-06T15:27:00,21.17820594397988,in
2025-01-06T15:28:00,21.178815180364403,in
2025-01-06T15:29:00,21.088088026124876,in
2025-01-06T15:30:00,21.236031405804905,in
2025-01-06T15:31:00,21.26710313497991,in
2025-01-06T15:32:00,21.085664765878523,in
2025-01-06T15:33:00,21.358820707339767,in
2025-01-06T15:34:00,21.24316139979279,in
2025-01-06T15:35:00,21.32229151059731,in
2025-01-06T15:36:00,21.137306384672417,in
2025-01-06T15:37:00,21.215039944406747,in
2025-01-06T15:38:00,21.13864904045641,in
2025-01-06T15:39:00,21.381332757348815,in
2025-01-06T15:40:00,21.17220309712426,in
2025-01-06T15:41:00,21.148175612444334,in
2025-01-06T15:42:00,21.070241506530273,in
2025-01-06T15:43:00,21.05371494062035,in
2025-01-06T15:44:00,21.158916017645428,in
2025-01-06T15:45:00,21.23836073846791,in
2025-01-06T15:46:00,21.004920659093877,in
2025-01-06T15:47:00,21.118790009501552,in
2025-01-06T15:48:00,21.119644424173778,in
2025-01-06T15:49:00,21.13800669722243,in
2025-01-06T15:50:00,20.820378313250828,in
2025-01-06T15:51:00,20.93006105439313,in
2025-01-06T15:52:00,20.856180196409934,in
2025-01-06T15:53:00,21.058293329628075,in
2025-01-06T15:54:00,20.910536473997237,in
2025-01-06T15:55:00,20.96358629439722,in
2025-01-06T15:56:00,20.85123868092071,in
2025-01-06T15:57:00,20.962272036430925,in
2025-01-06T15:58:00,20.846537339610254,in
2025-01-06T15:59:00,21.12125325895453,in
2025-01-06T16:00:00,21.07188419546934,in
2025-01-06T16:01:00,21.014986438130105,in
2025-01-06T16:02:00,20.93963198462651,in
2025-01-06T16:03:00,20.671760812900487,in
2025-01-06T16:04:00,20.901192856355664,in
2025-01-06T16:05:00,20.84823500212585,in
2025-01-06T16:06:00,20.99209400315794,in
2025-01-06T16:07:00,21.040528228016925,in
2025-01-06T16:08:00,20.98885637090756,in
2025-01-06T16:09:00,21.12222671453777,in
2025-01-06T16:10:00,20.840153648148593,in
2025-01-06T16:11:00,20.82658467506592,in
2025-01-06T16:12:00,21.066403664305334,in
2025-01-06T16:13:00,20.928346000140895,in
2025-01-06T16:14:00,20.859076218294554,in
2025-01-06T16:15:00,21.16583770569501,in
2025-01-06T16:16:00,20.968273775165905,in
2025-01-06T16:17:00,20.84580851851975,in
2025-01-06T16:18:00,20.76429580410325,in
2025-01-06T16:19:00,21.058983375544983,in
2025-01-06T16:20:00,20.883896680431363,in
2025-01-06T16:21:00,20.849387157856302,in
2025-01-06T16:22:00,20.940035552696386,in
2025-01-06T16:23:00,20.963513847253232,in
2025-01-06T16:24:00,20.906909993088693,in
2025-01-06T16:25:00,20.94997703961763,in
2025-01-06T16:26:00,20.878060580332722,in
2025-01-06T16:27:00,20.886584386373215,in
2025-01-06T16:28:00,20.686624275469384,in
2025-01-06T16:29:00,21.060965106156853,in
2025-01-06T16:30:00,20.597425643133963,in
2025-01-06T16:31:00,20.821972082105727,in
2025-01-06T16:32:00,20.5681619906219,in
2025-01-06T16:33:00,20.747092790554944,in
2025-01-06T16:34:00,20.66927668104455,in
2025-01-06T16:35:00,20.76851643633348,in
2025-01-06T16:36:00,20.792622870103976,in
2025-01-06T16:37:00,20.59113928742578,in
2025-01-06T16:38:00,20.723431391201736,in
2025-01-06T16:39:00,20.930173129407272,in
2025-01-06T16:40:00,20.5175850160017,in
2025-01-06T16:41:00,20.57964397533977,in
2025-01-06T16:42:00,20.83021710052694,in
2025-01-06T16:43:00,20.706113717061523,in
2025-01-06T16:44:00,20.710555181492676,in
2025-01-06T16:45:00,20.834653722103713,in
2025-01-06T16:46:00,20.555649598298785,in
2025-01-06T16:47:00,20.59033638348369,in
2025-01-06T16:48:00,20.56534250731226,in
2025-01-06T16:49:00,20.603035928030327,in
2025-01-06T16:50:00,20.84974789751083,in
2025-01-06T16:51:00,20.38723649460544,in
2025-01-06T16:52:00,20.4568704582385,in
2025-01-06T16:53:00,20.42478155925331,in
2025-01-06T16:54:00,20.833544941215393,in
2025-01-06T16:55:00,20.5248138982305,in
2025-01-06T16:56:00,20.56168221216926,in
2025-01-06T16:57:00,20.3622239536285,in
2025-01-06T16:58:00,20.558823565975416,in
2025-01-06T16:59:00,20.72194880921436,in
2025-01-06T17:00:00,20.623729994867848,in
2025-01-06T17:01:00,20.563449641058632,in
2025-01-06T17:02:00,20.338766272873873,in
2025-01-06T17:03:00,20.518203300054495,in
2025-01-06T17:04:00,20.583357613911584,in
2025-01-06T17:05:00,20.4064983473255,in
2025-01-06T17:06:00,20.647484931672114,in
2025-01-06T17:07:00,20.676018342231963,in
2025-01-06T17:08:00,20.45799529046355,in
2025-01-06T17:09:00,20.640229810194388,in
2025-01-06T17:10:00,20.50898438675715,in
2025-01-06T17:11:00,20.691634442263158,in
2025-01-06T17:12:00,20.818832948053924,in
2025-01-06T17:13:00,20.343835427586615,in
2025-01-06T17:14:00,20.617511218953997,in
2025-01-06T17:15:00,20.692065069966464,in
2025-01-06T17:16:00,20.344978788501685,in
2025-01-06T17:17:00,20.398601930999106,in
2025-01-06T17:18:00,20.391231504065562,in
2025-01-06T17:19:00,20.45361787465453,in
2025-01-06T17:20:00,20.41445628782895,in
2025-01-06T17:21:00,20.43257364764482,in
2025-01-06T17:22:00,20.582449082466287,in
2025-01-06T17:23:00,20.166842953552706,in
2025-01-06T17:24:00,20.299624063839854,in
2025-01-06T17:25:00,20.540720245245716,in
2025-01-06T17:26:00,20.5177001085883,in
2025-01-06T17:27:00,20.27058480913351,in
2025-01-06T17:28:00,20.50793378533211,in
2025-01-06T17:29:00,20.617650896035286,in
2025-01-06T17:30:00,20.405939342247706,in
2025-01-06T17:31:00,20.256801841621176,in
2025-01-06T17:32:00,20.53397211835255,in
2025-01-06T17:33:00,20.65594918926351,in
2025-01-06T17:34:00,20.259365233249632,in
2025-01-06T17:35:00,20.39299860255754,in
2025-01-06T17:36:00,20.545489356483156,in
2025-01-06T17:37:00,20.39415584331445,in
2025-01-06T17:38:00,20.109674513336145,in
2025-01-06T17:39:00,20.43322954749452,in
2025-01-06T17:40:00,20.214874615973585,in
2025-01-06T17:41:00,20.16609773426657,in
2025-01-06T17:42:00,20.092585424108105,in
2025-01-06T17:43:00,20.52538159572048,in
2025-01-06T17:44:00,20.216718157037302,in
2025-01-06T17:45:00,20.38706120243209,in
2025-01-06T17:46:00,20.419071520452572,in
2025-01-06T17:47:00,20.35170053677676,in
2025-01-06T17:48:00,20.367144481105246,in
2025-01-06T17:49:00,20.37507918718114,in
2025-01-06T17:50:00,20.333931761371044,in
2025-01-06T17:51:00,20.194520429444655,in
2025-01-06T17:52:00,20.176503233364414,in
2025-01-06T17:53:00,20.28354831838249,in
2025-01-06T17:54:00,20.275795064084466,in
2025-01-06T17:55:00,20.354574218518096,in
2025-01-06T17:56:00,20.450912908670553,in
2025-01-06T17:57:00,20.33277298108252,in
2025-01-06T17:58:00,20.155109121249374,in
2025-01-06T17:59:00,19.945155617381616,in
2025-01-06T18:00:00,20.152608611549223,in
2025-01-06T18:01:00,20.061928816792737,in
2025-01-06T18:02:00,20.149732777766086,in
2025-01-06T18:03:00,20.29134953418419,in
2025-01-06T18:04:00,20.263419161897016,in
2025-01-06T18:05:00,20.52527313112572,in
2025-01-06T18:06:00,20.314828007488398,in
2025-01-06T18:07:00,20.524593616086438,in
2025-01-06T18:08:00,20.34137572488064,in
2025-01-06T18:09:00,20.392880736569673,in
2025-01-06T18:10:00,20.17214299290041,in
2025-01-06T18:11:00,20.060789324529136,in
2025-01-06T18:12:00,20.150642968003133,in
2025-01-06T18:13:00,20.21226168357603,in
2025-01-06T18:14:00,20.1159074441952,in
2025-01-06T18:15:00,20.056083153264,in
2025-01-06T18:16:00,20.264937561264784,in
2025-01-06T18:17:00,20.047793946425237,in
2025-01-06T18:18:00,19.964805639082503,in
2025-01-06T18:19:00,20.022776792006628,in
2025-01-06T18:20:00,20.152231102687214,in
2025-01-06T18:21:00,20.03507578618516,in
2025-01-06T18:22:00,20.145863972749137,in
2025-01-06T18:23:00,20.266542558637706,in
2025-01-06T18:24:00,20.2590755417443,in
2025-01-06T18:25:00,20.07025315539771,in
2025-01-06T18:26:00,19.97028861317391,in
2025-01-06T18:27:00,20.076074059929827,in
2025-01-06T18:28:00,20.257337014562655,in
2025-01-06T18:29:00,20.288977491015782,in
2025-01-06T18:30:00,20.20517442313243,in
2025-01-06T18:31:00,20.329134399614183,in
2025-01-06T18:32:00,20.405012608809333,in
2025-01-06T18:33:00,20.069896705036722,in
2025-01-06T18:34:00,20.362149352133926,in
2025-01-06T18:35:00,20.09690183331564,in
2025-01-06T18:36:00,20.28581645159461,in
2025-01-06T18:37:00,20.236015450928896,in
2025-01-06T18:38:00,19.830096858615313,in
2025-01-06T18:39:00,19.978683257916018,in
2025-01-06T18:40:00,19.93742157098163,in
2025-01-06T18:41:00,19.850340914743377,in
2025-01-06T18:42:00,20.24661426532499,in
2025-01-06T18:43:00,20.42213773748244,in
2025-01-06T18:44:00,20.07031197309651,in
2025-01-06T18:45:00,20.234263240814744,in
2025-01-06T18:46:00,20.326046487241214,in
2025-01-06T18:47:00,20.131851502623658,in
2025-01-06T18:48:00,20.094090007672442,in
2025-01-06T18:49:00,20.058355211552133,in
2025-01-06T18:50:00,20.173199930834297,in
2025-01-06T18:51:00,20.221164218590516,in
2025-01-06T18:52:00,20.156661223979807,in
2025-01-06T18:53:00,20.148976739762904,in
2025-01-06T18:54:00,20.07468009508242,in
2025-01-06T18:55:00,19.840957112467226,in
2025-01-06T18:56:00,20.212134066436853,in
2025-01-06T18:57:00,19.882395759150477,in
2025-01-06T18:58:00,20.165646939895627,in
2025-01-06T18:59:00,20.183785849841318,in
2025-01-06T19:00:00,19.897083531748255,in
2025-01-06T19:01:00,19.97473800358134,in
2025-01-06T19:02:00,20.38192590195225,in
2025-01-06T19:03:00,20.049615844906086,in
2025-01-06T19:04:00,19.87637649613283,in
2025-01-06T19:05:00,20.177447746330433,in
2025-01-06T19:06:00,19.93935887836867,in
2025-01-06T19:07:00,19.76516287971099,in
2025-01-06T19:08:00,20.1292253026365,in
2025-01-06T19:09:00,19.911822686615505,in
2025-01-06T19:10:00,20.095586237093496,in
2025-01-06T19:11:00,19.923634281359288,in
2025-01-06T19:12:00,20.149785427672846,in
2025-01-06T19:13:00,20.069433803721726,in
2025-01-06T19:14:00,19.651769302414493,in
2025-01-06T19:15:00,20.095731320299226,in
2025-01-06T19:16:00,19.993285933840113,in
2025-01-06T19:17:00,20.247606850877602,in
2025-01-06T19:18:00,20.092771362224468,in
2025-01-06T19:19:00,20.14534228127037,in
2025-01-06T19:20:00,19.923803373822444,in
2025-01-06T19:21:00,19.91037771926115,in
2025-01-06T19:22:00,20.023581397266454,in
2025-01-06T19:23:00,19.97191484786046,in
2025-01-06T19:24:00,20.22532467664124,in
2025-01-06T19:25:00,20.000279120255982,in
2025-01-06T19:26:00,19.838245010778607,in
2025-01-06T19:27:00,19.89656008930736,in
2025-01-06T19:28:00,20.16422152520896,in
2025-01-06T19:29:00,19.993179603586796,in
2025-01-06T19:30:00,19.984003512059914,in
2025-01-06T19:31:00,20.175018236023238,in
2025-01-06T19:32:00,19.877693218387524,in
2025-01-06T19:33:00,19.67858664132605,in
2025-01-06T19:34:00,19.88492629169333,in
2025-01-06T19:35:00,20.048200686837315,in
2025-01-06T19:36:00,19.97352948121274,in
2025-01-06T19:37:00,19.775998520485512,in
2025-01-06T19:38:00,20.161616532968377,in
2025-01-06T19:39:00,20.032914686763345,in
2025-01-06T19:40:00,20.06596280802353,in
2025-01-06T19:41:00,20.06981053397198,in
2025-01-06T19:42:00,19.81138669565626,in
2025-01-06T19:43:00,20.050931467265453,in
2025-01-06T19:44:00,20.140989966960653,in
2025-01-06T19:45:00,20.17532868807839,in
2025-01-06T19:46:00,20.111919901908212,in
2025-01-06T19:47:00,20.08018610767411,in
2025-01-06T19:48:00,19.742127740775288,in
2025-01-06T19:49:00,20.000063029113477,in
2025-01-06T19:50:00,19.85841740442082,in
2025-01-06T19:51:00,20.19386710981051,in
2025-01-06T19:52:00,20.170775269818368,in
2025-01-06T19:53:00,19.858353496718546,in
2025-01-06T19:54:00,19.993788622492985,in
2025-01-06T19:55:00,20.03775236236625,in
2025-01-06T19:56:00,20.13542329831057,in
2025-01-06T19:57:00,19.748828607371866,in
2025-01-06T19:58:00,19.668632806796012,in
2025-01-06T19:59:00,20.005741315184654,in
2025-01-06T20:00:00,19.620287476643686,in
2025-01-06T20:01:00,20.023804900030342,in
2025-01-06T20:02:00,20.08890731990907,in
2025-01-06T20:03:00,20.18558333110115,in
2025-01-06T20:04:00,19.906919371998818,in
2025-01-06T20:05:00,20.024653192760457,in
2025-01-06T20:06:00,20.098411825997935,in
2025-01-06T20:07:00,19.82457481706442,in
2025-01-06T20:08:00,20.13852051562455,in
2025-01-06T20:09:00,20.0426932763027,in
2025-01-06T20:10:00,19.91108660723041,in
2025-01-06T20:11:00,20.023510312863937,in
2025-01-06T20:12:00,19.98184075771389,in
2025-01-06T20:13:00,20.12022775142248,in
2025-01-06T20:14:00,19.949661389634226,in
2025-01-06T20:15:00,20.038345727529624,in
2025-01-06T20:16:00,19.911732156757356,in
2025-01-06T20:17:00,19.86482320399727,in
2025-01-06T20:18:00,20.031895251320222,in
2025-01-06T20:19:00,19.872353844951693,in
2025-01-06T20:20:00,20.127697647533832,in
2025-01-06T20:21:00,20.097225024677243,in
2025-01-06T20:22:00,19.894440434814058,in
2025-01-06T20:23:00,20.042130028279153,in
2025-01-06T20:24:00,19.895501224213348,in
2025-01-06T20:25:00,19.77124040268511,in
2025-01-06T20:26:00,19.923272513529767,in
2025-01-06T20:27:00,20.00631556169924,in
2025-01-06T20:28:00,20.093119005454383,in
2025-01-06T20:29:00,20.03841209021112,in
2025-01-06T20:30:00,20.153261469506614,in
2025-01-06T20:31:00,19.871093279513747,in
2025-01-06T20:32:00,19.962959104330032,in
2025-01-06T20:33:00,20.26735223162561,in
2025-01-06T20:34:00,19.73230626533354,in
2025-01-06T20:35:00,19.955483833175578,in
2025-01-06T20:36:00,19.863899226645326,in
2025-01-06T20:37:00,19.996697506241425,in
2025-01-06T20:38:00,19.96226167381012,in
2025-01-06T20:39:00,20.119211197597355,in
2025-01-06T20:40:00,20.06871259288701,in
2025-01-06T20:41:00,19.836075968920877,in
2025-01-06T20:42:00,19.94526587389523,in
2025-01-06T20:43:00,20.035081647180125,in
2025-01-06T20:44:00,20.14765276571052,in
2025-01-06T20:45:00,20.403372881895528,in
2025-01-06T20:46:00,20.145569959101653,in
2025-01-06T20:47:00,19.89003406694841,in
2025-01-06T20:48:00,20.02962801022251,in
2025-01-06T20:49:00,20.072684216329716,in
2025-01-06T20:50:00,19.969499355208605,in
2025-01-06T20:51:00,20.119854029873153,in
2025-01-06T20:52:00,19.710553307169455,in
2025-01-06T20:53:00,20.1362139262783,in
2025-01-06T20:54:00,19.983802045840072,in
2025-01-06T20:55:00,20.040860075619147,in
2025-01-06T20:56:00,20.27926698830198,in
2025-01-06T20:57:00,19.87231060424515,in
2025-01-06T20:58:00,20.10461261103436,in
2025-01-06T20:59:00,20.184996359023078,in
2025-01-06T21:00:00,20.093698816164807,in
2025-01-06T21:01:00,19.828296506514345,in
2025-01-06T21:02:00,20.275298587677952,in
2025-01-06T21:03:00,20.04338641953175,in
2025-01-06T21:04:00,19.998345480611658,in
2025-01-06T21:05:00,20.033327858899206,in
2025-01-06T21:06:00,20.02503857161277,in
2025-01-06T21:07:00,19.906330327477903,in
2025-01-06T21:08:00,20.112133075985522,in
2025-01-06T21:09:00,20.000375159898525,in
2025-01-06T21:10:00,20.19319933932602,in
2025-01-06T21:11:00,20.17284772475572,in
2025-01-06T21:12:00,20.341737379174265,in
2025-01-06T21:13:00,20.068856776090342,in
2025-01-06T21:14:00,19.98286522693088,in
2025-01-06T21:15:00,19.88567839073688,in
2025-01-06T21:16:00,20.43796435671259,in
2025-01-06T21:17:00,20.21113815869185,in
2025-01-06T21:18:00,20.010854029638672,in
2025-01-06T21:19:00,20.371621232877324,in
2025-01-06T21:20:00,20.324039116011086,in
2025-01-06T21:21:00,19.920925702786757,in
2025-01-06T21:22:00,20.013634390240608,in
2025-01-06T21:23:00,20.109880853853923,in
2025-01-06T21:24:00,19.9723263826053,in
2025-01-06T21:25:00,20.121497341997774,in
2025-01-06T21:26:00,20.24595915600192,in
2025-01-06T21:27:00,19.93639176550781,in
2025-01-06T21:28:00,20.189582373062517,in
2025-01-06T21:29:00,20.324193688279767,in
2025-01-06T21:30:00,20.212273970868004,in
2025-01-06T21:31:00,20.14425560344208,in
2025-01-06T21:32:00,20.058775029158678,in
2025-01-06T21:33:00,20.2870438605171,in
2025-01-06T21:34:00,19.989341834422543,in
2025-01-06T21:35:00,20.205795813425375,in
2025-01-06T21:36:00,20.176736444672795,in
2025-01-06T21:37:00,20.34531756677728,in
2025-01-06T21:38:00,20.09266514408658,in
2025-01-06T21:39:00,20.10905328056587,in
2025-01-06T21:40:00,20.001104695331982,in
2025-01-06T21:41:00,20.25668235028132,in
2025-01-06T21:42:00,20.131257054845438,in
2025-01-06T21:43:00,20.069292424764345,in
2025-01-06T21:44:00,20.087389467400072,in
2025-01-06T21:45:00,20.286820341404056,in
2025-01-06T21:46:00,20.04468720183749,in
2025-01-06T21:47:00,20.061917218430775,in
2025-01-06T21:48:00,20.35244116545087,in
2025-01-06T21:49:00,20.197047630654108,in
2025-01-06T21:50:00,20.369295096541205,in
2025-01-06T21:51:00,20.176121352777542,in
2025-01-06T21:52:00,20.233935929372645,in
2025-01-06T21:53:00,20.261663414379658,in
2025-01-06T21:54:00,20.45045871474809,in
2025-01-06T21:55:00,20.442427412516523,in
2025-01-06T21:56:00,20.423746141450057,in
2025-01-06T21:57:00,20.160685155364096,in
2025-01-06T21:58:00,20.11126417271272,in
2025-01-06T21:59:00,20.37772109048085,in
2025-01-06T22:00:00,20.474463147776245,in
2025-01-06T22:01:00,20.446751799409018,in
2025-01-06T22:02:00,20.27869906771696,in
2025-01-06T22:03:00,20.390358458728212,in
2025-01-06T22:04:00,20.39747354655854,in
2025-01-06T22:05:00,20.312517677361015,in
2025-01-06T22:06:00,20.323575715002363,in
2025-01-06T22:07:00,20.314024850529293,in
2025-01-06T22:08:00,20.18568932769531,in
2025-01-06T22:09:00,20.205636490958657,in
2025-01-06T22:10:00,20.207993554147784,in
2025-01-06T22:11:00,20.07803645755384,in
2025-01-06T22:12:00,20.344087853211413,in
2025-01-06T22:13:00,20.321341682378847,in
2025-01-06T22:14:00,20.446522976218223,in
2025-01-06T22:15:00,20.52616836784177,in
2025-01-06T22:16:00,20.54056900961689,in
2025-01-06T22:17:00,20.55959032049208,in
2025-01-06T22:18:00,20.238185468662614,in
2025-01-06T22:19:00,20.141912232417592,in
2025-01-06T22:20:00,20.50130744813183,in
2025-01-06T22:21:00,20.57403690540678,in
2025-01-06T22:22:00,20.605167830368927,in
2025-01-06T22:23:00,20.449601467523834,in
2025-01-06T22:24:00,20.082460419109562,in
2025-01-06T22:25:00,20.441952210980077,in
2025-01-06T22:26:00,20.47560240895197,in
2025-01-06T22:27:00,20.58530362780666,in
2025-01-06T22:28:00,20.61717328400289,in
2025-01-06T22:29:00,20.54444100543855,in
2025-01-06T22:30:00,20.325201484673148,in
2025-01-06T22:31:00,20.264253255329415,in
2025-01-06T22:32:00,20.504072665559,in
2025-01-06T22:33:00,20.310503871674673,in
2025-01-06T22:34:00,20.65605425232153,in
2025-01-06T22:35:00,20.184547193211447,in
2025-01-06T22:36:00,20.53074106894526,in
2025-01-06T22:37:00,20.499144958047,in
2025-01-06T22:38:00,20.42573583309488,in
2025-01-06T22:39:00,20.323548894707365,in
2025-01-06T22:40:00,20.158644668395578,in
2025-01-06T22:41:00,20.393820757524036,in
2025-01-06T22:42:00,20.402105591614838,in
2025-01-06T22:43:00,20.65163053005917,in
2025-01-06T22:44:00,20.373152493812434,in
2025-01-06T22:45:00,20.564235977076613,in
2025-01-06T22:46:00,20.308252587905727,in
2025-01-06T22:47:00,20.57992247898914,in
2025-01-06T22:48:00,20.17805529621751,in
2025-01-06T22:49:00,20.833858171715942,in
2025-01-06T22:50:00,20.50428519736007,in
2025-01-06T22:51:00,20.112179872468772,in
2025-01-06T22:52:00,20.429630175427672,in
2025-01-06T22:53:00,20.411908725272315,in
2025-01-06T22:54:00,20.450878538195475,in
2025-01-06T22:55:00,20.500575866510662,in
2025-01-06T22:56:00,20.46192782632386,in
2025-01-06T22:57:00,20.444934301590457,in
2025-01-06T22:58:00,20.399696658891813,in
2025-01-06T22:59:00,20.702897662343393,in
2025-01-06T23:00:00,20.765956779912344,in
2025-01-06T23:01:00,20.553784477602612,in
2025-01-06T23:02:00,20.59553597389545,in
2025-01-06T23:03:00,20.435469451287748,in
2025-01-06T23:04:00,20.621336363832466,in
2025-01-06T23:05:00,20.65146845275853,in
2025-01-06T23:06:00,20.590381057155415,in
2025-01-06T23:07:00,20.689045266012695,in
2025-01-06T23:08:00,20.682309597182655,in
2025-01-06T23:09:00,20.48427760057053,in
2025-01-06T23:10:00,20.827776711828026,in
2025-01-06T23:11:00,20.62411944615623,in
2025-01-06T23:12:00,20.913074527569833,in
2025-01-06T23:13:00,20.73129975641121,in
2025-01-06T23:14:00,20.970399873124293,in
2025-01-06T23:15:00,20.857598745195826,in
2025-01-06T23:16:00,20.72196038624011,in
2025-01-06T23:17:00,20.586014465081607,in
2025-01-06T23:18:00,20.595868782124203,in
2025-01-06T23:19:00,20.787707183461446,in
2025-01-06T23:20:00,20.735893693195557,in
2025-01-06T23:21:00,20.63276806064017,in
2025-01-06T23:22:00,20.85280255158598,in
2025-01-06T23:23:00,20.740405042428375,in
2025-01-06T23:24:00,20.867210690195428,in
2025-01-06T23:25:00,20.601832545626642,in
2025-01-06T23:26:00,20.90489147692598,in
2025-01-06T23:27:00,20.836961436782417,in
2025-01-06T23:28:00,20.948312499017963,in
2025-01-06T23:29:00,20.92218001503855,in
2025-01-06T23:30:00,20.76973413187637,in
2025-01-06T23:31:00,20.764605842817712,in
2025-01-06T23:32:00,21.063824602584543,in
2025-01-06T23:33:00,20.759765528451386,in
2025-01-06T23:34:00,20.922619481322997,in
2025-01-06T23:35:00,20.76017265444438,in
2025-01-06T23:36:00,20.5451470333944,in
2025-01-06T23:37:00,20.64739980405423,in
2025-01-06T23:38:00,20.899482221307412,in
2025-01-06T23:39:00,20.950879374866293,in
2025-01-06T23:40:00,20.914229138680927,in
2025-01-06T23:41:00,21.03189890001642,in
2025-01-06T23:42:00,20.92587654943545,in
2025-01-06T23:43:00,20.75810493865975,in
2025-01-06T23:44:00,20.97075952027957,in
2025-01-06T23:45:00,20.91430072810029,in
2025-01-06T23:46:00,20.809792328633456,in
2025-01-06T23:47:00,20.97429143618019,in
2025-01-06T23:48:00,20.922627454872554,in
2025-01-06T23:49:00,20.8273009746309,in
2025-01-06T23:50:00,20.898720917271902,in
2025-01-06T23:51:00,21.144806038500093,in
2025-01-06T23:52:00,21.147294643944033,in
2025-01-06T23:53:00,20.975793773586837,in
2025-01-06T23:54:00,20.963592944251193,in
2025-01-06T23:55:00,20.74749658558938,in
2025-01-06T23:56:00,21.227828617184834,in
2025-01-06T23:57:00,21.13286511095109,in
2025-01-06T23:58:00,21.09771600968424,in
2025-01-06T23:59:00,20.651242438345342,in
2025-01-07T00:00:00,21.006138397598363,in
2025-01-07T00:01:00,20.98849768640171,in
2025-01-07T00:02:00,21.11757519553815,in
2025-01-07T00:03:00,20.955102894974214,in
2025-01-07T00:04:00,20.995624227039297,in
2025-01-07T00:05:00,21.130934403004428,in
2025-01-07T00:06:00,20.92964572441748,in
2025-01-07T00:07:00,20.967254263118914,in
2025-01-07T00:08:00,21.090055870392362,in
2025-01-07T00:09:00,21.269543814852216,in
2025-01-07T00:10:00,21.197773234113427,in
2025-01-07T00:11:00,21.245562780105953,in
2025-01-07T00:12:00,21.101516521453192,in
2025-01-07T00:13:00,21.32406482149257,in
2025-01-07T00:14:00,20.84642701010518,in
2025-01-07T00:15:00,21.418758502322195,in
2025-01-07T00:16:00,21.44602155269885,in
2025-01-07T00:17:00,21.199601937621697,in
2025-01-07T00:18:00,21.263817201998737,in
2025-01-07T00:19:00,21.14116254059629,in
2025-01-07T00:20:00,21.1233282220576,in
2025-01-07T00:21:00,21.071049968620496,in
2025-01-07T00:22:00,21.16326171224785,in
2025-01-07T00:23:00,21.26195231611389,in
2025-01-07T00:24:00,21.24950929092291,in
2025-01-07T00:25:00,21.492497081036205,in
2025-01-07T00:26:00,21.217543044019887,in
2025-01-07T00:27:00,20.987188003029708,in
2025-01-07T00:28:00,21.465184336204963,in
2025-01-07T00:29:00,21.043434934987392,in
2025-01-07T00:30:00,21.150724496444006,in
2025-01-07T00:31:00,21.28346423649777,in
2025-01-07T00:32:00,21.313363075507663,in
2025-01-07T00:33:00,21.042069377140734,in
2025-01-07T00:34:00,21.155026711095356,in
2025-01-07T00:35:00,21.05300655424171,in
2025-01-07T00:36:00,21.376521060407775,in
2025-01-07T00:37:00,21.468924906709997,in
2025-01-07T00:38:00,21.116309530844084,in
2025-01-07T00:39:00,21.45711487880219,in
2025-01-07T00:40:00,21.455576524997362,in
2025-01-07T00:41:00,21.22530594550662,in
2025-01-07T00:42:00,21.034999426152282,in
2025-01-07T00:43:00,21.179930306595217,in
2025-01-07T00:44:00,21.25957505304937,in
2025-01-07T00:45:00,21.588371696415045,in
2025-01-07T00:46:00,21.347645300937376,in
2025-01-07T00:47:00,21.222648190633947,in
2025-01-07T00:48:00,21.40414329449289,in
2025-01-07T00:49:00,21.195969251314136,in
2025-01-07T00:50:00,21.4757394085224,in
2025-01-07T00:51:00,21.26026724115809,in
2025-01-07T00:52:00,21.290378029525936,in
2025-01-07T00:53:00,21.479931270996605,in
2025-01-07T00:54:00,21.694504363012488,in
2025-01-07T00:55:00,21.7700101059734,in
2025-01-07T00:56:00,21.29274546249906,in
2025-01-07T00:57:00,21.367628151262544,in
2025-01-07T00:58:00,21.54285309059908,in
2025-01-07T00:59:00,21.649255973330348,in
2025-01-07T01:00:00,21.157749356356796,in
2025-01-07T01:01:00,21.503896626424886,in
2025-01-07T01:02:00,21.42616854540653,in
2025-01-07T01:03:00,21.219090234087464,in
2025-01-07T01:04:00,21.315581041801806,in
2025-01-07T01:05:00,21.439462046401513,in
2025-01-07T01:06:00,21.54193152528556,in
2025-01-07T01:07:00,21.692814647194794,in
2025-01-07T01:08:00,21.603250108574567,in
2025-01-07T01:09:00,21.700736045532135,in
2025-01-07T01:10:00,21.571129422500874,in
2025-01-07T01:11:00,21.46990276364655,in
2025-01-07T01:12:00,21.55661412528389,in
2025-01-07T01:13:00,21.697044099840024,in
2025-01-07T01:14:00,21.75614845656462,in
2025-01-07T01:15:00,21.587638153301164,in
2025-01-07T01:16:00,21.479014719889456,in
2025-01-07T01:17:00,21.677300651905618,in
2025-01-07T01:18:00,21.70722609359204,in
2025-01-07T01:19:00,21.829020771960273,in
2025-01-07T01:20:00,21.55088921372219,in
2025-01-07T01:21:00,21.56113140416209,in
2025-01-07T01:22:00,21.783328817909574,in
2025-01-07T01:23:00,21.617399833140976,in
2025-01-07T01:24:00,21.619678442517667,in
2025-01-07T01:25:00,21.8838742081412,in
2025-01-07T01:26:00,21.4987303367986,in
2025-01-07T01:27:00,22.021445226983964,in
2025-01-07T01:28:00,21.629758486113698,in
2025-01-07T01:29:00,21.86030739987266,in
2025-01-07T01:30:00,21.722627666271094,in
2025-01-07T01:31:00,21.78830640445915,in
2025-01-07T01:32:00,21.71684333822543,in
2025-01-07T01:33:00,21.893411702889264,in
2025-01-07T01:34:00,21.721494991361244,in
2025-01-07T01:35:00,21.6963242795193,in
2025-01-07T01:36:00,22.062944347345187,in
2025-01-07T01:37:00,21.804031281327898,in
2025-01-07T01:38:00,21.70695416080662,in
2025-01-07T01:39:00,21.59345377418641,in
2025-01-07T01:40:00,22.105525219160082,in
2025-01-07T01:41:00,21.751594778507307,in
2025-01-07T01:42:00,22.15235754431947,in
2025-01-07T01:43:00,21.911611172321127,in
2025-01-07T01:44:00,21.881919832557106,in
2025-01-07T01:45:00,21.894670313388907,in
2025-01-07T01:46:00,22.210295561821788,in
2025-01-07T01:47:00,21.55778163946011,in
2025-01-07T01:48:00,21.927479315440234,in
2025-01-07T01:49:00,21.8642632018278,in
2025-01-07T01:50:00,21.880797217506867,in
2025-01-07T01:51:00,21.943877146303148,in
2025-01-07T01:52:00,21.89026288417058,in
2025-01-07T01:53:00,21.967142573658602,in
2025-01-07T01:54:00,21.944109484060984,in
2025-01-07T01:55:00,21.759336503203173,in
2025-01-07T01:56:00,22.022300092797057,in
2025-01-07T01:57:00,22.08122897661224,in
2025-01-07T01:58:00,21.901237086377034,in
2025-01-07T01:59:00,22.271457793164114,in
2025-01-07T02:00:00,22.20033576184961,in
2025-01-07T02:01:00,22.135319463445164,in
2025-01-07T02:02:00,22.14222618260095,in
2025-01-07T02:03:00,22.03069373403417,in
2025-01-07T02:04:00,22.20611062858473,in
2025-01-07T02:05:00,22.279242961878424,in
2025-01-07T02:06:00,22.17355749853753,in
2025-01-07T02:07:00,21.97553452514778,in
2025-01-07T02:08:00,22.063846777662004,in
2025-01-07T02:09:00,22.164570136464544,in
2025-01-07T02:10:00,22.21290051033759,in
2025-01-07T02:11:00,22.08433467486115,in
2025-01-07T02:12:00,22.01965063041982,in
2025-01-07T02:13:00,22.351016623233427,in
2025-01-07T02:14:00,21.96124912189187,in
2025-01-07T02:15:00,21.98960649511535,in
2025-01-07T02:16:00,21.94044377606304,in
2025-01-07T02:17:00,22.00668435744714,in
2025-01-07T02:18:00,22.34401992302353,in
2025-01-07T02:19:00,22.357741328501383,in
2025-01-07T02:20:00,22.163204655325533,in
2025-01-07T02:21:00,22.257450396660314,in
2025-01-07T02:22:00,22.19011581839686,in
2025-01-07T02:23:00,22.021579599331208,in
2025-01-07T02:24:00,22.54177297768647,in
2025-01-07T02:25:00,22.423944744464425,in
2025-01-07T02:26:00,22.27956933833527,in
2025-01-07T02:27:00,22.106691306556836,in
2025-01-07T02:28:00,22.20999853023482,in
2025-01-07T02:29:00,22.148534105558653,in
2025-01-07T02:30:00,22.275689720579365,in
2025-01-07T02:31:00,22.316190336737343,in
2025-01-07T02:32:00,22.227177377848573,in
2025-01-07T02:33:00,22.068823331046303,in
2025-01-07T02:34:00,22.6154276701166,in
2025-01-07T02:35:00,22.339875784404533,in
2025-01-07T02:36:00,22.381357730109627,in
2025-01-07T02:37:00,22.258123723296404,in
2025-01-07T02:38:00,22.095793544421976,in
2025-01-07T02:39:00,22.326203928063375,in
2025-01-07T02:40:00,22.298813053985814,in
2025-01-07T02:41:00,22.462317248055612,in
2025-01-07T02:42:00,22.500382686990715,in
2025-01-07T02:43:00,22.487802493973867,in
2025-01-07T02:44:00,22.52985884114066,in
2025-01-07T02:45:00,22.66073051515374,in
2025-01-07T02:46:00,22.457213629764727,in
2025-01-07T02:47:00,22.57216587540183,in
2025-01-07T02:48:00,22.489902467710877,in
2025-01-07T02:49:00,22.139350034316205,in
2025-01-07T02:50:00,22.40970118547305,in
2025-01-07T02:51:00,22.311238144007422,in
2025-01-07T02:52:00,22.484617108293374,in
2025-01-07T02:53:00,22.339749257947773,in
2025-01-07T02:54:00,22.557742861216354,in
2025-01-07T02:55:00,22.622525999373277,in
2025-01-07T02:56:00,22.664379298102354,in
2025-01-07T02:57:00,22.735195820286624,in
2025-01-07T02:58:00,22.249356395498246,in
2025-01-07T02:59:00,22.32935389116903,in
2025-01-07T03:00:00,22.956810368140008,in
2025-01-07T03:01:00,22.67749098689488,in
2025-01-07T03:02:00,22.568143947813567,in
2025-01-07T03:03:00,22.547686526276923,in
2025-01-07T03:04:00,22.542745689569752,in
2025-01-07T03:05:00,22.269596044431662,in
2025-01-07T03:06:00,22.452181323714314,in
2025-01-07T03:07:00,22.559615397092475,in
2025-01-07T03:08:00,22.47736442812641,in
2025-01-07T03:09:00,22.505312751368727,in
2025-01-07T03:10:00,22.985221312305637,in
2025-01-07T03:11:00,22.57198064182106,in
2025-01-07T03:12:00,22.659751989989907,in
2025-01-07T03:13:00,22.66270805571806,in
2025-01-07T03:14:00,22.723028237603636,in
2025-01-07T03:15:00,22.5712865157258,in
2025-01-07T03:16:00,22.83818349612011,in
2025-01-07T03:17:00,22.725915619566578,in
2025-01-07T03:18:00,22.474539062408837,in
2025-01-07T03:19:00,22.659707836122205,in
2025-01-07T03:20:00,22.658218038550565,in
2025-01-07T03:21:00,22.65950929585539,in
2025-01-07T03:22:00,22.776809282852398,in
2025-01-07T03:23:00,22.803790854372313,in
2025-01-07T03:24:00,22.794233861512698,in
2025-01-07T03:25:00,22.77571338027904,in
2025-01-07T03:26:00,22.74584810959701,in
2025-01-07T03:27:00,22.41843382440282,in
2025-01-07T03:28:00,22.86589708117254,in
2025-01-07T03:29:00,22.83055034897083,in
2025-01-07T03:30:00,22.61765267322949,in
2025-01-07T03:31:00,22.815509265033135,in
2025-01-07T03:32:00,22.878653029140576,in
2025-01-07T03:33:00,22.96517477255229,in
2025-01-07T03:34:00,22.874043354326577,in
2025-01-07T03:35:00,22.85373365073993,in
2025-01-07T03:36:00,22.955489133776712,in
2025-01-07T03:37:00,22.77545670219783,in
2025-01-07T03:38:00,22.891186968251727,in
2025-01-07T03:39:00,22.744152495944277,in
2025-01-07T03:40:00,23.01178102962459,in
2025-01-07T03:41:00,22.61168081266441,in
2025-01-07T03:42:00,22.98353276973913,in
2025-01-07T03:43:00,22.871546859086035,in
2025-01-07T03:44:00,23.0215503931871,in
2025-01-07T03:45:00,22.767495724879307,in
2025-01-07T03:46:00,22.905893163042062,in
2025-01-07T03:47:00,22.90929139553456,in
2025-01-07T03:48:00,22.973063533486666,in
2025-01-07T03:49:00,22.75861353763671,in
2025-01-07T03:50:00,23.018929489682712,in
2025-01-07T03:51:00,22.65434492143936,in
2025-01-07T03:52:00,22.83876681700417,in
2025-01-07T03:53:00,22.712229833298803,in
2025-01-07T03:54:00,23.078550430472056,in
2025-01-07T03:55:00,23.02199715446513,in
2025-01-07T03:56:00,23.038025037527483,in
2025-01-07T03:57:00,23.19822089243119,in
2025-01-07T03:58:00,22.937455869832664,in
2025-01-07T03:59:00,23.083870859562317,in
2025-01-07T04:00:00,23.009903352076474,in
2025-01-07T04:01:00,22.994612770890754,in
2025-01-07T04:02:00,23.211070600733233,in
2025-01-07T04:03:00,23.334868076664407,in
2025-01-07T04:04:00,22.96535615039059,in
2025-01-07T04:05:00,23.162604455049024,in
2025-01-07T04:06:00,23.092864666328918,in
2025-01-07T04:07:00,23.102094710671302,in
2025-01-07T04:08:00,23.09691518782143,in
2025-01-07T04:09:00,23.01726733311205,in
2025-01-07T04:10:00,22.536852132555392,in
2025-01-07T04:11:00,23.312170341425766,in
2025-01-07T04:12:00,22.985068181879186,in
2025-01-07T04:13:00,23.060352887297228,in
2025-01-07T04:14:00,23.0708300356214,in
2025-01-07T04:15:00,22.993569957051193,in
2025-01-07T04:16:00,23.15442182824083,in
2025-01-07T04:17:00,23.11896299007682,in
2025-01-07T04:18:00,23.02533207702523,in
2025-01-07T04:19:00,23.162388827690307,in
2025-01-07T04:20:00,23.142195868758336,in
2025-01-07T04:21:00,23.293466165767683,in
2025-01-07T04:22:00,22.96034849326962,in
2025-01-07T04:23:00,23.047690933141105,in
2025-01-07T04:24:00,23.28436514621055,in
2025-01-07T04:25:00,23.086657855209925,in
2025-01-07T04:26:00,23.054135234120913,in
2025-01-07T04:27:00,23.108105559990022,in
2025-01-07T04:28:00,23.188483238800686,in
2025-01-07T04:29:00,23.19601113567573,in
2025-01-07T04:30:00,23.186029092602087,in
2025-01-07T04:31:00,23.0701497878016,in
2025-01-07T04:32:00,23.34729678973935,in
2025-01-07T04:33:00,23.43712086295832,in
2025-01-07T04:34:00,22.95846497031723,in
2025-01-07T04:35:00,23.01881585175458,in
2025-01-07T04:36:00,23.409069328315915,in
2025-01-07T04:37:00,23.500880108218883,in
2025-01-07T04:38:00,22.952779594799814,in
2025-01-07T04:39:00,23.40119347915299,in
2025-01-07T04:40:00,23.53125720234039,in
2025-01-07T04:41:00,23.162886119411002,in
2025-01-07T04:42:00,23.535846270694346,in
2025-01-07T04:43:00,23.278820362793446,in
2025-01-07T04:44:00,23.359313621566983,in
2025-01-07T04:45:00,23.210806633018077,in
2025-01-07T04:46:00,23.475394375334687,in
2025-01-07T04:47:00,23.45693114964398,in
2025-01-07T04:48:00,23.596967616077183,in
2025-01-07T04:49:00,23.560824720235864,in
2025-01-07T04:50:00,23.34980790859873,in
2025-01-07T04:51:00,23.823858283343164,in
2025-01-07T04:52:00,23.56661561739605,in
2025-01-07T04:53:00,23.451443385909567,in
2025-01-07T04:54:00,23.227135991739466,in
2025-01-07T04:55:00,23.153521202180393,in
2025-01-07T04:56:00,23.172562562356497,in
2025-01-07T04:57:00,23.25553109664468,in
2025-01-07T04:58:00,23.60841392698323,in
2025-01-07T04:59:00,23.48109278591256,in
2025-01-07T05:00:00,23.32220758486782,in
2025-01-07T05:01:00,23.399990399612058,in
2025-01-07T05:02:00,23.387838937869176,in
2025-01-07T05:03:00,23.552611487427857,in
2025-01-07T05:04:00,23.306859936311927,in
2025-01-07T05:05:00,23.497180882036943,in
2025-01-07T05:06:00,23.49576160841658,in
2025-01-07T05:07:00,23.329411738241863,in
2025-01-07T05:08:00,23.700908307619894,in
2025-01-07T05:09:00,23.424309337892904,in
2025-01-07T05:10:00,23.325642154936805,in
2025-01-07T05:11:00,23.608368251901688,in
2025-01-07T05:12:00,23.494463987527983,in
2025-01-07T05:13:00,23.553378997022254,in
2025-01-07T05:14:00,23.32020947154927,in
2025-01-07T05:15:00,23.625542052704247,in
2025-01-07T05:16:00,23.835283415124227,in
2025-01-07T05:17:00,23.325704909300427,in
2025-01-07T05:18:00,23.57394325209849,in
2025-01-07T05:19:00,23.408668485262556,in
2025-01-07T05:20:00,23.935529795177576,in
2025-01-07T05:21:00,23.723628535869448,in
2025-01-07T05:22:00,23.585565268229928,in
2025-01-07T05:23:00,23.364605166783953,in
2025-01-07T05:24:00,23.4063835116975,in
2025-01-07T05:25:00,23.67171014203803,in
2025-01-07T05:26:00,23.3608424840472,in
2025-01-07T05:27:00,23.370966785050175,in
2025-01-07T05:28:00,23.577346196988625,in
2025-01-07T05:29:00,23.601391647919225,in
2025-01-07T05:30:00,23.643711391661615,in
2025-01-07T05:31:00,23.52607521039668,in
2025-01-07T05:32:00,23.735293002014252,in
2025-01-07T05:33:00,23.473235418435653,in
2025-01-07T05:34:00,23.701710374267897,in
2025-01-07T05:35:00,23.645007310335178,in
2025-01-07T05:36:00,23.70813135159417,in
2025-01-07T05:37:00,23.800447671718853,in
2025-01-07T05:38:00,23.5599311849469,in
2025-01-07T05:39:00,23.53412148055044,in
2025-01-07T05:40:00,23.385045025155243,in
2025-01-07T05:41:00,23.340443561495903,in
2025-01-07T05:42:00,23.621856253533608,in
2025-01-07T05:43:00,23.637051066123934,in
2025-01-07T05:44:00,23.495162676518504,in
2025-01-07T05:45:00,23.53227426962482,in
2025-01-07T05:46:00,23.896289722728724,in
2025-01-07T05:47:00,23.803948278740936,in
2025-01-07T05:48:00,23.4881001046826,in
2025-01-07T05:49:00,23.615725818260945,in
2025-01-07T05:50:00,23.747683295374227,in
2025-01-07T05:51:00,23.597487989753866,in
2025-01-07T05:52:00,23.574791895002036,in
2025-01-07T05:53:00,23.649967582423745,in
2025-01-07T05:54:00,23.868879461508055,in
2025-01-07T05:55:00,23.887033936723704,in
2025-01-07T05:56:00,23.604017578735377,in
2025-01-07T05:57:00,23.787895487198046,in
2025-01-07T05:58:00,23.722296557951385,in
2025-01-07T05:59:00,23.57643568653588,in
2025-01-07T06:00:00,23.687489630581368,in
2025-01-07T06:01:00,23.546762500778634,in
2025-01-07T06:02:00,23.915169677452763,in
2025-01-07T06:03:00,23.97786282054389,in
2025-01-07T06:04:00,23.687653452042678,in
2025-01-07T06:05:00,23.65609161453337,in
2025-01-07T06:06:00,23.91582339097122,in
2025-01-07T06:07:00,23.94420381755777,in
2025-01-07T06:08:00,23.59873347543397,in
2025-01-07T06:09:00,23.747768574613183,in
2025-01-07T06:10:00,23.765180908175754,in
2025-01-07T06:11:00,23.66241784192323,in
2025-01-07T06:12:00,23.83991030248985,in
2025-01-07T06:13:00,23.680966086559682,in
2025-01-07T06:14:00,23.708829611400592,in
2025-01-07T06:15:00,23.77854407359012,in
2025-01-07T06:16:00,23.57422875026453,in
2025-01-07T06:17:00,23.49292848814868,in
2025-01-07T06:18:00,23.94291142369547,in
2025-01-07T06:19:00,23.697861827541953,in
2025-01-07T06:20:00,24.13284518652705,in
2025-01-07T06:21:00,24.11206203641271,in
2025-01-07T06:22:00,23.743950748495227,in
2025-01-07T06:23:00,24.174382036491572,in
2025-01-07T06:24:00,23.967727094693338,in
2025-01-07T06:25:00,23.733825887797433,in
2025-01-07T06:26:00,23.446844187798405,in
2025-01-07T06:27:00,23.940805690937847,in
2025-01-07T06:28:00,23.845704088137055,in
2025-01-07T06:29:00,23.90910618120246,in
2025-01-07T06:30:00,23.8134336385469,in
2025-01-07T06:31:00,23.6795024684453,in
2025-01-07T06:32:00,23.790313709470396,in
2025-01-07T06:33:00,23.963614698635602,in
2025-01-07T06:34:00,23.807678830857913,in
2025-01-07T06:35:00,23.809953059964204,in
2025-01-07T06:36:00,23.639252789785754,in
2025-01-07T06:37:00,23.883950491638764,in
2025-01-07T06:38:00,23.706554587273665,in
2025-01-07T06:39:00,24.014161601799685,in
2025-01-07T06:40:00,23.76927010653729,in
2025-01-07T06:41:00,23.837996416938378,in
2025-01-07T06:42:00,24.20988051704601,in
2025-01-07T06:43:00,23.842191907380478,in
2025-01-07T06:44:00,23.82495092877867,in
2025-01-07T06:45:00,23.981703556875047,in
2025-01-07T06:46:00,23.62885804007855,in
2025-01-07T06:47:00,24.08701965067053,in
2025-01-07T06:48:00,24.051204039108647,in
2025-01-07T06:49:00,23.983459361017765,in
2025-01-07T06:50:00,23.400869277475007,in
2025-01-07T06:51:00,23.871128134143007,in
2025-01-07T06:52:00,23.72167957802527,in
2025-01-07T06:53:00,24.083758739203557,in
2025-01-07T06:54:00,24.075523632824783,in
2025-01-07T06:55:00,23.97830119224647,in
2025-01-07T06:56:00,23.742056712305633,in
2025-01-07T06:57:00,24.149054604486032,in
2025-01-07T06:58:00,23.887921735564323,in
2025-01-07T06:59:00,24.200380307692708,in
2025-01-07T07:00:00,23.971659712607533,in
2025-01-07T07:01:00,24.010113080665384,in
2025-01-07T07:02:00,23.867249623071835,in
2025-01-07T07:03:00,24.149505156080778,in
2025-01-07T07:04:00,24.031856535196034,in
2025-01-07T07:05:00,24.159117893503716,in
2025-01-07T07:06:00,23.971371020577404,in
2025-01-07T07:07:00,23.939702718032525,in
2025-01-07T07:08:00,24.03800965400529,in
2025-01-07T07:09:00,24.167065717380705,in
2025-01-07T07:10:00,24.105102160325742,in
2025-01-07T07:11:00,23.975195783998497,in
2025-01-07T07:12:00,23.677712425323428,in
2025-01-07T07:13:00,24.079648850874868,in
2025-01-07T07:14:00,23.74404368962356,in
2025-01-07T07:15:00,23.966821424229312,in
2025-01-07T07:16:00,23.94588943878974,in
2025-01-07T07:17:00,23.752235522991178,in
2025-01-07T07:18:00,24.022385278608983,in
2025-01-07T07:19:00,24.29122905632367,in
2025-01-07T07:20:00,23.922724676347425,in
2025-01-07T07:21:00,24.085994067478122,in
2025-01-07T07:22:00,24.32592467888578,in
2025-01-07T07:23:00,24.103384715971796,in
2025-01-07T07:24:00,23.878650185041618,in
2025-01-07T07:25:00,24.012275240353933,in
2025-01-07T07:26:00,24.050148754190232,in
2025-01-07T07:27:00,24.194374743630433,in
2025-01-07T07:28:00,24.16264368857885,in
2025-01-07T07:29:00,23.56624925200108,in
2025-01-07T07:30:00,23.854459039918193,in
2025-01-07T07:31:00,23.973505890967388,in
2025-01-07T07:32:00,23.832799243901988,in
2025-01-07T07:33:00,23.431123180046256,in
2025-01-07T07:34:00,23.87830093819057,in
2025-01-07T07:35:00,23.98757108532149,in
2025-01-07T07:36:00,23.91025108831483,in
2025-01-07T07:37:00,23.840395548240373,in
2025-01-07T07:38:00,23.99701209045208,in
2025-01-07T07:39:00,24.04307308143714,in
2025-01-07T07:40:00,23.92209982908867,in
2025-01-07T07:41:00,24.19889257836657,in
2025-01-07T07:42:00,24.00249182984818,in
2025-01-07T07:43:00,23.86377331975374,in
2025-01-07T07:44:00,23.826447502167174,in
2025-01-07T07:45:00,23.963772375988405,in
2025-01-07T07:46:00,24.163282694874354,in
2025-01-07T07:47:00,23.873230034743226,in
2025-01-07T07:48:00,24.086640992108652,in
2025-01-07T07:49:00,24.01188030947205,in
2025-01-07T07:50:00,24.297081388589415,in
2025-01-07T07:51:00,24.05699579203053,in
2025-01-07T07:52:00,23.894047718124312,in
2025-01-07T07:53:00,24.10952261098813,in
2025-01-07T07:54:00,24.114817948585507,in
2025-01-07T07:55:00,23.939972402315444,in
2025-01-07T07:56:00,23.825096034663282,in
2025-01-07T07:57:00,24.080233933832,in
2025-01-07T07:58:00,24.009451122643092,in
2025-01-07T07:59:00,23.772498447680835,in
2025-01-07T08:00:00,24.03817814984859,in
2025-01-07T08:01:00,23.904432026738288,in
2025-01-07T08:02:00,23.77258353984897,in
2025-01-07T08:03:00,23.947011203639768,in
2025-01-07T08:04:00,24.192133200443813,in
2025-01-07T08:05:00,24.180733279173026,in
2025-01-07T08:06:00,24.141327465252218,in
2025-01-07T08:07:00,24.039452115187242,in
2025-01-07T08:08:00,24.088151234541456,in
2025-01-07T08:09:00,24.01325475970315,in
2025-01-07T08:10:00,23.832338819231545,in
2025-01-07T08:11:00,23.861871488142036,in
2025-01-07T08:12:00,23.906181930675494,in
2025-01-07T08:13:00,24.206987202610147,in
2025-01-07T08:14:00,24.157773206511802,in
2025-01-07T08:15:00,23.833736211978184,in
2025-01-07T08:16:00,24.003136767832082,in
2025-01-07T08:17:00,23.934109298786062,in
2025-01-07T08:18:00,23.970569586571152,in
2025-01-07T08:19:00,23.912724582152688,in
2025-01-07T08:20:00,24.20324313960443,in
2025-01-07T08:21:00,23.98877387461828,in
2025-01-07T08:22:00,24.023215917424547,in
2025-01-07T08:23:00,24.023575767421825,in
2025-01-07T08:24:00,23.834878264492392,in
2025-01-07T08:25:00,24.00439573112072,in
2025-01-07T08:26:00,24.1464912346212,in
2025-01-07T08:27:00,24.207040561731958,in
2025-01-07T08:28:00,23.81292005812473,in
2025-01-07T08:29:00,23.756219713751122,in
2025-01-07T08:30:00,23.99220990975385,in
2025-01-07T08:31:00,24.14810993113402,in
2025-01-07T08:32:00,24.034475605625694,in
2025-01-07T08:33:00,24.08134718505131,in
2025-01-07T08:34:00,23.773994373587858,in
2025-01-07T08:35:00,23.89092489829502,in
2025-01-07T08:36:00,23.645959835321342,in
2025-01-07T08:37:00,23.95261952573357,in
2025-01-07T08:38:00,23.647938286947976,in
2025-01-07T08:39:00,24.17101137339223,in
2025-01-07T08:40:00,24.202838726210757,in
2025-01-07T08:41:00,23.98917791910185,in
2025-01-07T08:42:00,23.739623848976223,in
2025-01-07T08:43:00,24.021257693537997,in
2025-01-07T08:44:00,24.242124250664467,in
2025-01-07T08:45:00,24.0329308857595,in
2025-01-07T08:46:00,24.137597007815298,in
2025-01-07T08:47:00,23.885316148214734,in
2025-01-07T08:48:00,23.825613694292606,in
2025-01-07T08:49:00,23.943832911550963,in
2025-01-07T08:50:00,23.66358621099876,in
2025-01-07T08:51:00,24.29029792521412,in
2025-01-07T08:52:00,23.969687636542545,in
2025-01-07T08:53:00,24.07677446007595,in
2025-01-07T08:54:00,23.87551356153592,in
2025-01-07T08:55:00,23.711221184147778,in
2025-01-07T08:56:00,24.154463677154123,in
2025-01-07T08:57:00,23.769846777222014,in
2025-01-07T08:58:00,23.988621095291602,in
2025-01-07T08:59:00,24.000554599525803,in
2025-01-07T09:00:00,23.94294434812997,in
2025-01-07T09:01:00,23.811887012230297,in
2025-01-07T09:02:00,23.904816070863316,in
2025-01-07T09:03:00,23.78240284900094,in
2025-01-07T09:04:00,24.043900045760477,in
2025-01-07T09:05:00,24.00583174789659,in
2025-01-07T09:06:00,23.914429104771703,in
2025-01-07T09:07:00,23.829890000855375,in
2025-01-07T09:08:00,24.228707196893374,in
2025-01-07T09:09:00,23.714730290991373,in
2025-01-07T09:10:00,23.675741936967327,in
2025-01-07T09:11:00,23.89249070219235,in
2025-01-07T09:12:00,23.863405933604675,in
2025-01-07T09:13:00,24.064035620616913,in
2025-01-07T09:14:00,23.993564778654402,in
2025-01-07T09:15:00,23.89828909703752,in
2025-01-07T09:16:00,23.966087818621556,in
2025-01-07T09:17:00,23.960502903023016,in
2025-01-07T09:18:00,24.20081649021165,in
2025-01-07T09:19:00,23.920356539087056,in
2025-01-07T09:20:00,23.777223671669894,in
2025-01-07T09:21:00,23.9061578368192,in
2025-01-07T09:22:00,23.48054246650626,in
2025-01-07T09:23:00,23.865373288158974,in
2025-01-07T09:24:00,24.031108223660304,in
2025-01-07T09:25:00,23.954343356396162,in
2025-01-07T09:26:00,23.905618542510904,in
2025-01-07T09:27:00,23.955004979079426,in
2025-01-07T09:28:00,24.019856190865234,in
2025-01-07T09:29:00,24.064866019129862,in
2025-01-07T09:30:00,23.914877450065994,in
2025-01-07T09:31:00,23.796985228164,in
2025-01-07T09:32:00,23.493981408320913,in
2025-01-07T09:33:00,23.984308434348954,in
2025-01-07T09:34:00,23.911400525810834,in
2025-01-07T09:35:00,23.85352188136627,in
2025-01-07T09:36:00,23.723883191006067,in
2025-01-07T09:37:00,23.968296887655264,in
2025-01-07T09:38:00,23.78133707787887,in
2025-01-07T09:39:00,23.81112303099327,in
2025-01-07T09:40:00,23.804217285698066,in
2025-01-07T09:41:00,23.87638804863356,in
2025-01-07T09:42:00,23.632875767045203,in
2025-01-07T09:43:00,23.88577925793128,in
2025-01-07T09:44:00,23.68945483907713,in
2025-01-07T09:45:00,23.690874927030503,in
2025-01-07T09:46:00,23.92265473033772,in
2025-01-07T09:47:00,23.636703617657943,in
2025-01-07T09:48:00,23.91452940852831,in
2025-01-07T09:49:00,23.79323929167781,in
2025-01-07T09:50:00,23.526780154025936,in
2025-01-07T09:51:00,23.974646652673062,in
2025-01-07T09:52:00,23.81243324480738,in
2025-01-07T09:53:00,23.820900356294253,in
2025-01-07T09:54:00,23.908720571911644,in
2025-01-07T09:55:00,23.97833662309921,in
2025-01-07T09:56:00,23.779393448711208,in
2025-01-07T09:57:00,23.837585112520006,in
2025-01-07T09:58:00,23.79638928147242,in
2025-01-07T09:59:00,23.684967472973035,in
2025-01-07T10:00:00,23.49453536213461,in
2025-01-07T10:01:00,23.759909319274424,in
2025-01-07T10:02:00,23.93009899547974,in
2025-01-07T10:03:00,23.806312767506554,in
2025-01-07T10:04:00,23.55422112275776,in
2025-01-07T10:05:00,23.87445196719263,in
2025-01-07T10:06:00,23.658859850929733,in
2025-01-07T10:07:00,23.386900569116875,in
2025-01-07T10:08:00,23.84878176459023,in
2025-01-07T10:09:00,23.549648549793986,in
2025-01-07T10:10:00,23.95389214759346,in
2025-01-07T10:11:00,23.8542440360184,in
2025-01-07T10:12:00,23.64317124484138,in
2025-01-07T10:13:00,23.74147628855869,in
2025-01-07T10:14:00,24.031359428982608,in
2025-01-07T10:15:00,23.812940280280642,in
2025-01-07T10:16:00,23.693805148827774,in
2025-01-07T10:17:00,24.086552597385317,in
2025-01-07T10:18:00,23.665889528887504,in
2025-01-07T10:19:00,23.73056609871615,in
2025-01-07T10:20:00,23.49787211021909,in
2025-01-07T10:21:00,23.38207528048413,in
2025-01-07T10:22:00,23.585060692920393,in
2025-01-07T10:23:00,23.628909176585307,in
2025-01-07T10:24:00,23.66742352641138,in
2025-01-07T10:25:00,23.39992355151883,in
2025-01-07T10:26:00,23.70681486955213,in
2025-01-07T10:27:00,23.477949796775572,in
2025-01-07T10:28:00,23.68858117400375,in
2025-01-07T10:29:00,23.732242977495794,in
2025-01-07T10:30:00,23.527380317074577,in
2025-01-07T10:31:00,23.436806307647544,in
2025-01-07T10:32:00,23.807568904820997,in
2025-01-07T10:33:00,23.701570675906375,in
2025-01-07T10:34:00,23.588012763781943,in
2025-01-07T10:35:00,23.780033130737745,in
2025-01-07T10:36:00,23.566781181510276,in
2025-01-07T10:37:00,23.455709206635177,in
2025-01-07T10:38:00,23.392993857119528,in
2025-01-07T10:39:00,23.521513793843877,in
2025-01-07T10:40:00,23.647846957935197,in
2025-01-07T10:41:00,23.734928821831232,in
2025-01-07T10:42:00,23.524338463605233,in
2025-01-07T10:43:00,23.69709870795845,in
2025-01-07T10:44:00,23.477278745720245,in
2025-01-07T10:45:00,23.38643991215958,in
2025-01-07T10:46:00,23.30196445650795,in
2025-01-07T10:47:00,23.416178755772123,in
2025-01-07T10:48:00,23.295991036837343,in
2025-01-07T10:49:00,23.781862999652198,in
2025-01-07T10:50:00,23.540449137566654,in
2025-01-07T10:51:00,23.454302791496723,in
2025-01-07T10:52:00,23.721007667590175,in
2025-01-07T10:53:00,23.261401834419075,in
2025-01-07T10:54:00,23.43017731664021,in
2025-01-07T10:55:00,23.744678992934798,in
2025-01-07T10:56:00,23.417073524668606,in
2025-01-07T10:57:00,23.799625953609993,in
2025-01-07T10:58:00,23.5443416242246,in
2025-01-07T10:59:00,23.61625963754141,in
2025-01-07T11:00:00,23.61444778589133,in
2025-01-07T11:01:00,23.408269817949144,in
2025-01-07T11:02:00,23.328586778910367,in
2025-01-07T11:03:00,23.378264871701298,in
2025-01-07T11:04:00,23.24127686542095,in
2025-01-07T11:05:00,23.373131679080068,in
2025-01-07T11:06:00,23.37604824400076,in
2025-01-07T11:07:00,23.623751229950607,in
2025-01-07T11:08:00,23.452988076734126,in
2025-01-07T11:09:00,23.71199412473392,in
2025-01-07T11:10:00,23.027248800584733,in
2025-01-07T11:11:00,23.16217705986485,in
2025-01-07T11:12:00,23.284959413567915,in
2025-01-07T11:13:00,23.5556375016038,in
2025-01-07T11:14:00,23.308803516388974,in
2025-01-07T11:15:00,23.09851760485245,in
2025-01-07T11:16:00,23.27534939255867,in
2025-01-07T11:17:00,23.125879766262205,in
2025-01-07T11:18:00,23.089852231437906,in
2025-01-07T11:19:00,23.592072131934017,in
2025-01-07T11:20:00,23.23283388937099,in
2025-01-07T11:21:00,23.30485093338155,in
2025-01-07T11:22:00,23.25821298848032,in
2025-01-07T11:23:00,23.227686313433768,in
2025-01-07T11:24:00,23.132541627256533,in
2025-01-07T11:25:00,23.20525175374237,in
2025-01-07T11:26:00,23.295614595053863,in
2025-01-07T11:27:00,23.45098319542926,in
2025-01-07T11:28:00,23.373438296134427,in
2025-01-07T11:29:00,23.041574525450635,in
2025-01-07T11:30:00,23.365802720752942,in
2025-01-07T11:31:00,23.281903677814903,in
2025-01-07T11:32:00,23.10992189621208,in
2025-01-07T11:33:00,23.22396376556931,in
2025-01-07T11:34:00,23.27548865105017,in
2025-01-07T11:35:00,23.1896772389006,in
2025-01-07T11:36:00,23.24760700470846,in
2025-01-07T11:37:00,23.039056678736298,in
2025-01-07T11:38:00,23.460330718058856,in
2025-01-07T11:39:00,22.864897670727732,in
2025-01-07T11:40:00,23.233830556201312,in
2025-01-07T11:41:00,23.195008044644165,in
2025-01-07T11:42:00,23.229253982867434,in
2025-01-07T11:43:00,23.019354302642906,in
2025-01-07T11:44:00,23.293765361191458,in
2025-01-07T11:45:00,23.09494336378746,in
2025-01-07T11:46:00,22.925941729763633,in
2025-01-07T11:47:00,22.932364900798436,in
2025-01-07T11:48:00,23.107983830355693,in
2025-01-07T11:49:00,22.842470714216763,in
2025-01-07T11:50:00,23.344675114210013,in
2025-01-07T11:51:00,23.224567223912615,in
2025-01-07T11:52:00,23.333865176594056,in
2025-01-07T11:53:00,23.310641370670083,in
2025-01-07T11:54:00,22.992211159711665,in
2025-01-07T11:55:00,22.907147096923524,in
2025-01-07T11:56:00,22.628410247495488,in
2025-01-07T11:57:00,22.961651053420166,in
2025-01-07T11:58:00,23.279924654296803,in
2025-01-07T11:59:00,22.883370355466475,in
2025-01-07T12:00:00,22.968511850770437,in
2025-01-07T12:01:00,22.909247469987985,in
2025-01-07T12:02:00,23.04109639324809,in
2025-01-07T12:03:00,23.170155185626054,in
2025-01-07T12:04:00,22.738737647865506,in
2025-01-07T12:05:00,22.759811140594195,in
2025-01-07T12:06:00,23.17731052641038,in
2025-01-07T12:07:00,23.056599365537462,in
2025-01-07T12:08:00,22.900036041369518,in
2025-01-07T12:09:00,23.18729145493919,in
2025-01-07T12:10:00,22.718742893511585,in
2025-01-07T12:11:00,23.05542985391257,in
2025-01-07T12:12:00,22.897745283149494,in
2025-01-07T12:13:00,22.991178457476803,in
2025-01-07T12:14:00,22.534322809400827,in
2025-01-07T12:15:00,22.845471876453846,in
2025-01-07T12:16:00,22.98726180098362,in
2025-01-07T12:17:00,22.859390982049618,in
2025-01-07T12:18:00,23.049316859536727,in
2025-01-07T12:19:00,23.03640823087404,in
2025-01-07T12:20:00,22.701451979698316,in
2025-01-07T12:21:00,22.960918372774913,in
2025-01-07T12:22:00,22.68048708672824,in
2025-01-07T12:23:00,22.82954002140017,in
2025-01-07T12:24:00,22.911892523547746,in
2025-01-07T12:25:00,22.68020094002839,in
2025-01-07T12:26:00,22.915537065685147,in
2025-01-07T12:27:00,22.71368435084576,in
2025-01-07T12:28:00,22.694357627866705,in
2025-01-07T12:29:00,22.879419570804608,in
2025-01-07T12:30:00,22.639970923177675,in
2025-01-07T12:31:00,22.624271914300408,in
2025-01-07T12:32:00,22.90538659283634,in
2025-01-07T12:33:00,22.757398447808416,in
2025-01-07T12:34:00,22.514884529153104,in
2025-01-07T12:35:00,22.853222283325636,in
2025-01-07T12:36:00,22.655745714254085,in
2025-01-07T12:37:00,22.498130075061212,in
2025-01-07T12:38:00,22.324317510844686,in
2025-01-07T12:39:00,22.82774625870986,in
2025-01-07T12:40:00,22.55505257673461,in
2025-01-07T12:41:00,22.489256720311886,in
2025-01-07T12:42:00,22.76352414302545,in
2025-01-07T12:43:00,22.78025002997191,in
2025-01-07T12:44:00,22.53307085912512,in
2025-01-07T12:45:00,22.779775029547224,in
2025-01-07T12:46:00,22.942843250977155,in
2025-01-07T12:47:00,22.828327103613166,in
2025-01-07T12:48:00,22.796692553029438,in
2025-01-07T12:49:00,22.6568479663759,in
2025-01-07T12:50:00,22.53485386817922,in
2025-01-07T12:51:00,22.584700242016638,in
2025-01-07T12:52:00,22.650854649994898,in
2025-01-07T12:53:00,22.387765742469952,in
2025-01-07T12:54:00,22.452623403266884,in
2025-01-07T12:55:00,22.3454955066146,in
2025-01-07T12:56:00,22.586552704977713,in
2025-01-07T12:57:00,22.55533898808948,in
2025-01-07T12:58:00,22.436570452336223,in
2025-01-07T12:59:00,22.64913730972291,in
2025-01-07T13:00:00,22.360948035315793,in
2025-01-07T13:01:00,22.405728685384464,in
2025-01-07T13:02:00,22.61783898084577,in
2025-01-07T13:03:00,22.631628953076916,in
2025-01-07T13:04:00,22.364484860793016,in
2025-01-07T13:05:00,22.51017817536384,in
2025-01-07T13:06:00,22.350069641594963,in
2025-01-07T13:07:00,22.428799851808236,in
2025-01-07T13:08:00,22.47147771781047,in
2025-01-07T13:09:00,22.525449799865395,in
2025-01-07T13:10:00,22.480513079900174,in
2025-01-07T13:11:00,22.46532969539393,in
2025-01-07T13:12:00,22.254048631069466,in
2025-01-07T13:13:00,22.465524998176488,in
2025-01-07T13:14:00,22.481395671513848,in
2025-01-07T13:15:00,22.493520823545335,in
2025-01-07T13:16:00,22.273689963832464,in
2025-01-07T13:17:00,22.510385914505015,in
2025-01-07T13:18:00,22.166885821717777,in
2025-01-07T13:19:00,22.29126436784108,in
2025-01-07T13:20:00,22.305968492989738,in
2025-01-07T13:21:00,22.149337648322554,in
2025-01-07T13:22:00,22.286488559995636,in
2025-01-07T13:23:00,22.354707268359373,in
2025-01-07T13:24:00,22.03900310280546,in
2025-01-07T13:25:00,22.245043514814217,in
2025-01-07T13:26:00,22.033358682419735,in
2025-01-07T13:27:00,22.59321606162991,in
2025-01-07T13:28:00,22.310219884460235,in
2025-01-07T13:29:00,22.288576253122105,in
2025-01-07T13:30:00,22.29586339618898,in
2025-01-07T13:31:00,22.343076032861788,in
2025-01-07T13:32:00,22.390461914285474,in
2025-01-07T13:33:00,22.000541705593477,in
2025-01-07T13:34:00,22.422933067149827,in
2025-01-07T13:35:00,22.404607543806517,in
2025-01-07T13:36:00,22.199104934906686,in
2025-01-07T13:37:00,22.182566819621684,in
2025-01-07T13:38:00,21.726277385546844,in
2025-01-07T13:39:00,21.996404562996574,in
2025-01-07T13:40:00,22.252138876934797,in
2025-01-07T13:41:00,22.3457090349709,in
2025-01-07T13:42:00,22.266243729773215,in
2025-01-07T13:43:00,22.13685972052406,in
2025-01-07T13:44:00,22.42839385257352,in
2025-01-07T13:45:00,22.281582591915356,in
2025-01-07T13:46:00,22.06302311625798,in
2025-01-07T13:47:00,22.440702172919764,in
2025-01-07T13:48:00,21.940246827279907,in
2025-01-07T13:49:00,21.87518022396208,in
2025-01-07T13:50:00,22.02407296666209,in
2025-01-07T13:51:00,21.964723604815056,in
2025-01-07T13:52:00,22.015059251231975,in
2025-01-07T13:53:00,22.180790630879816,in
2025-01-07T13:54:00,22.047256960875046,in
2025-01-07T13:55:00,22.042385254926156,in
2025-01-07T13:56:00,22.043727035305903,in
2025-01-07T13:57:00,21.67933036719647,in
2025-01-07T13:58:00,21.79016399480904,in
2025-01-07T13:59:00,21.95092992875509,in
2025-01-07T14:00:00,21.87356067979785,in
2025-01-07T14:01:00,21.9565052583586,in
2025-01-07T14:02:00,22.193166185944474,in
2025-01-07T14:03:00,21.962653384248338,in
2025-01-07T14:04:00,21.76676995446699,in
2025-01-07T14:05:00,21.83740526184118,in
2025-01-07T14:06:00,22.204232489733098,in
2025-01-07T14:07:00,22.16879706929921,in
2025-01-07T14:08:00,22.01958262194233,in
2025-01-07T14:09:00,21.687107907877564,in
2025-01-07T14:10:00,21.958781965534946,in
2025-01-07T14:11:00,21.96159830782993,in
2025-01-07T14:12:00,21.89915911877266,in
2025-01-07T14:13:00,21.80111276653185,in
2025-01-07T14:14:00,21.82350826434983,in
2025-01-07T14:15:00,21.77323650546166,in
2025-01-07T14:16:00,21.6887259587579,in
2025-01-07T14:17:00,22.056681194929443,in
2025-01-07T14:18:00,21.975428877798766,in
2025-01-07T14:19:00,21.791644168588096,in
2025-01-07T14:20:00,21.878515260759848,in
2025-01-07T14:21:00,21.875451896231777,in
2025-01-07T14:22:00,22.15974102867096,in
2025-01-07T14:23:00,21.930509178913212,in
2025-01-07T14:24:00,21.916158516273917,in
2025-01-07T14:25:00,21.78796340225648,in
2025-01-07T14:26:00,21.708429978702668,in
2025-01-07T14:27:00,21.972331742983574,in
2025-01-07T14:28:00,21.85410213082464,in
2025-01-07T14:29:00,21.623170768620184,in
2025-01-07T14:30:00,21.807027598710874,in
2025-01-07T14:31:00,21.855906052715675,in
2025-01-07T14:32:00,21.407279154635937,in
2025-01-07T14:33:00,21.57465673712994,in
2025-01-07T14:34:00,21.758795901646774,in
2025-01-07T14:35:00,21.407084032045862,in
2025-01-07T14:36:00,21.422211395036754,in
2025-01-07T14:37:00,21.637945607733215,in
2025-01-07T14:38:00,21.743636427142892,in
2025-01-07T14:39:00,21.741968548337123,in
2025-01-07T14:40:00,21.89006357756986,in
2025-01-07T14:41:00,21.656452492235744,in
2025-01-07T14:42:00,21.57963102099663,in
2025-01-07T14:43:00,21.430847990059245,in
2025-01-07T14:44:00,21.560687866782853,in
2025-01-07T14:45:00,21.71594875216725,in
2025-01-07T14:46:00,21.714172461688687,in
2025-01-07T14:47:00,21.632409348728928,in
2025-01-07T14:48:00,21.666243858658696,in
2025-01-07T14:49:00,21.767102189548304,in
2025-01-07T14:50:00,21.578411548591795,in
2025-01-07T14:51:00,21.763702955619536,in
2025-01-07T14:52:00,21.441100865417372,in
2025-01-07T14:53:00,21.5306055614741,in
2025-01-07T14:54:00,21.460984287809126,in
2025-01-07T14:55:00,21.643533985108505,in
2025-01-07T14:56:00,21.363983541811944,in
2025-01-07T14:57:00,21.4594285926165,in
2025-01-07T14:58:00,21.22028851826773,in
2025-01-07T14:59:00,21.57995251642443,in
2025-01-07T15:00:00,21.66938045115379,in
2025-01-07T15:01:00,21.610543763779074,in
2025-01-07T15:02:00,21.58741738986396,in
2025-01-07T15:03:00,21.583029159666847,in
2025-01-07T15:04:00,21.553679362631478,in
2025-01-07T15:05:00,21.53250131531393,in
2025-01-07T15:06:00,21.533806329236448,in
2025-01-07T15:07:00,21.325255144245684,in
2025-01-07T15:08:00,21.385227574026548,in
2025-01-07T15:09:00,21.417453339155145,in
2025-01-07T15:10:00,21.348232630186537,in
2025-01-07T15:11:00,21.155324956538763,in
2025-01-07T15:12:00,21.19671466321602,in
2025-01-07T15:13:00,21.408168804286028,in
2025-01-07T15:14:00,21.501257073498106,in
2025-01-07T15:15:00,21.358522355767636,in
2025-01-07T15:16:00,21.763586970363818,in
2025-01-07T15:17:00,21.202654344951135,in
2025-01-07T15:18:00,21.399127602842313,in
2025-01-07T15:19:00,21.51784695559076,in
2025-01-07T15:20:00,21.47581128152351,in
2025-01-07T15:21:00,21.406025915111215,in
2025-01-07T15:22:00,21.460123333557387,in
2025-01-07T15:23:00,21.299727076153232,in
2025-01-07T15:24:00,21.53269636263249,in
2025-01-07T15:25:00,21.467597789385742,in
2025-01-07T15:26:00,21.139163406444826,in
2025-01-07T15:27:00,21.30712031562549,in
2025-01-07T15:28:00,21.01869231873915,in
2025-01-07T15:29:00,21.47097111128049,in
2025-01-07T15:30:00,21.268267851424582,in
2025-01-07T15:31:00,21.428894003336406,in
2025-01-07T15:32:00,21.202134117306286,in
2025-01-07T15:33:00,20.932072162416677,in
2025-01-07T15:34:00,21.59810699331001,in
2025-01-07T15:35:00,21.214169902360617,in
2025-01-07T15:36:00,21.036495420338134,in
2025-01-07T15:37:00,21.35042663803168,in
2025-01-07T15:38:00,21.47599210687417,in
2025-01-07T15:39:00,21.132314798756596,in
2025-01-07T15:40:00,21.139877114909556,in
2025-01-07T15:41:00,21.18256945540382,in
2025-01-07T15:42:00,20.972332211650592,in
2025-01-07T15:43:00,21.027509367753968,in
2025-01-07T15:44:00,21.390546586076606,in
2025-01-07T15:45:00,21.095591653877076,in
2025-01-07T15:46:00,20.98197082707661,in
2025-01-07T15:47:00,21.031996833470643,in
2025-01-07T15:48:00,21.25294255362043,in
2025-01-07T15:49:00,20.787867636997348,in
2025-01-07T15:50:00,21.114700258133013,in
2025-01-07T15:51:00,21.438103771106146,in
2025-01-07T15:52:00,21.365716268521574,in
2025-01-07T15:53:00,21.139341082753113,in
2025-01-07T15:54:00,21.24314887098738,in
2025-01-07T15:55:00,21.234046404880676,in
2025-01-07T15:56:00,21.011502958983968,in
2025-01-07T15:57:00,21.161476587510744,in
2025-01-07T15:58:00,21.283440332611175,in
2025-01-07T15:59:00,20.81800265618097,in
2025-01-07T16:00:00,21.086497631622244,in
2025-01-07T16:01:00,21.046673363122235,in
2025-01-07T16:02:00,21.000397946824723,in
2025-01-07T16:03:00,20.979608823695703,in
2025-01-07T16:04:00,21.004674346059456,in
2025-01-07T16:05:00,21.00978931335638,in
2025-01-07T16:06:00,21.12279516449759,in
2025-01-07T16:07:00,21.019049352180346,in
2025-01-07T16:08:00,20.91347998233214,in
2025-01-07T16:09:00,20.80678274954513,in
2025-01-07T16:10:00,20.854534405632304,in
2025-01-07T16:11:00,20.95722597269587,in
2025-01-07T16:12:00,20.804811319287598,in
2025-01-07T16:13:00,21.045295104267367,in
2025-01-07T16:14:00,20.960634300476812,in
2025-01-07T16:15:00,21.06038864696935,in
2025-01-07T16:16:00,20.785791309913453,in
2025-01-07T16:17:00,20.749729994912624,in
2025-01-07T16:18:00,21.037596110090494,in
2025-01-07T16:19:00,20.879499568307537,in
2025-01-07T16:20:00,20.82246955796263,in
2025-01-07T16:21:00,20.9505086942734,in
2025-01-07T16:22:00,20.937811474374985,in
2025-01-07T16:23:00,20.643136108215142,in
2025-01-07T16:24:00,21.03212626387797,in
2025-01-07T16:25:00,20.75581966176053,in
2025-01-07T16:26:00,21.065357133658605,in
2025-01-07T16:27:00,20.60331850682413,in
2025-01-07T16:28:00,20.843979786067948,in
2025-01-07T16:29:00,20.76156884377345,in
2025-01-07T16:30:00,20.48619194051744,in
2025-01-07T16:31:00,20.874296636638856,in
2025-01-07T16:32:00,20.480086495336938,in
2025-01-07T16:33:00,20.71806207223528,in
2025-01-07T16:34:00,20.920612048382193,in
2025-01-07T16:35:00,20.668647659037628,in
2025-01-07T16:36:00,20.605799095173,in
2025-01-07T16:37:00,20.85464281345927,in
2025-01-07T16:38:00,20.690415851865062,in
2025-01-07T16:39:00,20.660363041835357,in
2025-01-07T16:40:00,20.90567365220232,in
2025-01-07T16:41:00,20.532660230440893,in
2025-01-07T16:42:00,20.632162815019075,in
2025-01-07T16:43:00,20.824447546735026,in
2025-01-07T16:44:00,20.503089838692564,in
2025-01-07T16:45:00,20.947610443760293,in
2025-01-07T16:46:00,20.642232780808513,in
2025-01-07T16:47:00,20.799415775210186,in
2025-01-07T16:48:00,20.792604063985667,in
2025-01-07T16:49:00,20.6324231965363,in
2025-01-07T16:50:00,20.576967767991697,in
2025-01-07T16:51:00,20.635953824640985,in
2025-01-07T16:52:00,20.74290591699857,in
2025-01-07T16:53:00,20.48167029275316,in
2025-01-07T16:54:00,20.44280206030283,in
2025-01-07T16:55:00,20.83960429669851,in
2025-01-07T16:56:00,20.500454998517075,in
2025-01-07T16:57:00,20.657531662620904,in
2025-01-07T16:58:00,20.567850840065436,in
2025-01-07T16:59:00,20.56829070940455,in
2025-01-07T17:00:00,20.800344895835053,in
2025-01-07T17:01:00,20.566853870589803,in
2025-01-07T17:02:00,20.519975182458953,in
2025-01-07T17:03:00,20.526938767709456,in
2025-01-07T17:04:00,20.48580163646108,in
2025-01-07T17:05:00,20.45475847198674,in
2025-01-07T17:06:00,20.474334228538048,in
2025-01-07T17:07:00,20.792739577168497,in
2025-01-07T17:08:00,20.644015920820728,in
2025-01-07T17:09:00,20.479575498799683,in
2025-01-07T17:10:00,20.672693671572578,in
2025-01-07T17:11:00,20.281484674818234,in
2025-01-07T17:12:00,20.72006210180256,in
2025-01-07T17:13:00,20.70215861535064,in
2025-01-07T17:14:00,20.837538660525542,in
2025-01-07T17:15:00,20.64805310090385,in
2025-01-07T17:16:00,20.55616602113424,in
2025-01-07T17:17:00,20.678541088962128,in
2025-01-07T17:18:00,20.385316654093902,in
2025-01-07T17:19:00,20.414222586679625,in
2025-01-07T17:20:00,20.45827439099403,in
2025-01-07T17:21:00,20.66764856548814,in
2025-01-07T17:22:00,20.328369080307226,in
2025-01-07T17:23:00,20.30690545720018,in
2025-01-07T17:24:00,20.481188788817114,in
2025-01-07T17:25:00,20.547860608375615,in
2025-01-07T17:26:00,20.32932159990416,in
2025-01-07T17:27:00,20.529928831154308,in
2025-01-07T17:28:00,20.629238394094124,in
2025-01-07T17:29:00,20.598690106534846,in
2025-01-07T17:30:00,20.46628723469677,in
2025-01-07T17:31:00,20.394406332597413,in
2025-01-07T17:32:00,20.66307252525253,in
2025-01-07T17:33:00,20.399802973791598,in
2025-01-07T17:34:00,20.533339471707848,in
2025-01-07T17:35:00,20.68085301334287,in
2025-01-07T17:36:00,20.507256223194595,in
2025-01-07T17:37:00,20.22728835113392,in
2025-01-07T17:38:00,20.185915546091127,in
2025-01-07T17:39:00,20.322072476667184,in
2025-01-07T17:40:00,20.468120779940755,in
2025-01-07T17:41:00,20.42342400414228,in
2025-01-07T17:42:00,20.682809932575523,in
2025-01-07T17:43:00,20.412078944909837,in
2025-01-07T17:44:00,20.292808672377323,in
2025-01-07T17:45:00,20.167059459928428,in
2025-01-07T17:46:00,20.509293962550263,in
2025-01-07T17:47:00,20.326518503923243,in
2025-01-07T17:48:00,20.096737898874242,in
2025-01-07T17:49:00,20.321261064508505,in
2025-01-07T17:50:00,20.163856391705185,in
2025-01-07T17:51:00,20.244698730039588,in
2025-01-07T17:52:00,20.304832604153553,in
2025-01-07T17:53:00,20.16351884275863,in
2025-01-07T17:54:00,20.221576045948364,in
2025-01-07T17:55:00,20.17855828353711,in
2025-01-07T17:56:00,20.17807201914774,in
2025-01-07T17:57:00,20.129984099427364,in
2025-01-07T17:58:00,20.20432699442648,in
2025-01-07T17:59:00,20.138124223325114,in
2025-01-07T18:00:00,20.355936809827497,in
2025-01-07T18:01:00,20.293722379051268,in
2025-01-07T18:02:00,20.438495891868822,in
2025-01-07T18:03:00,20.53801349442005,in
2025-01-07T18:04:00,20.352359337809478,in
2025-01-07T18:05:00,20.313984542279982,in
2025-01-07T18:06:00,20.353416365520303,in
2025-01-07T18:07:00,20.308206846139555,in
2025-01-07T18:08:00,20.241634716096137,in
2025-01-07T18:09:00,20.22562585412181,in
2025-01-07T18:10:00,20.07272783903425,in
2025-01-07T18:11:00,20.347803650174253,in
2025-01-07T18:12:00,20.213292730144513,in
2025-01-07T18:13:00,20.431469959321326,in
2025-01-07T18:14:00,20.347401662333752,in
2025-01-07T18:15:00,20.112361773593232,in
2025-01-07T18:16:00,20.389415564436483,in
2025-01-07T18:17:00,19.81449222787929,in
2025-01-07T18:18:00,20.484363293043952,in
2025-01-07T18:19:00,19.990322917428816,in
2025-01-07T18:20:00,20.26165125280233,in
2025-01-07T18:21:00,20.247826077271966,in
2025-01-07T18:22:00,20.348634987523177,in
2025-01-07T18:23:00,20.127171391750164,in
2025-01-07T18:24:00,19.851081313935495,in
2025-01-07T18:25:00,20.120283855054026,in
2025-01-07T18:26:00,20.133005505854804,in
2025-01-07T18:27:00,19.85503877720961,in
2025-01-07T18:28:00,20.165796034439232,in
2025-01-07T18:29:00,19.994220333359415,in
2025-01-07T18:30:00,20.249603700441448,in
2025-01-07T18:31:00,20.112007031590892,in
2025-01-07T18:32:00,20.439796523694387,in
2025-01-07T18:33:00,20.10395409573008,in
2025-01-07T18:34:00,20.203723553987132,in
2025-01-07T18:35:00,20.104023535465476,in
2025-01-07T18:36:00,19.88934891873654,in
2025-01-07T18:37:00,20.099022629857355,in
2025-01-07T18:38:00,20.23966763767893,in
2025-01-07T18:39:00,20.21391579900478,in
2025-01-07T18:40:00,20.076624597754005,in
2025-01-07T18:41:00,19.899134551949867,in
2025-01-07T18:42:00,20.211385805975635,in
2025-01-07T18:43:00,20.174744947033954,in
2025-01-07T18:44:00,20.235474476879254,in
2025-01-07T18:45:00,20.065022911724594,in
2025-01-07T18:46:00,19.85069647066617,in
2025-01-07T18:47:00,20.180665775057754,in
2025-01-07T18:48:00,20.096515552648675,in
2025-01-07T18:49:00,20.303960966723462,in
2025-01-07T18:50:00,20.09687605337051,in
2025-01-07T18:51:00,20.083140077707203,in
2025-01-07T18:52:00,20.149978658853826,in
2025-01-07T18:53:00,19.995317618070203,in
2025-01-07T18:54:00,19.98559017209508,in
2025-01-07T18:55:00,20.065216001277452,in
2025-01-07T18:56:00,19.939415661882865,in
2025-01-07T18:57:00,20.04072520727281,in
2025-01-07T18:58:00,20.36367329720006,in
2025-01-07T18:59:00,20.22682041135133,in
2025-01-07T19:00:00,20.114354038631813,in
2025-01-07T19:01:00,20.298659711315352,in
2025-01-07T19:02:00,19.93997030454279,in
2025-01-07T19:03:00,20.43510416106849,in
2025-01-07T19:04:00,19.99033316981405,in
2025-01-07T19:05:00,20.357886744699854,in
2025-01-07T19:06:00,20.355170616371595,in
2025-01-07T19:07:00,19.79025701205952,in
2025-01-07T19:08:00,20.2713236919008,in
2025-01-07T19:09:00,20.00672898791507,in
2025-01-07T19:10:00,19.96221271716242,in
2025-01-07T19:11:00,20.12423350509939,in
2025-01-07T19:12:00,19.892517499819178,in
2025-01-07T19:13:00,20.117208618218278,in
2025-01-07T19:14:00,19.899031418413706,in
2025-01-07T19:15:00,20.064991331082812,in
2025-01-07T19:16:00,20.237050019968194,in
2025-01-07T19:17:00,20.09307689486385,in
2025-01-07T19:18:00,19.979521446779916,in
2025-01-07T19:19:00,20.113130271333105,in
2025-01-07T19:20:00,19.819412457674847,in
2025-01-07T19:21:00,19.90305876425444,in
2025-01-07T19:22:00,19.962888287849484,in
2025-01-07T19:23:00,20.144034803797258,in
2025-01-07T19:24:00,20.08549313188294,in
2025-01-07T19:25:00,20.10355194723968,in
2025-01-07T19:26:00,20.017860890939602,in
2025-01-07T19:27:00,19.902482279460276,in
2025-01-07T19:28:00,20.242681403002262,in
2025-01-07T19:29:00,19.913599187056086,in
2025-01-07T19:30:00,20.079966119708253,in
2025-01-07T19:31:00,19.99917440266751,in
2025-01-07T19:32:00,20.099356671772554,in
2025-01-07T19:33:00,19.923040038307608,in
2025-01-07T19:34:00,20.170757862779883,in
2025-01-07T19:35:00,20.218629010930755,in
2025-01-07T19:36:00,20.15965467163791,in
2025-01-07T19:37:00,20.033706762394225,in
2025-01-07T19:38:00,19.94393881635009,in
2025-01-07T19:39:00,20.43170691242961,in
2025-01-07T19:40:00,19.858866922102216,in
2025-01-07T19:41:00,20.139053427762498,in
2025-01-07T19:42:00,20.056083065745238,in
2025-01-07T19:43:00,19.99611901347422,in
2025-01-07T19:44:00,20.032646340440454,in
2025-01-07T19:45:00,19.9277498580186,in
2025-01-07T19:46:00,20.067788734643056,in
2025-01-07T19:47:00,20.050740331779313,in
2025-01-07T19:48:00,20.404388913929626,in
2025-01-07T19:49:00,20.16292655929266,in
2025-01-07T19:50:00,20.079285972655246,in
2025-01-07T19:51:00,20.087875767515,in
2025-01-07T19:52:00,20.277148994286172,in
2025-01-07T19:53:00,19.855368833615536,in
2025-01-07T19:54:00,19.97327543848462,in
2025-01-07T19:55:00,19.714405121688372,in
2025-01-07T19:56:00,20.084120686011502,in
2025-01-07T19:57:00,20.12739740743363,in
2025-01-07T19:58:00,19.850736146036432,in
2025-01-07T19:59:00,20.215281041258635,in
2025-01-07T20:00:00,19.89216800110628,in
2025-01-07T20:01:00,19.948648822206046,in
2025-01-07T20:02:00,20.018011041214663,in
2025-01-07T20:03:00,20.23930079926596,in
2025-01-07T20:04:00,19.87157493697508,in
2025-01-07T20:05:00,20.044163014645036,in
2025-01-07T20:06:00,20.11691101326775,in
2025-01-07T20:07:00,20.0862033428785,in
2025-01-07T20:08:00,20.092028500921817,in
2025-01-07T20:09:00,20.115766960844642,in
2025-01-07T20:10:00,19.918695148145513,in
2025-01-07T20:11:00,20.255470195054645,in
2025-01-07T20:12:00,19.986068520764988,in
2025-01-07T20:13:00,19.96663942843794,in
2025-01-07T20:14:00,20.205874228353327,in
2025-01-07T20:15:00,19.90969712349125,in
2025-01-07T20:16:00,20.052913628085207,in
2025-01-07T20:17:00,19.897074436201745,in
2025-01-07T20:18:00,20.384050704850495,in
2025-01-07T20:19:00,20.353167172513498,in
2025-01-07T20:20:00,19.991074456601027,in
2025-01-07T20:21:00,20.086368720875754,in
2025-01-07T20:22:00,20.009987574022748,in
2025-01-07T20:23:00,19.957773040236916,in
2025-01-07T20:24:00,20.028900934129332,in
2025-01-07T20:25:00,20.00579710827199,in
2025-01-07T20:26:00,19.784756177532028,in
2025-01-07T20:27:00,20.053316584324985,in
2025-01-07T20:28:00,20.00856376584046,in
2025-01-07T20:29:00,20.062820169135602,in
2025-01-07T20:30:00,20.005482610587705,in
2025-01-07T20:31:00,19.964217300704455,in
2025-01-07T20:32:00,20.150700371558212,in
2025-01-07T20:33:00,20.10066738691692,in
2025-01-07T20:34:00,20.23137536826652,in
2025-01-07T20:35:00,20.097486443735328,in
2025-01-07T20:36:00,19.994982336037452,in
2025-01-07T20:37:00,20.1185225458072,in
2025-01-07T20:38:00,19.730336823039693,in
2025-01-07T20:39:00,20.34443986519346,in
2025-01-07T20:40:00,20.071541515542222,in
2025-01-07T20:41:00,20.35958698882628,in
2025-01-07T20:42:00,19.903088425919996,in
2025-01-07T20:43:00,19.867452397156868,in
2025-01-07T20:44:00,20.091620627004318,in
2025-01-07T20:45:00,20.092809650608537,in
2025-01-07T20:46:00,20.090887306923882,in
2025-01-07T20:47:00,20.069782985518405,in
2025-01-07T20:48:00,19.94948722439343,in
2025-01-07T20:49:00,19.822734417962867,in
2025-01-07T20:50:00,20.089880569257733,in
2025-01-07T20:51:00,19.856926558938216,in
2025-01-07T20:52:00,19.84470892576872,in
2025-01-07T20:53:00,19.996146713308868,in
2025-01-07T20:54:00,20.1198590070039,in
2025-01-07T20:55:00,20.35547974596192,in
2025-01-07T20:56:00,20.206297442936073,in
2025-01-07T20:57:00,20.27652081865585,in
2025-01-07T20:58:00,20.161753972375244,in
2025-01-07T20:59:00,20.120936180013672,in
2025-01-07T21:00:00,20.444016894650275,in
2025-01-07T21:01:00,19.871997010258514,in
2025-01-07T21:02:00,20.010754546123618,in
2025-01-07T21:03:00,20.02481256165534,in
2025-01-07T21:04:00,20.211510161327112,in
2025-01-07T21:05:00,19.93308377757523,in
2025-01-07T21:06:00,20.1968749714001,in
2025-01-07T21:07:00,20.17180475315578,in
2025-01-07T21:08:00,20.209392603315944,in
2025-01-07T21:09:00,20.209243568112388,in
2025-01-07T21:10:00,20.323314043998433,in
2025-01-07T21:11:00,20.087826981272837,in
2025-01-07T21:12:00,20.177410653833427,in
2025-01-07T21:13:00,19.99011935476181,in
2025-01-07T21:14:00,19.958633438047467,in
2025-01-07T21:15:00,20.370864058700327,in
2025-01-07T21:16:00,19.987145030697807,in
2025-01-07T21:17:00,20.20801877075736,in
2025-01-07T21:18:00,20.194373437741763,in
2025-01-07T21:19:00,20.293895103637844,in
2025-01-07T21:20:00,19.87188466113832,in
2025-01-07T21:21:00,20.257298377036957,in
2025-01-07T21:22:00,20.117950820540923,in
2025-01-07T21:23:00,20.039743212858614,in
2025-01-07T21:24:00,20.095216520241536,in
2025-01-07T21:25:00,20.29149987949055,in
2025-01-07T21:26:00,20.24885094163471,in
2025-01-07T21:27:00,20.123192375555327,in
2025-01-07T21:28:00,19.974766171256036,in
2025-01-07T21:29:00,19.988637302428117,in
2025-01-07T21:30:00,20.265195458966122,in
2025-01-07T21:31:00,19.963936692810936,in
2025-01-07T21:32:00,20.14126711985847,in
2025-01-07T21:33:00,20.564578398809186,in
2025-01-07T21:34:00,20.234813976985265,in
2025-01-07T21:35:00,20.280714422360358,in
2025-01-07T21:36:00,20.013753793934846,in
2025-01-07T21:37:00,19.992380664419958,in
2025-01-07T21:38:00,20.29945076380262,in
2025-01-07T21:39:00,20.14136085401561,in
2025-01-07T21:40:00,20.363427648161245,in
2025-01-07T21:41:00,20.212559694734935,in
2025-01-07T21:42:00,20.728283849132794,in
2025-01-07T21:43:00,20.127755549057817,in
2025-01-07T21:44:00,20.260781636780077,in
2025-01-07T21:45:00,20.087132667546502,in
2025-01-07T21:46:00,20.379943278393814,in
2025-01-07T21:47:00,20.29511897225887,in
2025-01-07T21:48:00,20.088808473611113,in
2025-01-07T21:49:00,20.189372982911514,in
2025-01-07T21:50:00,20.446753549668635,in
2025-01-07T21:51:00,20.432781090879786,in
2025-01-07T21:52:00,20.036945468392293,in
2025-01-07T21:53:00,20.183323077029396,in
2025-01-07T21:54:00,20.530575288120612,in
2025-01-07T21:55:00,20.236469818480774,in
2025-01-07T21:56:00,20.293273962903594,in
2025-01-07T21:57:00,20.42404777335342,in
2025-01-07T21:58:00,20.074464352175433,in
2025-01-07T21:59:00,20.137647746407307,in
2025-01-07T22:00:00,20.234394329948625,in
2025-01-07T22:01:00,20.468022532569496,in
2025-01-07T22:02:00,20.444706481354793,in
2025-01-07T22:03:00,20.404152132075154,in
2025-01-07T22:04:00,20.279791406295157,in
2025-01-07T22:05:00,20.474611719306058,in
2025-01-07T22:06:00,20.286822886666066,in
2025-01-07T22:07:00,20.400990751864732,in
2025-01-07T22:08:00,20.455709653996337,in
2025-01-07T22:09:00,20.57806736671865,in
2025-01-07T22:10:00,20.319768420686955,in
2025-01-07T22:11:00,20.278530440929252,in
2025-01-07T22:12:00,20.531920168527407,in
2025-01-07T22:13:00,20.54820557510686,in
2025-01-07T22:14:00,20.26572218200712,in
2025-01-07T22:15:00,20.186305715615262,in
2025-01-07T22:16:00,20.539780024814828,in
2025-01-07T22:17:00,20.11556139570631,in
2025-01-07T22:18:00,20.11282740847472,in
2025-01-07T22:19:00,20.33146185689436,in
2025-01-07T22:20:00,20.377061868781386,in
2025-01-07T22:21:00,20.207724064735057,in
2025-01-07T22:22:00,20.405048614043935,in
2025-01-07T22:23:00,20.41682254936545,in
2025-01-07T22:24:00,20.309907827141966,in
2025-01-07T22:25:00,20.692130418340216,in
2025-01-07T22:26:00,20.456750460266655,in
2025-01-07T22:27:00,20.56676573009614,in
2025-01-07T22:28:00,20.18429703160501,in
2025-01-07T22:29:00,20.18826972306317,in
2025-01-07T22:30:00,20.482302711014867,in
2025-01-07T22:31:00,20.69684950592535,in
2025-01-07T22:32:00,20.272488125940697,in
2025-01-07T22:33:00,20.4508726352137,in
2025-01-07T22:34:00,20.249519249590723,in
2025-01-07T22:35:00,20.33243764393204,in
2025-01-07T22:36:00,20.474674774907292,in
2025-01-07T22:37:00,20.377323029831214,in
2025-01-07T22:38:00,20.260922247749104,in
2025-01-07T22:39:00,20.263128682260888,in
2025-01-07T22:40:00,20.185009898842402,in
2025-01-07T22:41:00,20.545022630917124,in
2025-01-07T22:42:00,20.568825222614606,in
2025-01-07T22:43:00,20.573753046714003,in
2025-01-07T22:44:00,20.354204469874666,in
2025-01-07T22:45:00,20.64721307862817,in
2025-01-07T22:46:00,20.608105358548624,in
2025-01-07T22:47:00,20.50897941087335,in
2025-01-07T22:48:00,20.490186037556324,in
2025-01-07T22:49:00,20.422196424670933,in
2025-01-07T22:50:00,20.554269601469056,in
2025-01-07T22:51:00,20.77394215192632,in
2025-01-07T22:52:00,20.70797108910413,in
2025-01-07T22:53:00,20.504826496690836,in
2025-01-07T22:54:00,20.630044477241576,in
2025-01-07T22:55:00,20.39005756845222,in
2025-01-07T22:56:00,20.670830475933474,in
2025-01-07T22:57:00,20.442767541750886,in
2025-01-07T22:58:00,20.67703743588329,in
2025-01-07T22:59:00,21.024990077324592,in
2025-01-07T23:00:00,20.50028457277784,in
2025-01-07T23:01:00,21.03039104747376,in
2025-01-07T23:02:00,20.671776794567737,in
2025-01-07T23:03:00,20.49197523532734,in
2025-01-07T23:04:00,20.491364834071838,in
2025-01-07T23:05:00,20.971717229612715,in
2025-01-07T23:06:00,20.69723915131795,in
2025-01-07T23:07:00,20.5447110909224,in
2025-01-07T23:08:00,20.605484188218565,in
2025-01-07T23:09:00,20.707014875590456,in
2025-01-07T23:10:00,20.647511483486728,in
2025-01-07T23:11:00,20.707151257071793,in
2025-01-07T23:12:00,20.927780421780415,in
2025-01-07T23:13:00,20.49904106831392,in
2025-01-07T23:14:00,20.771454452733103,in
2025-01-07T23:15:00,20.670373729097538,in
2025-01-07T23:16:00,20.61302514011017,in
2025-01-07T23:17:00,20.85530662024304,in
2025-01-07T23:18:00,20.481890058136923,in
2025-01-07T23:19:00,20.35278703699183,in
2025-01-07T23:20:00,20.74810473284124,in
2025-01-07T23:21:00,20.700395035057895,in
2025-01-07T23:22:00,20.52491647187248,in
2025-01-07T23:23:00,20.478006468447212,in
2025-01-07T23:24:00,21.030954224550637,in
2025-01-07T23:25:00,20.817605282825827,in
2025-01-07T23:26:00,20.75791758518552,in
2025-01-07T23:27:00,21.091098837724243,in
2025-01-07T23:28:00,20.921986423308514,in
2025-01-07T23:29:00,21.040956955512126,in
2025-01-07T23:30:00,20.605484052765078,in
2025-01-07T23:31:00,20.606803135395506,in
2025-01-07T23:32:00,20.888931238963302,in
2025-01-07T23:33:00,20.86552568157305,in
2025-01-07T23:34:00,20.9978037318463,in
2025-01-07T23:35:00,20.572762371975926,in
2025-01-07T23:36:00,20.92996910781079,in
2025-01-07T23:37:00,20.979890963738168,in
2025-01-07T23:38:00,20.97901989859982,in
2025-01-07T23:39:00,20.7847054627444,in
2025-01-07T23:40:00,20.930639403037315,in
2025-01-07T23:41:00,20.74365791101259,in
2025-01-07T23:42:00,20.82324561387326,in
2025-01-07T23:43:00,20.717949693715173,in
2025-01-07T23:44:00,20.767814333657693,in
2025-01-07T23:45:00,20.85271518470393,in
2025-01-07T23:46:00,20.822485517230206,in
2025-01-07T23:47:00,20.789594824501815,in
2025-01-07T23:48:00,20.715782372143206,in
2025-01-07T23:49:00,21.212215425532857,in
2025-01-07T23:50:00,20.850316341822708,in
2025-01-07T23:51:00,20.982265804198455,in
2025-01-07T23:52:00,20.676315678096934,in
2025-01-07T23:53:00,21.15121952263267,in
2025-01-07T23:54:00,20.980076968141127,in
2025-01-07T23:55:00,20.89587230224019,in
2025-01-07T23:56:00,20.9046526895803,in
2025-01-07T23:57:00,21.107825306510804,in
2025-01-07T23:58:00,20.541958959766863,in
2025-01-07T23:59:00,20.868823045102577,in
2025-01-01T00:00:00,8.121886831901772,out
2025-01-01T00:01:00,7.610186213212281,out
2025-01-01T00:02:00,8.352539691312826,out
2025-01-01T00:03:00,8.454763459984552,out
2025-01-01T00:04:00,7.324300363162166,out
2025-01-01T00:05:00,7.61001750746244,out
2025-01-01T00:06:00,8.208197851114154,out
2025-01-01T00:07:00,8.056734042321503,out
2025-01-01T00:08:00,8.202676517213291,out
2025-01-01T00:09:00,7.89434132352498,out
2025-01-01T00:10:00,8.613475514137146,out
2025-01-01T00:11:00,8.598985545299643,out
2025-01-01T00:12:00,8.340428016482148,out
2025-01-01T00:13:00,8.791053208167478,out
2025-01-01T00:14:00,8.55329497410996,out
2025-01-01T00:15:00,8.048701790227563,out
2025-01-01T00:16:00,8.566039156097752,out
2025-01-01T00:17:00,8.061097900840794,out
2025-01-01T00:18:00,8.822134694889979,out
2025-01-01T00:19:00,8.476878880678726,out
2025-01-01T00:20:00,8.448989511067845,out
2025-01-01T00:21:00,8.276637894218837,out
2025-01-01T00:22:00,9.064091050590957,out
2025-01-01T00:23:00,8.539316576844936,out
2025-01-01T00:24:00,8.455839650740678,out
2025-01-01T00:25:00,8.512347828916496,out
2025-01-01T00:26:00,8.89214295682878,out
2025-01-01T00:27:00,8.851402010492658,out
2025-01-01T00:28:00,8.89630910506928,out
2025-01-01T00:29:00,8.929522216018132,out
2025-01-01T00:30:00,9.639816193668494,out
2025-01-01T00:31:00,8.646539575088493,out
2025-01-01T00:32:00,8.630141514131777,out
2025-01-01T00:33:00,8.535446640647924,out
2025-01-01T00:34:00,9.133248235807862,out
2025-01-01T00:35:00,9.364329234227856,out
2025-01-01T00:36:00,8.893027807179434,out
2025-01-01T00:37:00,8.628392802837947,out
2025-01-01T00:38:00,8.66049314888757,out
2025-01-01T00:39:00,9.276334138224028,out
2025-01-01T00:40:00,9.339190734482958,out
2025-01-01T00:41:00,9.28492298016513,out
2025-01-01T00:42:00,8.827209270037406,out
2025-01-01T00:43:00,9.212008745279096,out
2025-01-01T00:44:00,9.191528295915559,out
2025-01-01T00:45:00,9.258017370788375,out
2025-01-01T00:46:00,9.54477911768246,out
2025-01-01T00:47:00,9.311288726350938,out
2025-01-01T00:48:00,9.519035570135314,out
2025-01-01T00:49:00,9.300097660734234,out
2025-01-01T00:50:00,9.414285443104612,out
2025-01-01T00:51:00,9.576699900464423,out
2025-01-01T00:52:00,8.766843998120924,out
2025-01-01T00:53:00,9.247333858991563,out
2025-01-01T00:54:00,9.212523121418315,out
2025-01-01T00:55:00,9.170564214659702,out
2025-01-01T00:56:00,9.341474473107333,out
2025-01-01T00:57:00,10.074896282667716,out
2025-01-01T00:58:00,9.15594757804935,out
2025-01-01T00:59:00,9.914923031069758,out
2025-01-01T01:00:00,8.879766361968802,out
2025-01-01T01:01:00,9.444233274753538,out
2025-01-01T01:02:00,9.668531482511542,out
2025-01-01T01:03:00,9.863131631734156,out
2025-01-01T01:04:00,9.938314766819138,out
2025-01-01T01:05:00,9.996312978265923,out
2025-01-01T01:06:00,9.56460203932416,out
2025-01-01T01:07:00,9.54423689173871,out
2025-01-01T01:08:00,10.097420580839282,out
2025-01-01T01:09:00,9.70272771990078,out
2025-01-01T01:10:00,9.293960267690471,out
2025-01-01T01:11:00,9.375870908566673,out
2025-01-01T01:12:00,9.48632105184904,out
2025-01-01T01:13:00,10.077847136524003,out
2025-01-01T01:14:00,9.960798232858778,out
2025-01-01T01:15:00,10.204830933446077,out
2025-01-01T01:16:00,9.782507868208326,out
2025-01-01T01:17:00,10.041559748007408,out
2025-01-01T01:18:00,10.25307731298956,out
2025-01-01T01:19:00,9.903761692131866,out
2025-01-01T01:20:00,10.234830954976976,out
2025-01-01T01:21:00,9.811931966038298,out
2025-01-01T01:22:00,9.956022748930776,out
2025-01-01T01:23:00,9.973051070386962,out
2025-01-01T01:24:00,9.671871839036186,out
2025-01-01T01:25:00,10.369417222016443,out
2025-01-01T01:26:00,10.011246424264694,out
2025-01-01T01:27:00,10.228342272550092,out
2025-01-01T01:28:00,10.439938224057835,out
2025-01-01T01:29:00,10.450504174526575,out
2025-01-01T01:30:00,10.562254637779652,out
2025-01-01T01:31:00,10.280871576017155,out
2025-01-01T01:32:00,10.17506744611798,out
2025-01-01T01:33:00,10.336575853943044,out
2025-01-01T01:34:00,9.717560639968266,out
2025-01-01T01:35:00,9.837635150183187,out
2025-01-01T01:36:00,9.91134001351304,out
2025-01-01T01:37:00,10.06541438464027,out
2025-01-01T01:38:00,10.64806914662681,out
2025-01-01T01:39:00,10.149766803080544,out
2025-01-01T01:40:00,10.38444454882844,out
2025-01-01T01:41:00,11.079103758523175,out
2025-01-01T01:42:00,10.4405609924252,out
2025-01-01T01:43:00,10.901677771813338,out
2025-01-01T01:44:00,10.256779808730515,out
2025-01-01T01:45:00,10.571557118166956,out
2025-01-01T01:46:00,10.297178056694621,out
2025-01-01T01:47:00,10.564977415864385,out
2025-01-01T01:48:00,11.060066253420239,out
2025-01-01T01:49:00,10.056315321424801,out
2025-01-01T01:50:00,10.944261136828546,out
2025-01-01T01:51:00,10.888781362883579,out
2025-01-01T01:52:00,10.579169394436626,out
2025-01-01T01:53:00,10.261494861353679,out
2025-01-01T01:54:00,10.891804364643198,out
2025-01-01T01:55:00,10.674135529890805,out
2025-01-01T01:56:00,11.001928206019903,out
2025-01-01T01:57:00,10.940468307191106,out
2025-01-01T01:58:00,11.595252917149168,out
2025-01-01T01:59:00,10.881556771062039,out
2025-01-01T02:00:00,10.590601002951255,out
2025-01-01T02:01:00,11.094354116255685,out
2025-01-01T02:02:00,11.13322885135293,out
2025-01-01T02:03:00,11.611433546558487,out
2025-01-01T02:04:00,11.424272947826156,out
2025-01-01T02:05:00,11.25538797262293,out
2025-01-01T02:06:00,11.720312544783516,out
2025-01-01T02:07:00,10.681778320182076,out
2025-01-01T02:08:00,10.923614972299331,out
2025-01-01T02:09:00,10.831056718931459,out
2025-01-01T02:10:00,11.067873728818636,out
2025-01-01T02:11:00,10.695172369185439,out
2025-01-01T02:12:00,11.521894588815924,out
2025-01-01T02:13:00,11.200870298279973,out
2025-01-01T02:14:00,10.723299394071287,out
2025-01-01T02:15:00,10.927189765634596,out
2025-01-01T02:16:00,11.480562959804558,out
2025-01-01T02:17:00,11.712080193328163,out
2025-01-01T02:18:00,12.197129778225712,out
2025-01-01T02:19:00,12.585525561980749,out
2025-01-01T02:20:00,11.607222391416675,out
2025-01-01T02:21:00,11.067055892210657,out
2025-01-01T02:22:00,10.631399221973114,out
2025-01-01T02:23:00,11.612582578762138,out
2025-01-01T02:24:00,11.201535075630709,out
2025-01-01T02:25:00,11.38171498610962,out
2025-01-01T02:26:00,11.324098000884126,out
2025-01-01T02:27:00,11.5336312488574,out
2025-01-01T02:28:00,12.037282231227346,out
2025-01-01T02:29:00,11.694583355235505,out
2025-01-01T02:30:00,11.589114639236849,out
2025-01-01T02:31:00,11.259042179076372,out
2025-01-01T02:32:00,11.024095674072207,out
2025-01-01T02:33:00,11.520040532229672,out
2025-01-01T02:34:00,11.713574799498389,out
2025-01-01T02:35:00,12.462712798536309,out
2025-01-01T02:36:00,11.828032154888179,out
2025-01-01T02:37:00,12.189327775784319,out
2025-01-01T02:38:00,11.616751082250923,out
2025-01-01T02:39:00,11.362656505316698,out
2025-01-01T02:40:00,11.470678953226287,out
2025-01-01T02:41:00,11.586653452043482,out
2025-01-01T02:42:00,12.748076182955167,out
2025-01-01T02:43:00,11.588003843086579,out
2025-01-01T02:44:00,12.271749855437582,out
2025-01-01T02:45:00,11.594904019365602,out
2025-01-01T02:46:00,12.348349494444124,out
2025-01-01T02:47:00,12.149270382447352,out
2025-01-01T02:48:00,11.952128479089913,out
2025-01-01T02:49:00,12.017895834153835,out
2025-01-01T02:50:00,11.791626167522205,out
2025-01-01T02:51:00,12.251233353790482,out
2025-01-01T02:52:00,11.90999676823868,out
2025-01-01T02:53:00,11.620855636451255,out
2025-01-01T02:54:00,11.618952424434674,out
2025-01-01T02:55:00,12.218113501782463,out
2025-01-01T02:56:00,12.799586725318157,out
2025-01-01T02:57:00,12.250739404479456,out
2025-01-01T02:58:00,12.158000255355153,out
2025-01-01T02:59:00,12.338418802576827,out
2025-01-01T03:00:00,12.765041383802016,out
2025-01-01T03:01:00,12.348865254285254,out
2025-01-01T03:02:00,12.115131802591595,out
2025-01-01T03:03:00,12.74032714457188,out
2025-01-01T03:04:00,12.487541377416553,out
2025-01-01T03:05:00,12.94848616915693,out
2025-01-01T03:06:00,12.425540000962489,out
2025-01-01T03:07:00,11.8804382066062,out
2025-01-01T03:08:00,11.840858530016757,out
2025-01-01T03:09:00,13.066306229506614,out
2025-01-01T03:10:00,13.113130309174064,out
2025-01-01T03:11:00,12.369501079607952,out
2025-01-01T03:12:00,12.305594024409968,out
2025-01-01T03:13:00,13.060921967267078,out
2025-01-01T03:14:00,12.050916051916618,out
2025-01-01T03:15:00,12.153148037291533,out
2025-01-01T03:16:00,12.785588199212249,out
2025-01-01T03:17:00,12.387547857160461,out
2025-01-01T03:18:00,12.560387046912156,out
2025-01-01T03:19:00,12.514017659285368,out
2025-01-01T03:20:00,12.731296478233443,out
2025-01-01T03:21:00,13.176043736966243,out
2025-01-01T03:22:00,12.66598146308702,out
2025-01-01T03:23:00,12.903931381803856,out
2025-01-01T03:24:00,11.842806928329416,out
2025-01-01T03:25:00,12.659819537785243,out
2025-01-01T03:26:00,12.358356832997334,out
2025-01-01T03:27:00,12.224376361115018,out
2025-01-01T03:28:00,12.37680357486883,out
2025-01-01T03:29:00,12.610488066182736,out
2025-01-01T03:30:00,13.126481058689818,out
2025-01-01T03:31:00,12.245454928111908,out
2025-01-01T03:32:00,12.804065657321525,out
2025-01-01T03:33:00,12.613855102812934,out
2025-01-01T03:34:00,12.69207192595852,out
2025-01-01T03:35:00,13.239770755726736,out
2025-01-01T03:36:00,13.069348141051256,out
2025-01-01T03:37:00,13.40440313476717,out
2025-01-01T03:38:00,12.822890838437955,out
2025-01-01T03:39:00,12.621472286301794,out
2025-01-01T03:40:00,12.82536873898175,out
2025-01-01T03:41:00,13.026880344161471,out
2025-01-01T03:42:00,13.01538647511358,out
2025-01-01T03:43:00,12.525783265869785,out
2025-01-01T03:44:00,13.010421347981401,out
2025-01-01T03:45:00,13.080109005870833,out
2025-01-01T03:46:00,14.010304547416576,out
2025-01-01T03:47:00,13.768454779599226,out
2025-01-01T03:48:00,12.690726067449015,out
2025-01-01T03:49:00,12.931280733166684,out
2025-01-01T03:50:00,12.474971874142513,out
2025-01-01T03:51:00,12.838084124638444,out
2025-01-01T03:52:00,13.214530578374692,out
2025-01-01T03:53:00,13.584454798328672,out
2025-01-01T03:54:00,12.82420745102711,out
2025-01-01T03:55:00,12.867812648010561,out
2025-01-01T03:56:00,12.284088192317212,out
2025-01-01T03:57:00,13.091372100790753,out
2025-01-01T03:58:00,12.744809197905328,out
2025-01-01T03:59:00,12.971237260279944,out
2025-01-01T04:00:00,12.845408111439596,out
2025-01-01T04:01:00,13.17148786523383,out
2025-01-01T04:02:00,12.519042819096747,out
2025-01-01T04:03:00,12.648157944280387,out
2025-01-01T04:04:00,14.099417087647693,out
2025-01-01T04:05:00,12.745391501735433,out
2025-01-01T04:06:00,12.834188444589937,out
2025-01-01T04:07:00,14.02010984056084,out
2025-01-01T04:08:00,14.459712424849723,out
2025-01-01T04:09:00,12.841299173248114,out
2025-01-01T04:10:00,13.174765416354118,out
2025-01-01T04:11:00,13.470725069290623,out
2025-01-01T04:12:00,14.037518202892443,out
2025-01-01T04:13:00,12.963130829095528,out
2025-01-01T04:14:00,13.271495031235307,out
2025-01-01T04:15:00,13.692171479620828,out
2025-01-01T04:16:00,13.56667070758165,out
2025-01-01T04:17:00,13.253727007443489,out
2025-01-01T04:18:00,13.361982520292747,out
2025-01-01T04:19:00,12.876772549378215,out
2025-01-01T04:20:00,13.342577224630032,out
2025-01-01T04:21:00,13.342304046946905,out
2025-01-01T04:22:00,13.552635581109762,out
2025-01-01T04:23:00,13.248441373934924,out
2025-01-01T04:24:00,13.66988815487366,out
2025-01-01T04:25:00,13.896955201844614,out
2025-01-01T04:26:00,13.564532177378132,out
2025-01-01T04:27:00,13.653449824253071,out
2025-01-01T04:28:00,13.544291259745789,out
2025-01-01T04:29:00,13.533239587259276,out
2025-01-01T04:30:00,13.25465398165058,out
2025-01-01T04:31:00,13.679840728774723,out
2025-01-01T04:32:00,13.524188488035326,out
2025-01-01T04:33:00,14.410124640803783,out
2025-01-01T04:34:00,14.211847368882244,out
2025-01-01T04:35:00,13.74638583671939,out
2025-01-01T04:36:00,13.296259675105304,out
2025-01-01T04:37:00,13.165846669322702,out
2025-01-01T04:38:00,14.09649031672593,out
2025-01-01T04:39:00,13.734247705593761,out
2025-01-01T04:40:00,13.830213086072094,out
2025-01-01T04:41:00,12.949221696748547,out
2025-01-01T04:42:00,14.026824339176343,out
2025-01-01T04:43:00,13.846302257642451,out
2025-01-01T04:44:00,13.22893917983011,out
2025-01-01T04:45:00,13.492970853990654,out
2025-01-01T04:46:00,13.795428812979805,out
2025-01-01T04:47:00,13.719181476553759,out
2025-01-01T04:48:00,13.5894706234495,out
2025-01-01T04:49:00,13.672979490633285,out
2025-01-01T04:50:00,13.621510753206607,out
2025-01-01T04:51:00,13.791144671584107,out
2025-01-01T04:52:00,14.326425324975476,out
2025-01-01T04:53:00,12.718764788456369,out
2025-01-01T04:54:00,13.658178303405284,out
2025-01-01T04:55:00,13.83090409486455,out
2025-01-01T04:56:00,13.885967771504752,out
2025-01-01T04:57:00,13.625965586193368,out
2025-01-01T04:58:00,13.079094006260304,out
2025-01-01T04:59:00,13.91992213645852,out
2025-01-01T05:00:00,14.486495043400083,out
2025-01-01T05:01:00,13.188731071517203,out
2025-01-01T05:02:00,14.154417047747922,out
2025-01-01T05:03:00,13.68397536899137,out
2025-01-01T05:04:00,13.79724461932444,out
2025-01-01T05:05:00,13.406893014597989,out
2025-01-01T05:06:00,13.700437053443709,out
2025-01-01T05:07:00,14.360293388642274,out
2025-01-01T05:08:00,14.079282485506495,out
2025-01-01T05:09:00,14.544978565215054,out
2025-01-01T05:10:00,14.328740798310678,out
2025-01-01T05:11:00,14.039021310347904,out
2025-01-01T05:12:00,14.566459414869952,out
2025-01-01T05:13:00,14.049870098402822,out
2025-01-01T05:14:00,14.210743498443803,out
2025-01-01T05:15:00,13.7660833010055,out
2025-01-01T05:16:00,13.916381427029666,out
2025-01-01T05:17:00,13.615732857032947,out
2025-01-01T05:18:00,14.295363019221668,out
2025-01-01T05:19:00,13.432922736631799,out
2025-01-01T05:20:00,14.221786655040312,out
2025-01-01T05:21:00,13.837075931346403,out
2025-01-01T05:22:00,14.386212446610315,out
2025-01-01T05:23:00,14.222325794853894,out
2025-01-01T05:24:00,14.654388506629546,out
2025-01-01T05:25:00,14.222478939262022,out
2025-01-01T05:26:00,13.305279077910203,out
2025-01-01T05:27:00,13.911127051758742,out
2025-01-01T05:28:00,13.472805535411496,out
2025-01-01T05:29:00,13.737883447374783,out
2025-01-01T05:30:00,14.55316054155355,out
2025-01-01T05:31:00,14.207043222437369,out
2025-01-01T05:32:00,13.675704738416433,out
2025-01-01T05:33:00,13.552923795153399,out
2025-01-01T05:34:00,13.974543971210029,out
2025-01-01T05:35:00,13.477713969581467,out
2025-01-01T05:36:00,13.698675261251006,out
2025-01-01T05:37:00,14.094614898125968,out
2025-01-01T05:38:00,14.43450200464575,out
2025-01-01T05:39:00,14.218334154337747,out
2025-01-01T05:40:00,13.060652385111233,out
2025-01-01T05:41:00,14.101139706598673,out
2025-01-01T05:42:00,14.0103174316918,out
2025-01-01T05:43:00,14.149057224745992,out
2025-01-01T05:44:00,14.631868174219427,out
2025-01-01T05:45:00,13.161858228709724,out
2025-01-01T05:46:00,13.75236742045476,out
2025-01-01T05:47:00,14.226712552461434,out
2025-01-01T05:48:00,13.359139448745866,out
2025-01-01T05:49:00,14.583469938131108,out
2025-01-01T05:50:00,14.141631974571409,out
2025-01-01T05:51:00,14.334007811781698,out
2025-01-01T05:52:00,13.767967497505856,out
2025-01-01T05:53:00,14.322707021006762,out
2025-01-01T05:54:00,14.425332572248958,out
2025-01-01T05:55:00,14.091723370534323,out
2025-01-01T05:56:00,14.092846528017827,out
2025-01-01T05:57:00,14.107623261156732,out
2025-01-01T05:58:00,13.654433432489276,out
2025-01-01T05:59:00,13.940931412228265,out
2025-01-01T06:00:00,13.938990987019057,out
2025-01-01T06:01:00,14.153300430065805,out
2025-01-01T06:02:00,14.399701237149145,out
2025-01-01T06:03:00,13.576071532652678,out
2025-01-01T06:04:00,13.949082558810517,out
2025-01-01T06:05:00,14.591154381543044,out
2025-01-01T06:06:00,13.700508658328317,out
2025-01-01T06:07:00,13.66830153810415,out
2025-01-01T06:08:00,14.07726743884705,out
2025-01-01T06:09:00,14.333128293638465,out
2025-01-01T06:10:00,13.99885975171541,out
2025-01-01T06:11:00,14.5246745550845,out
2025-01-01T06:12:00,14.334494801554055,out
2025-01-01T06:13:00,14.327078050100116,out
2025-01-01T06:14:00,14.210455391060838,out
2025-01-01T06:15:00,14.918214779570054,out
2025-01-01T06:16:00,13.903319626012527,out
2025-01-01T06:17:00,13.182092193770309,out
2025-01-01T06:18:00,14.623205747005624,out
2025-01-01T06:19:00,13.796313242603839,out
2025-01-01T06:20:00,14.020320366287686,out
2025-01-01T06:21:00,14.498649839392181,out
2025-01-01T06:22:00,13.331473373779502,out
2025-01-01T06:23:00,13.469152223863016,out
2025-01-01T06:24:00,13.326620197362098,out
2025-01-01T06:25:00,13.64668351332375,out
2025-01-01T06:26:00,14.137285776466321,out
2025-01-01T06:27:00,14.168085878854667,out
2025-01-01T06:28:00,14.065786581579353,out
2025-01-01T06:29:00,13.386923344521342,out
2025-01-01T06:30:00,13.024627793589804,out
2025-01-01T06:31:00,13.966936818477446,out
2025-01-01T06:32:00,13.752897998994088,out
2025-01-01T06:33:00,14.121662629604666,out
2025-01-01T06:34:00,14.214876630660008,out
2025-01-01T06:35:00,13.985465635630035,out
2025-01-01T06:36:00,14.230183277721167,out
2025-01-01T06:37:00,14.013662749007418,out
2025-01-01T06:38:00,14.129739491463976,out
2025-01-01T06:39:00,13.631467049200513,out
2025-01-01T06:40:00,13.837001952540664,out
2025-01-01T06:41:00,13.982954624540529,out
2025-01-01T06:42:00,14.227740835550694,out
2025-01-01T06:43:00,13.73720591746323,out
2025-01-01T06:44:00,14.098230002978829,out
2025-01-01T06:45:00,13.778376165653231,out
2025-01-01T06:46:00,13.832531360793727,out
2025-01-01T06:47:00,14.206080451717131,out
2025-01-01T06:48:00,13.071661455981172,out
2025-01-01T06:49:00,13.344797707546169,out
2025-01-01T06:50:00,13.264901883742471,out
2025-01-01T06:51:00,12.918607475111756,out
2025-01-01T06:52:00,13.57491461264934,out
2025-01-01T06:53:00,14.140049110653786,out
2025-01-01T06:54:00,13.72026589583303,out
2025-01-01T06:55:00,13.90716845165631,out
2025-01-01T06:56:00,14.257461356340297,out
2025-01-01T06:57:00,14.346459911147605,out
2025-01-01T06:58:00,13.78123066837819,out
2025-01-01T06:59:00,14.343709989311419,out
2025-01-01T07:00:00,13.832405621108053,out
2025-01-01T07:01:00,13.453764653441894,out
2025-01-01T07:02:00,13.544022578372243,out
2025-01-01T07:03:00,13.182516813695878,out
2025-01-01T07:04:00,13.412316634136452,out
2025-01-01T07:05:00,13.617092451085801,out
2025-01-01T07:06:00,14.074352416960599,out
2025-01-01T07:07:00,14.43373609729528,out
2025-01-01T07:08:00,13.184955929627398,out
2025-01-01T07:09:00,13.887250654047087,out
2025-01-01T07:10:00,13.306084128826347,out
2025-01-01T07:11:00,13.90425363324495,out
2025-01-01T07:12:00,13.65390443749583,out
2025-01-01T07:13:00,12.96583242687225,out
2025-01-01T07:14:00,14.06126072786459,out
2025-01-01T07:15:00,13.439580491847142,out
2025-01-01T07:16:00,13.459551358246479,out
2025-01-01T07:17:00,13.23663315784083,out
2025-01-01T07:18:00,13.39413563587805,out
2025-01-01T07:19:00,13.818212267816191,out
2025-01-01T07:20:00,13.562457988340887,out
2025-01-01T07:21:00,13.760612816447898,out
2025-01-01T07:22:00,13.764801877061924,out
2025-01-01T07:23:00,14.139075920327338,out
2025-01-01T07:24:00,13.46436809863746,out
2025-01-01T07:25:00,13.001304088958499,out
2025-01-01T07:26:00,14.00939437452094,out
2025-01-01T07:27:00,13.440262048392643,out
2025-01-01T07:28:00,14.008940105231675,out
2025-01-01T07:29:00,13.706593869378388,out
2025-01-01T07:30:00,13.490822182986381,out
2025-01-01T07:31:00,13.67271618764123,out
2025-01-01T07:32:00,14.303434144765163,out
2025-01-01T07:33:00,14.343539472514891,out
2025-01-01T07:34:00,13.530112900363855,out
2025-01-01T07:35:00,13.555945112043513,out
2025-01-01T07:36:00,13.91176880884216,out
2025-01-01T07:37:00,13.132307848355593,out
2025-01-01T07:38:00,13.59299577430656,out
2025-01-01T07:39:00,13.438513903768946,out
2025-01-01T07:40:00,13.563410006802922,out
2025-01-01T07:41:00,13.093383350346445,out
2025-01-01T07:42:00,12.779684708775576,out
2025-01-01T07:43:00,12.57499606153901,out
2025-01-01T07:44:00,12.945810632599159,out
2025-01-01T07:45:00,13.197766335220397,out
2025-01-01T07:46:00,13.252329534952647,out
2025-01-01T07:47:00,14.132766125438629,out
2025-01-01T07:48:00,13.788436493093126,out
2025-01-01T07:49:00,12.949266402377768,out
2025-01-01T07:50:00,13.461148380049714,out
2025-01-01T07:51:00,13.147094530238121,out
2025-01-01T07:52:00,13.183940021937525,out
2025-01-01T07:53:00,13.359474688998466,out
2025-01-01T07:54:00,13.52057112276195,out
2025-01-01T07:55:00,13.12465714069144,out
2025-01-01T07:56:00,13.673258855930117,out
2025-01-01T07:57:00,12.778200751979822,out
2025-01-01T07:58:00,13.224669800584307,out
2025-01-01T07:59:00,14.248262377573187,out
2025-01-01T08:00:00,13.285384319756742,out
2025-01-01T08:01:00,13.756298833868842,out
2025-01-01T08:02:00,13.206383033918438,out
2025-01-01T08:03:00,13.388749307140635,out
2025-01-01T08:04:00,13.120290526455596,out
2025-01-01T08:05:00,13.061308191571998,out
2025-01-01T08:06:00,12.804048027434385,out
2025-01-01T08:07:00,13.2742338935564,out
2025-01-01T08:08:00,12.74767370126425,out
2025-01-01T08:09:00,13.34060102474921,out
2025-01-01T08:10:00,13.494463476655678,out
2025-01-01T08:11:00,13.192846640681248,out
2025-01-01T08:12:00,12.917523914250266,out
2025-01-01T08:13:00,13.199303166810036,out
2025-01-01T08:14:00,12.879845710184444,out
2025-01-01T08:15:00,13.363036524001332,out
2025-01-01T08:16:00,12.241663001644202,out
2025-01-01T08:17:00,12.825295547515674,out
2025-01-01T08:18:00,12.148432333682496,out
2025-01-01T08:19:00,12.3318572955621,out
2025-01-01T08:20:00,13.460457157659517,out
2025-01-01T08:21:00,13.257923323758748,out
2025-01-01T08:22:00,12.596901016823999,out
2025-01-01T08:23:00,12.268442509373715,out
2025-01-01T08:24:00,11.668290431113025,out
2025-01-01T08:25:00,12.62126942243184,out
2025-01-01T08:26:00,13.791307168602266,out
2025-01-01T08:27:00,12.981476584731825,out
2025-01-01T08:28:00,12.567984145863962,out
2025-01-01T08:29:00,12.962044099007857,out
2025-01-01T08:30:00,12.135736700549634,out
2025-01-01T08:31:00,12.625208097384006,out
2025-01-01T08:32:00,12.767855510846628,out
2025-01-01T08:33:00,12.67746132455605,out
2025-01-01T08:34:00,13.011971389790517,out
2025-01-01T08:35:00,12.81716498905171,out
2025-01-01T08:36:00,12.930206175985026,out
2025-01-01T08:37:00,12.37100695160081,out
2025-01-01T08:38:00,12.98887366369054,out
2025-01-01T08:39:00,13.264625771490355,out
2025-01-01T08:40:00,12.208206850853305,out
2025-01-01T08:41:00,12.22431655640935,out
2025-01-01T08:42:00,13.096749528128278,out
2025-01-01T08:43:00,12.468852311626273,out
2025-01-01T08:44:00,13.089786038163256,out
2025-01-01T08:45:00,12.33402456011699,out
2025-01-01T08:46:00,13.075752555242298,out
2025-01-01T08:47:00,12.528938577092378,out
2025-01-01T08:48:00,12.562160482193445,out
2025-01-01T08:49:00,13.067195973588955,out
2025-01-01T08:50:00,12.278955829883076,out
2025-01-01T08:51:00,12.02948621824413,out
2025-01-01T08:52:00,12.208696526503681,out
2025-01-01T08:53:00,12.551159399551656,out
2025-01-01T08:54:00,11.72594259720152,out
2025-01-01T08:55:00,12.589172133418982,out
2025-01-01T08:56:00,12.100530274984811,out
2025-01-01T08:57:00,12.756936724841351,out
2025-01-01T08:58:00,11.3217985729649,out
2025-01-01T08:59:00,11.946485943698047,out
2025-01-01T09:00:00,11.568053426625644,out
2025-01-01T09:01:00,11.893596560190229,out
2025-01-01T09:02:00,12.304521946242684,out
2025-01-01T09:03:00,12.115052108870179,out
2025-01-01T09:04:00,12.06659919517478,out
2025-01-01T09:05:00,12.085404386141592,out
2025-01-01T09:06:00,12.2114827504105,out
2025-01-01T09:07:00,11.707683525180913,out
2025-01-01T09:08:00,12.374730016734611,out
2025-01-01T09:09:00,12.337870861351847,out
2025-01-01T09:10:00,12.207556420756402,out
2025-01-01T09:11:00,12.256814221708513,out
2025-01-01T09:12:00,12.133350838476614,out
2025-01-01T09:13:00,12.809319317097433,out
2025-01-01T09:14:00,11.940882620873422,out
2025-01-01T09:15:00,11.833241603266583,out
2025-01-01T09:16:00,11.634943141800093,out
2025-01-01T09:17:00,11.5036534465452,out
2025-01-01T09:18:00,11.398899574940673,out
2025-01-01T09:19:00,11.521224952565415,out
2025-01-01T09:20:00,11.828453505458407,out
2025-01-01T09:21:00,11.970352063282593,out
2025-01-01T09:22:00,11.83692614508745,out
2025-01-01T09:23:00,11.490017860403212,out
2025-01-01T09:24:00,12.13599617190701,out
2025-01-01T09:25:00,12.051305902024733,out
2025-01-01T09:26:00,11.671228496856912,out
2025-01-01T09:27:00,11.453397237993121,out
2025-01-01T09:28:00,11.91334002028587,out
2025-01-01T09:29:00,11.74849311520114,out
2025-01-01T09:30:00,11.073317670286306,out
2025-01-01T09:31:00,11.604571825863605,out
2025-01-01T09:32:00,11.715704463742044,out
2025-01-01T09:33:00,11.230069688828854,out
2025-01-01T09:34:00,11.644874077643026,out
2025-01-01T09:35:00,10.96592889607838,out
2025-01-01T09:36:00,12.061185953759708,out
2025-01-01T09:37:00,12.00467798784838,out
2025-01-01T09:38:00,11.383210800544454,out
2025-01-01T09:39:00,11.608252875359032,out
2025-01-01T09:40:00,10.477489831786329,out
2025-01-01T09:41:00,10.957441511471686,out
2025-01-01T09:42:00,11.280925853488146,out
2025-01-01T09:43:00,10.94797635759967,out
2025-01-01T09:44:00,11.640916013876744,out
2025-01-01T09:45:00,12.132340010416812,out
2025-01-01T09:46:00,10.84097602410063,out
2025-01-01T09:47:00,10.954774015485405,out
2025-01-01T09:48:00,11.362013557414137,out
2025-01-01T09:49:00,11.890293287607813,out
2025-01-01T09:50:00,10.734847925064983,out
2025-01-01T09:51:00,11.301301544416448,out
2025-01-01T09:52:00,11.908035125724474,out
2025-01-01T09:53:00,10.496579882639512,out
2025-01-01T09:54:00,10.622563705557361,out
2025-01-01T09:55:00,10.943196906378791,out
2025-01-01T09:56:00,10.881993084318163,out
2025-01-01T09:57:00,11.39279903156377,out
2025-01-01T09:58:00,11.141894065692561,out
2025-01-01T09:59:00,10.312659038416307,out
2025-01-01T10:00:00,11.206164161160324,out
2025-01-01T10:01:00,10.74628346710899,out
2025-01-01T10:02:00,11.4643202473973,out
2025-01-01T10:03:00,10.680692434406964,out
2025-01-01T10:04:00,10.654211608237128,out
2025-01-01T10:05:00,11.102385257838138,out
2025-01-01T10:06:00,11.168123154492427,out
2025-01-01T10:07:00,11.019157748683542,out
2025-01-01T10:08:00,10.142590449761425,out
2025-01-01T10:09:00,11.008900897921968,out
2025-01-01T10:10:00,10.356768458740444,out
2025-01-01T10:11:00,10.841353935337047,out
2025-01-01T10:12:00,10.154449224277656,out
2025-01-01T10:13:00,10.879119505241835,out
2025-01-01T10:14:00,10.354547316935905,out
2025-01-01T10:15:00,10.140678281209798,out
2025-01-01T10:16:00,10.915754935327426,out
2025-01-01T10:17:00,10.703329353097205,out
2025-01-01T10:18:00,10.337475860292612,out
2025-01-01T10:19:00,11.139883979017178,out
2025-01-01T10:20:00,10.3594486018163,out
2025-01-01T10:21:00,10.524801494812944,out
2025-01-01T10:22:00,10.595724835008875,out
2025-01-01T10:23:00,10.216446742029417,out
2025-01-01T10:24:00,10.628874375814775,out
2025-01-01T10:25:00,10.203099200286534,out
2025-01-01T10:26:00,10.227839084664994,out
2025-01-01T10:27:00,10.91352019422694,out
2025-01-01T10:28:00,9.92815234993067,out
2025-01-01T10:29:00,9.355153637449128,out
2025-01-01T10:30:00,10.940475392195298,out
2025-01-01T10:31:00,11.291622885157398,out
2025-01-01T10:32:00,10.085531854315741,out
2025-01-01T10:33:00,9.448609408810944,out
2025-01-01T10:34:00,10.074813769867408,out
2025-01-01T10:35:00,10.060139049765944,out
2025-01-01T10:36:00,10.074238160862897,out
2025-01-01T10:37:00,9.680391011217557,out
2025-01-01T10:38:00,10.333068744547397,out
2025-01-01T10:39:00,10.286505292579394,out
2025-01-01T10:40:00,9.45435861202629,out
2025-01-01T10:41:00,10.307179000697916,out
2025-01-01T10:42:00,10.823915148180983,out
2025-01-01T10:43:00,10.046928004551548,out
2025-01-01T10:44:00,9.818478861915539,out
2025-01-01T10:45:00,9.871835506055962,out
2025-01-01T10:46:00,10.149930645217976,out
2025-01-01T10:47:00,9.186714196699612,out
2025-01-01T10:48:00,9.919858247440606,out
2025-01-01T10:49:00,9.673000214382942,out
2025-01-01T10:50:00,10.543364802208057,out
2025-01-01T10:51:00,9.709580356331443,out
2025-01-01T10:52:00,10.42138527278423,out
2025-01-01T10:53:00,9.287681329691734,out
2025-01-01T10:54:00,9.938995734944651,out
2025-01-01T10:55:00,9.806734189702446,out
2025-01-01T10:56:00,9.306205235756083,out
2025-01-01T10:57:00,9.699601145045223,out
2025-01-01T10:58:00,10.088437791202182,out
2025-01-01T10:59:00,9.448670605033207,out
2025-01-01T11:00:00,8.876129210947221,out
2025-01-01T11:01:00,9.520586558642187,out
2025-01-01T11:02:00,9.141310786409647,out
2025-01-01T11:03:00,9.339983382708407,out
2025-01-01T11:04:00,9.418896265723959,out
2025-01-01T11:05:00,8.743854467550834,out
2025-01-01T11:06:00,8.754408847407163,out
2025-01-01T11:07:00,9.568029079744694,out
2025-01-01T11:08:00,9.14061884759532,out
2025-01-01T11:09:00,8.298286873400778,out
2025-01-01T11:10:00,9.612575298271874,out
2025-01-01T11:11:00,9.382013935048375,out
2025-01-01T11:12:00,8.961920215291963,out
2025-01-01T11:13:00,8.69511842241777,out
2025-01-01T11:14:00,9.530530765028917,out
2025-01-01T11:15:00,9.310282181120943,out
2025-01-01T11:16:00,10.097894885332899,out
2025-01-01T11:17:00,9.287219655542383,out
2025-01-01T11:18:00,9.248494409457692,out
2025-01-01T11:19:00,9.000890100799625,out
2025-01-01T11:20:00,9.3685994128819,out
2025-01-01T11:21:00,9.26613110359341,out
2025-01-01T11:22:00,9.490975638590143,out
2025-01-01T11:23:00,8.755926226168045,out
2025-01-01T11:24:00,8.7644438010638,out
2025-01-01T11:25:00,8.721099048774708,out
2025-01-01T11:26:00,9.20317715524926,out
2025-01-01T11:27:00,9.460305508065769,out
2025-01-01T11:28:00,8.651502408500674,out
2025-01-01T11:29:00,8.639196090525102,out
2025-01-01T11:30:00,8.90878804286823,out
2025-01-01T11:31:00,8.65888921480982,out
2025-01-01T11:32:00,9.11203752168684,out
2025-01-01T11:33:00,7.80451346849941,out
2025-01-01T11:34:00,8.348537263840683,out
2025-01-01T11:35:00,8.34023471552721,out
2025-01-01T11:36:00,7.699028374651465,out
2025-01-01T11:37:00,8.215672991924936,out
2025-01-01T11:38:00,8.209012068782975,out
2025-01-01T11:39:00,8.468567850172883,out
2025-01-01T11:40:00,8.968120813150055,out
2025-01-01T11:41:00,8.398824984596947,out
2025-01-01T11:42:00,8.05842908625861,out
2025-01-01T11:43:00,8.421869124686983,out
2025-01-01T11:44:00,8.838208291041294,out
2025-01-01T11:45:00,8.002035248934897,out
2025-01-01T11:46:00,8.002061283640565,out
2025-01-01T11:47:00,8.563576309089957,out
2025-01-01T11:48:00,8.225401291165342,out
2025-01-01T11:49:00,8.546862647411855,out
2025-01-01T11:50:00,8.256257607473898,out
2025-01-01T11:51:00,8.516224353790241,out
2025-01-01T11:52:00,7.795365734598751,out
2025-01-01T11:53:00,8.17839721894363,out
2025-01-01T11:54:00,8.072785684101978,out
2025-01-01T11:55:00,7.644532940565715,out
2025-01-01T11:56:00,7.479323259476229,out
2025-01-01T11:57:00,8.352837187537933,out
2025-01-01T11:58:00,7.911978260103052,out
2025-01-01T11:59:00,7.617267743049549,out
2025-01-01T12:00:00,7.961528425230667,out
2025-01-01T12:01:00,8.42502768723124,out
2025-01-01T12:02:00,7.0353456488609885,out
2025-01-01T12:03:00,7.322806950610603,out
2025-01-01T12:04:00,7.526130984618193,out
2025-01-01T12:05:00,8.453582236480765,out
2025-01-01T12:06:00,7.9559731033204795,out
2025-01-01T12:07:00,8.123695816925556,out
2025-01-01T12:08:00,7.334538652134503,out
2025-01-01T12:09:00,7.3166267553373805,out
2025-01-01T12:10:00,7.917409162497069,out
2025-01-01T12:11:00,7.735440961246114,out
2025-01-01T12:12:00,7.905479790087989,out
2025-01-01T12:13:00,7.584774878248354,out
2025-01-01T12:14:00,7.744966253372712,out
2025-01-01T12:15:00,7.670828858581186,out
2025-01-01T12:16:00,7.892568113169218,out
2025-01-01T12:17:00,7.8781523716053945,out
2025-01-01T12:18:00,6.881296627876223,out
2025-01-01T12:19:00,6.604243332790431,out
2025-01-01T12:20:00,7.877763702574655,out
2025-01-01T12:21:00,7.92608032532436,out
2025-01-01T12:22:00,7.016676277073323,out
2025-01-01T12:23:00,6.654937467709291,out
2025-01-01T12:24:00,7.412443148796959,out
2025-01-01T12:25:00,7.719134041428426,out
2025-01-01T12:26:00,8.039818526366286,out
2025-01-01T12:27:00,7.501294644093557,out
2025-01-01T12:28:00,7.120097260934838,out
2025-01-01T12:29:00,6.885553936551076,out
2025-01-01T12:30:00,7.221423363347954,out
2025-01-01T12:31:00,7.07118853680356,out
2025-01-01T12:32:00,6.758934231948083,out
2025-01-01T12:33:00,7.958546528398241,out
2025-01-01T12:34:00,7.827210894051189,out
2025-01-01T12:35:00,7.541679156282673,out
2025-01-01T12:36:00,6.693053050634965,out
2025-01-01T12:37:00,7.377552336095958,out
2025-01-01T12:38:00,7.265564928635096,out
2025-01-01T12:39:00,7.160921226587474,out
2025-01-01T12:40:00,7.457977040815931,out
2025-01-01T12:41:00,7.186487184301461,out
2025-01-01T12:42:00,7.202592541568849,out
2025-01-01T12:43:00,7.135618297296477,out
2025-01-01T12:44:00,6.991462590941574,out
2025-01-01T12:45:00,6.116013616017558,out
2025-01-01T12:46:00,6.83724082446104,out
2025-01-01T12:47:00,6.555672709619285,out
2025-01-01T12:48:00,6.240593472037437,out
2025-01-01T12:49:00,7.399660614781652,out
2025-01-01T12:50:00,7.392960452725666,out
2025-01-01T12:51:00,7.219503629989239,out
2025-01-01T12:52:00,6.75237904067916,out
2025-01-01T12:53:00,7.1650477028465795,out
2025-01-01T12:54:00,6.604149089105299,out
2025-01-01T12:55:00,6.655003556802075,out
2025-01-01T12:56:00,6.111080078217202,out
2025-01-01T12:57:00,6.681876763625578,out
2025-01-01T12:58:00,6.521874347043121,out
2025-01-01T12:59:00,5.951327464033049,out
2025-01-01T13:00:00,6.426606884658237,out
2025-01-01T13:01:00,6.38992088770943,out
2025-01-01T13:02:00,7.115594210188316,out
2025-01-01T13:03:00,6.72904263221492,out
2025-01-01T13:04:00,6.350754040734593,out
2025-01-01T13:05:00,6.420540839734481,out
2025-01-01T13:06:00,6.313592883018145,out
2025-01-01T13:07:00,6.189656797277245,out
2025-01-01T13:08:00,5.812798892708267,out
2025-01-01T13:09:00,6.1603297991038035,out
2025-01-01T13:10:00,5.897325900313356,out
2025-01-01T13:11:00,5.670687990262679,out
2025-01-01T13:12:00,6.35038675956933,out
2025-01-01T13:13:00,6.277523025070799,out
2025-01-01T13:14:00,5.381489057022217,out
2025-01-01T13:15:00,6.02228935318298,out
2025-01-01T13:16:00,6.444871627617031,out
2025-01-01T13:17:00,6.445545623981805,out
2025-01-01T13:18:00,6.40749358175147,out
2025-01-01T13:19:00,5.988064974740624,out
2025-01-01T13:20:00,5.609861008858327,out
2025-01-01T13:21:00,5.489818126591819,out
2025-01-01T13:22:00,6.03659767434334,out
2025-01-01T13:23:00,6.02596578575977,out
2025-01-01T13:24:00,6.364724747370227,out
2025-01-01T13:25:00,6.265363630434624,out
2025-01-01T13:26:00,5.748101177041749,out
2025-01-01T13:27:00,5.278973023396636,out
2025-01-01T13:28:00,5.624717800700169,out
2025-01-01T13:29:00,5.815000773809614,out
2025-01-01T13:30:00,5.623066107653701,out
2025-01-01T13:31:00,5.4485765869480165,out
2025-01-01T13:32:00,5.7567671550523185,out
2025-01-01T13:33:00,5.429953765130152,out
2025-01-01T13:34:00,5.3562791529583755,out
2025-01-01T13:35:00,5.708100994568953,out
2025-01-01T13:36:00,5.398783109493517,out
2025-01-01T13:37:00,5.633328639910479,out
2025-01-01T13:38:00,5.621122153203415,out
2025-01-01T13:39:00,5.032269974338804,out
2025-01-01T13:40:00,5.271793980009639,out
2025-01-01T13:41:00,6.015698336557835,out
2025-01-01T13:42:00,4.952101614056517,out
2025-01-01T13:43:00,4.546666675985286,out
2025-01-01T13:44:00,4.625035057968533,out
2025-01-01T13:45:00,5.357911837316661,out
2025-01-01T13:46:00,5.335180032554226,out
2025-01-01T13:47:00,5.2523650116053435,out
2025-01-01T13:48:00,5.761732933134121,out
2025-01-01T13:49:00,4.183622736057087,out
2025-01-01T13:50:00,5.3878818703621265,out
2025-01-01T13:51:00,5.830888158770761,out
2025-01-01T13:52:00,4.732058317327971,out
2025-01-01T13:53:00,5.008159392174982,out
2025-01-01T13:54:00,4.835890671550901,out
2025-01-01T13:55:00,4.756328968052664,out
2025-01-01T13:56:00,4.960637476512763,out
2025-01-01T13:57:00,5.639266664492074,out
2025-01-01T13:58:00,5.7804133095742065,out
2025-01-01T13:59:00,4.888325287932692,out
2025-01-01T14:00:00,5.762024085625789,out
2025-01-01T14:01:00,4.9915867285206925,out
2025-01-01T14:02:00,5.656246232916209,out
2025-01-01T14:03:00,4.894922023676291,out
2025-01-01T14:04:00,4.962194680958133,out
2025-01-01T14:05:00,5.033550240094007,out
2025-01-01T14:06:00,6.136550083451322,out
2025-01-01T14:07:00,5.1832306880267,out
2025-01-01T14:08:00,4.537578602620186,out
2025-01-01T14:09:00,5.185912052616675,out
2025-01-01T14:10:00,4.631469335085322,out
2025-01-01T14:11:00,4.558253098631553,out
2025-01-01T14:12:00,5.095606333866682,out
2025-01-01T14:13:00,4.72267485798898,out
2025-01-01T14:14:00,4.799808453932373,out
2025-01-01T14:15:00,4.672172690628505,out
2025-01-01T14:16:00,4.779475829817693,out
2025-01-01T14:17:00,4.793156792804049,out
2025-01-01T14:18:00,3.826775805368838,out
2025-01-01T14:19:00,4.846648491865996,out
2025-01-01T14:20:00,4.1657336139616055,out
2025-01-01T14:21:00,3.9602092055528346,out
2025-01-01T14:22:00,4.492417768190888,out
2025-01-01T14:23:00,4.528094407501177,out
2025-01-01T14:24:00,4.195886020416249,out
2025-01-01T14:25:00,4.784554852885698,out
2025-01-01T14:26:00,3.894193212943591,out
2025-01-01T14:27:00,4.247274897067022,out
2025-01-01T14:28:00,4.155160207114512,out
2025-01-01T14:29:00,4.3496011636068985,out
2025-01-01T14:30:00,4.458977139806571,out
2025-01-01T14:31:00,3.923539139943888,out
2025-01-01T14:32:00,4.595744219028542,out
2025-01-01T14:33:00,4.310637251474877,out
2025-01-01T14:34:00,3.508133678849519,out
2025-01-01T14:35:00,3.4610225907368335,out
2025-01-01T14:36:00,4.219149936529252,out
2025-01-01T14:37:00,4.115381101510363,out
2025-01-01T14:38:00,4.142162632903565,out
2025-01-01T14:39:00,4.152173005504405,out
2025-01-01T14:40:00,4.233498277684837,out
2025-01-01T14:41:00,4.502315966081538,out
2025-01-01T14:42:00,3.658869749651875,out
2025-01-01T14:43:00,3.6146528480633493,out
2025-01-01T14:44:00,3.626316282902004,out
2025-01-01T14:45:00,4.159491776267069,out
2025-01-01T14:46:00,4.522258662164155,out
2025-01-01T14:47:00,3.8321742286991904,out
2025-01-01T14:48:00,2.9845364241829886,out
2025-01-01T14:49:00,3.284202010347843,out
2025-01-01T14:50:00,3.6132440651876347,out
2025-01-01T14:51:00,3.7041039718042654,out
2025-01-01T14:52:00,3.7446543887231187,out
2025-01-01T14:53:00,3.904334507234212,out
2025-01-01T14:54:00,3.7451740135084988,out
2025-01-01T14:55:00,4.270657509523747,out
2025-01-01T14:56:00,3.5616428549734707,out
2025-01-01T14:57:00,3.4683300571597027,out
2025-01-01T14:58:00,3.9860946296090787,out
2025-01-01T14:59:00,3.161654825293743,out
2025-01-01T15:00:00,3.913235995008716,out
2025-01-01T15:01:00,3.779909019750796,out
2025-01-01T15:02:00,3.661520309107645,out
2025-01-01T15:03:00,4.33749878231178,out
2025-01-01T15:04:00,3.435078219850208,out
2025-01-01T15:05:00,4.489935495851098,out
2025-01-01T15:06:00,3.557581194235034,out
2025-01-01T15:07:00,3.118967602717508,out
2025-01-01T15:08:00,3.639845622682907,out
2025-01-01T15:09:00,3.1635668632583807,out
2025-01-01T15:10:00,3.275633640013857,out
2025-01-01T15:11:00,3.717504555085205,out
2025-01-01T15:12:00,3.763363882595686,out
2025-01-01T15:13:00,3.2747886695281,out
2025-01-01T15:14:00,3.901227733284549,out
2025-01-01T15:15:00,3.9519642583345904,out
2025-01-01T15:16:00,4.046263221288685,out
2025-01-01T15:17:00,3.666375456545992,out
2025-01-01T15:18:00,3.982935691234096,out
2025-01-01T15:19:00,2.6682858101152034,out
2025-01-01T15:20:00,3.2765707218347475,out
2025-01-01T15:21:00,3.0401469050298746,out
2025-01-01T15:22:00,3.417942844124637,out
2025-01-01T15:23:00,3.125064447828193,out
2025-01-01T15:24:00,3.2706610944782835,out
2025-01-01T15:25:00,4.073563053524328,out
2025-01-01T15:26:00,3.2364631403173663,out
2025-01-01T15:27:00,3.4536153415916173,out
2025-01-01T15:28:00,3.179027746389977,out
2025-01-01T15:29:00,3.286147872719673,out
2025-01-01T15:30:00,3.242286630427019,out
2025-01-01T15:31:00,3.4033176111815338,out
2025-01-01T15:32:00,3.674309953935114,out
2025-01-01T15:33:00,3.8514347228949686,out
2025-01-01T15:34:00,3.3007068690603645,out
2025-01-01T15:35:00,3.397151128809345,out
2025-01-01T15:36:00,2.6855522300760892,out
2025-01-01T15:37:00,3.0954054112436795,out
2025-01-01T15:38:00,3.4914226758155196,out
2025-01-01T15:39:00,3.4465381243967883,out
2025-01-01T15:40:00,3.1697316273840705,out
2025-01-01T15:41:00,3.4246759561742017,out
2025-01-01T15:42:00,3.251549551865433,out
2025-01-01T15:43:00,3.5205840085405975,out
2025-01-01T15:44:00,3.1415182274525955,out
2025-01-01T15:45:00,2.868902999956315,out
2025-01-01T15:46:00,3.131021570370201,out
2025-01-01T15:47:00,1.8100453145723339,out
2025-01-01T15:48:00,3.1211308868814744,out
2025-01-01T15:49:00,1.494400792127732,out
2025-01-01T15:50:00,2.2502659621605203,out
2025-01-01T15:51:00,3.106340510152554,out
2025-01-01T15:52:00,3.1027231579681622,out
2025-01-01T15:53:00,2.4329151379706513,out
2025-01-01T15:54:00,2.599318197123873,out
2025-01-01T15:55:00,3.418745171407973,out
2025-01-01T15:56:00,2.663384143158257,out
2025-01-01T15:57:00,3.74072965595248,out
2025-01-01T15:58:00,2.829457096080306,out
2025-01-01T15:59:00,2.9802014395261334,out
2025-01-01T16:00:00,3.450597336692812,out
2025-01-01T16:01:00,2.8432179595425136,out
2025-01-01T16:02:00,2.376928232084282,out
2025-01-01T16:03:00,2.721132976885502,out
2025-01-01T16:04:00,2.7380374626875903,out
2025-01-01T16:05:00,2.193742804874328,out
2025-01-01T16:06:00,2.624764495491879,out
2025-01-01T16:07:00,2.417778733168714,out
2025-01-01T16:08:00,3.0720575457214117,out
2025-01-01T16:09:00,2.7039189248958513,out
2025-01-01T16:10:00,2.5648167012716434,out
2025-01-01T16:11:00,2.623424378836551,out
2025-01-01T16:12:00,2.74320966223226,out
2025-01-01T16:13:00,2.8888520194090916,out
2025-01-01T16:14:00,2.2305089389200963,out
2025-01-01T16:15:00,2.2021284977553615,out
2025-01-01T16:16:00,3.049107408366011,out
2025-01-01T16:17:00,2.4308758151825822,out
2025-01-01T16:18:00,2.017751456862087,out
2025-01-01T16:19:00,2.750794211027035,out
2025-01-01T16:20:00,2.7475012001931765,out
2025-01-01T16:21:00,1.9388548541468293,out
2025-01-01T16:22:00,2.6320250609261837,out
2025-01-01T16:23:00,2.823660975508819,out
2025-01-01T16:24:00,2.6684818348269,out
2025-01-01T16:25:00,2.760923718787876,out
2025-01-01T16:26:00,1.9359319144529579,out
2025-01-01T16:27:00,2.619668801105088,out
2025-01-01T16:28:00,2.3559229754971804,out
2025-01-01T16:29:00,2.273678106487432,out
2025-01-01T16:30:00,2.8049450487001715,out
2025-01-01T16:31:00,3.0384667801642933,out
2025-01-01T16:32:00,3.15464489443942,out
2025-01-01T16:33:00,2.953065831370818,out
2025-01-01T16:34:00,2.373600919455779,out
2025-01-01T16:35:00,2.549040849513746,out
2025-01-01T16:36:00,2.705246589730488,out
2025-01-01T16:37:00,2.4376599216037143,out
2025-01-01T16:38:00,2.432272539674232,out
2025-01-01T16:39:00,2.7003532372155687,out
2025-01-01T16:40:00,2.3381312168741775,out
2025-01-01T16:41:00,2.0612291339123123,out
2025-01-01T16:42:00,2.178361827112587,out
2025-01-01T16:43:00,2.5890300287367927,out
2025-01-01T16:44:00,2.3280858628840813,out
2025-01-01T16:45:00,2.454503213776701,out
2025-01-01T16:46:00,2.5780897656436808,out
2025-01-01T16:47:00,2.1518686576296946,out
2025-01-01T16:48:00,2.5961601676810013,out
2025-01-01T16:49:00,2.4371622435236886,out
2025-01-01T16:50:00,1.7837730607460467,out
2025-01-01T16:51:00,2.846802249731378,out
2025-01-01T16:52:00,2.061873566719022,out
2025-01-01T16:53:00,1.5925336978970412,out
2025-01-01T16:54:00,1.8290641069563207,out
2025-01-01T16:55:00,1.8312828094131,out
2025-01-01T16:56:00,2.253299151833102,out
2025-01-01T16:57:00,2.1157283790596213,out
2025-01-01T16:58:00,2.083484493692025,out
2025-01-01T16:59:00,2.4591568432201147,out
2025-01-01T17:00:00,2.3403951867426716,out
2025-01-01T17:01:00,2.324143514774056,out
2025-01-01T17:02:00,2.355045540662831,out
2025-01-01T17:03:00,2.431068408960369,out
2025-01-01T17:04:00,1.3350443056330437,out
2025-01-01T17:05:00,2.026172280214648,out
2025-01-01T17:06:00,1.2936964518181515,out
2025-01-01T17:07:00,2.1741484199564276,out
2025-01-01T17:08:00,2.1519264223988515,out
2025-01-01T17:09:00,2.5661589868647967,out
2025-01-01T17:10:00,2.6172777143688486,out
2025-01-01T17:11:00,2.2177233805248737,out
2025-01-01T17:12:00,1.9309699646384069,out
2025-01-01T17:13:00,2.3197916101107925,out
2025-01-01T17:14:00,1.9092847173452974,out
2025-01-01T17:15:00,2.1147312570032786,out
2025-01-01T17:16:00,2.504691426098324,out
2025-01-01T17:17:00,1.882189075251172,out
2025-01-01T17:18:00,2.422742010313273,out
2025-01-01T17:19:00,2.366716361599176,out
2025-01-01T17:20:00,1.7092367550744234,out
2025-01-01T17:21:00,2.476221296938494,out
2025-01-01T17:22:00,2.361712928925214,out
2025-01-01T17:23:00,2.118792155587671,out
2025-01-01T17:24:00,1.7689405732181134,out
2025-01-01T17:25:00,1.7261485297632082,out
2025-01-01T17:26:00,1.85083978906729,out
2025-01-01T17:27:00,2.2791294643987627,out
2025-01-01T17:28:00,1.676141520590019,out
2025-01-01T17:29:00,2.229809515126655,out
2025-01-01T17:30:00,1.5546286202057809,out
2025-01-01T17:31:00,1.9663428681461705,out
2025-01-01T17:32:00,2.0885821919816716,out
2025-01-01T17:33:00,3.0196413162940092,out
2025-01-01T17:34:00,1.4876426037323285,out
2025-01-01T17:35:00,2.6244677972621364,out
2025-01-01T17:36:00,2.092805593385272,out
2025-01-01T17:37:00,2.194657657700915,out
2025-01-01T17:38:00,2.0749619751522093,out
2025-01-01T17:39:00,2.2030611618301226,out
2025-01-01T17:40:00,1.961357769704719,out
2025-01-01T17:41:00,2.602227057596415,out
2025-01-01T17:42:00,1.8359075399113434,out
2025-01-01T17:43:00,2.469392718274785,out
2025-01-01T17:44:00,1.756868850355846,out
2025-01-01T17:45:00,1.9887457220078648,out
2025-01-01T17:46:00,1.5824061885527103,out
2025-01-01T17:47:00,2.191659464794916,out
2025-01-01T17:48:00,2.5862731742431704,out
2025-01-01T17:49:00,1.975967209161954,out
2025-01-01T17:50:00,1.9269563910272896,out
2025-01-01T17:51:00,1.558778997328492,out
2025-01-01T17:52:00,1.9119379764645033,out
2025-01-01T17:53:00,1.3656807510911115,out
2025-01-01T17:54:00,1.6369048554591252,out
2025-01-01T17:55:00,2.092142255964199,out
2025-01-01T17:56:00,2.5285191081582106,out
2025-01-01T17:57:00,3.124198379047759,out
2025-01-01T17:58:00,1.7655944275866116,out
2025-01-01T17:59:00,2.5741771783337697,out
2025-01-01T18:00:00,2.097500992160659,out
2025-01-01T18:01:00,1.9395580569770432,out
2025-01-01T18:02:00,2.173266242305433,out
2025-01-01T18:03:00,2.0252806280279416,out
2025-01-01T18:04:00,2.0450721193065395,out
2025-01-01T18:05:00,1.8380945723898772,out
2025-01-01T18:06:00,1.442812186227116,out
2025-01-01T18:07:00,1.385348373970889,out
2025-01-01T18:08:00,2.2649529911979163,out
2025-01-01T18:09:00,1.8939457465213774,out
2025-01-01T18:10:00,1.7672751106463869,out
2025-01-01T18:11:00,2.010311931779557,out
2025-01-01T18:12:00,2.326195692638808,out
2025-01-01T18:13:00,2.081795553866467,out
2025-01-01T18:14:00,1.748769234812411,out
2025-01-01T18:15:00,2.5033636428279595,out
2025-01-01T18:16:00,2.6462898996337074,out
2025-01-01T18:17:00,2.214321551532227,out
2025-01-01T18:18:00,2.407961402138868,out
2025-01-01T18:19:00,2.517390983738956,out
2025-01-01T18:20:00,2.4748715380113318,out
2025-01-01T18:21:00,2.2708101053970786,out
2025-01-01T18:22:00,2.2669616286268806,out
2025-01-01T18:23:00,2.238053119833131,out
2025-01-01T18:24:00,1.5939335579715423,out
2025-01-01T18:25:00,2.3159512334099164,out
2025-01-01T18:26:00,1.496243277489853,out
2025-01-01T18:27:00,1.7237494762204204,out
2025-01-01T18:28:00,2.5661491172753026,out
2025-01-01T18:29:00,2.384058366999389,out
2025-01-01T18:30:00,2.646290147631482,out
2025-01-01T18:31:00,1.9461348622037893,out
2025-01-01T18:32:00,1.5974920510398705,out
2025-01-01T18:33:00,1.9659168002538416,out
2025-01-01T18:34:00,2.106717338724728,out
2025-01-01T18:35:00,2.10142642372944,out
2025-01-01T18:36:00,2.5273421479318543,out
2025-01-01T18:37:00,1.9335136306372303,out
2025-01-01T18:38:00,2.2231001794977807,out
2025-01-01T18:39:00,1.6912127858776913,out
2025-01-01T18:40:00,2.271280393144276,out
2025-01-01T18:41:00,2.096999234196509,out
2025-01-01T18:42:00,1.8005452193024656,out
2025-01-01T18:43:00,2.0109658687770002,out
2025-01-01T18:44:00,2.036566600707927,out
2025-01-01T18:45:00,2.007226265845779,out
2025-01-01T18:46:00,2.828988269182095,out
2025-01-01T18:47:00,2.086348764169345,out
2025-01-01T18:48:00,2.033555951526232,out
2025-01-01T18:49:00,1.2976329781798701,out
2025-01-01T18:50:00,1.7845410164886084,out
2025-01-01T18:51:00,2.042716707166382,out
2025-01-01T18:52:00,1.8794385408179317,out
2025-01-01T18:53:00,2.712407486588427,out
2025-01-01T18:54:00,2.0998053674554518,out
2025-01-01T18:55:00,2.687325280847732,out
2025-01-01T18:56:00,2.202907495964168,out
2025-01-01T18:57:00,2.199505676328103,out
2025-01-01T18:58:00,2.1555955786463534,out
2025-01-01T18:59:00,2.1992428671649247,out
2025-01-01T19:00:00,2.891963043485534,out
2025-01-01T19:01:00,1.283431766326635,out
2025-01-01T19:02:00,1.4175989829727897,out
2025-01-01T19:03:00,2.00800024885567,out
2025-01-01T19:04:00,2.2382409771451135,out
2025-01-01T19:05:00,2.5157426435900327,out
2025-01-01T19:06:00,2.436316470001831,out
2025-01-01T19:07:00,2.1008734700188842,out
2025-01-01T19:08:00,2.6697889415184926,out
2025-01-01T19:09:00,2.681958494517972,out
2025-01-01T19:10:00,2.3513214280192636,out
2025-01-01T19:11:00,2.6706882311350664,out
2025-01-01T19:12:00,2.4027190076019296,out
2025-01-01T19:13:00,2.077212032075584,out
2025-01-01T19:14:00,2.589184804362806,out
2025-01-01T19:15:00,2.362664472060837,out
2025-01-01T19:16:00,2.327424485105893,out
2025-01-01T19:17:00,2.924647306519123,out
2025-01-01T19:18:00,1.3638022020308949,out
2025-01-01T19:19:00,1.7858702403979478,out
2025-01-01T19:20:00,1.8870161047348004,out
2025-01-01T19:21:00,2.225547725437573,out
2025-01-01T19:22:00,2.278123596603202,out
2025-01-01T19:23:00,1.78625848277471,out
2025-01-01T19:24:00,2.0044542280924587,out
2025-01-01T19:25:00,2.0636161128937807,out
2025-01-01T19:26:00,3.4004642289382088,out
2025-01-01T19:27:00,3.147839461867312,out
2025-01-01T19:28:00,2.2721971055254158,out
2025-01-01T19:29:00,2.3013236597718816,out
2025-01-01T19:30:00,1.9970412060569607,out
2025-01-01T19:31:00,1.7035420046871825,out
2025-01-01T19:32:00,2.4302188047219473,out
2025-01-01T19:33:00,2.0881119458089983,out
2025-01-01T19:34:00,2.463699341024452,out
2025-01-01T19:35:00,1.8680487856659256,out
2025-01-01T19:36:00,2.213937470820291,out
2025-01-01T19:37:00,2.588878576658601,out
2025-01-01T19:38:00,2.6867162138543152,out
2025-01-01T19:39:00,2.718129740546317,out
2025-01-01T19:40:00,2.033957684117283,out
2025-01-01T19:41:00,2.915143419328017,out
2025-01-01T19:42:00,2.2644036152600955,out
2025-01-01T19:43:00,2.8489537299073935,out
2025-01-01T19:44:00,2.60298025155772,out
2025-01-01T19:45:00,2.0682085511726904,out
2025-01-01T19:46:00,2.5039147485553728,out
2025-01-01T19:47:00,2.788271836358685,out
2025-01-01T19:48:00,2.899147007059632,out
2025-01-01T19:49:00,2.609501992107813,out
2025-01-01T19:50:00,3.2906465571710917,out
2025-01-01T19:51:00,3.093078483616373,out
2025-01-01T19:52:00,2.599652796286536,out
2025-01-01T19:53:00,3.014704295622462,out
2025-01-01T19:54:00,3.500614718103482,out
2025-01-01T19:55:00,3.523833306068163,out
2025-01-01T19:56:00,2.261081804834624,out
2025-01-01T19:57:00,2.394410713100357,out
2025-01-01T19:58:00,3.3718333390541417,out
2025-01-01T19:59:00,2.36749469273009,out
2025-01-01T20:00:00,2.2748311239766963,out
2025-01-01T20:01:00,2.622509316494006,out
2025-01-01T20:02:00,2.998315721140679,out
2025-01-01T20:03:00,2.8026028483468437,out
2025-01-01T20:04:00,2.5967707476250896,out
2025-01-01T20:05:00,2.600843791272515,out
2025-01-01T20:06:00,2.5992241881103615,out
2025-01-01T20:07:00,2.546082798563045,out
2025-01-01T20:08:00,3.824364573971869,out
2025-01-01T20:09:00,3.0446374982503803,out
2025-01-01T20:10:00,3.294354946884581,out
2025-01-01T20:11:00,2.7581349349660744,out
2025-01-01T20:12:00,2.8935939214530353,out
2025-01-01T20:13:00,2.6968614723653013,out
2025-01-01T20:14:00,1.9360017336293096,out
2025-01-01T20:15:00,2.4599786154455803,out
2025-01-01T20:16:00,2.3015270926775897,out
2025-01-01T20:17:00,2.140547994056225,out
2025-01-01T20:18:00,2.577099278548664,out
2025-01-01T20:19:00,3.6001006440996686,out
2025-01-01T20:20:00,3.0673132671843075,out
2025-01-01T20:21:00,3.6163761739583955,out
2025-01-01T20:22:00,3.2796999206224333,out
2025-01-01T20:23:00,3.4435796384959905,out
2025-01-01T20:24:00,2.7855392356284843,out
2025-01-01T20:25:00,3.3709127560721717,out
2025-01-01T20:26:00,3.4683445299264344,out
2025-01-01T20:27:00,2.961818206960158,out
2025-01-01T20:28:00,3.4320030879627086,out
2025-01-01T20:29:00,3.450463088222198,out
2025-01-01T20:30:00,3.0200589098005555,out
2025-01-01T20:31:00,2.806755184628541,out
2025-01-01T20:32:00,2.798284145600357,out
2025-01-01T20:33:00,3.322700631484115,out
2025-01-01T20:34:00,3.4351550064012417,out
2025-01-01T20:35:00,3.0036827692595414,out
2025-01-01T20:36:00,3.347758367788615,out
2025-01-01T20:37:00,3.58185894996228,out
2025-01-01T20:38:00,3.6175287855397995,out
2025-01-01T20:39:00,4.007701055608235,out
2025-01-01T20:40:00,3.9145256741653482,out
2025-01-01T20:41:00,3.020088608202208,out
2025-01-01T20:42:00,4.1109986902150215,out
2025-01-01T20:43:00,3.2422194918734166,out
2025-01-01T20:44:00,3.889691643645137,out
2025-01-01T20:45:00,3.5161558055465694,out
2025-01-01T20:46:00,3.341405923883201,out
2025-01-01T20:47:00,2.8005770057198283,out
2025-01-01T20:48:00,3.4725052430490932,out
2025-01-01T20:49:00,2.9349379409567646,out
2025-01-01T20:50:00,3.963255673476364,out
2025-01-01T20:51:00,4.200782006241584,out
2025-01-01T20:52:00,3.293113394566298,out
2025-01-01T20:53:00,3.7505624777133058,out
2025-01-01T20:54:00,3.357597165123083,out
2025-01-01T20:55:00,3.414422335586748,out
2025-01-01T20:56:00,3.993759079514242,out
2025-01-01T20:57:00,3.686773034714708,out
2025-01-01T20:58:00,4.416356521847313,out
2025-01-01T20:59:00,3.54599475477912,out
2025-01-01T21:00:00,4.15709384587051,out
2025-01-01T21:01:00,3.814877018447301,out
2025-01-01T21:02:00,4.112855618098588,out
2025-01-01T21:03:00,3.6343941780179403,out
2025-01-01T21:04:00,3.8122262422253814,out
2025-01-01T21:05:00,3.8047221135868075,out
2025-01-01T21:06:00,3.5354496998991607,out
2025-01-01T21:07:00,4.153734671874545,out
2025-01-01T21:08:00,4.168109441856353,out
2025-01-01T21:09:00,4.164617404764577,out
2025-01-01T21:10:00,4.561245015873094,out
2025-01-01T21:11:00,4.545537075886511,out
2025-01-01T21:12:00,3.8352384859071975,out
2025-01-01T21:13:00,4.153930931368665,out
2025-01-01T21:14:00,3.7748394350022876,out
2025-01-01T21:15:00,4.053267235845405,out
2025-01-01T21:16:00,3.8237460464094095,out
2025-01-01T21:17:00,4.7314696088780845,out
2025-01-01T21:18:00,4.24879097015608,out
2025-01-01T21:19:00,4.036044470900448,out
2025-01-01T21:20:00,4.620721770623313,out
2025-01-01T21:21:00,3.2951198241983244,out
2025-01-01T21:22:00,3.3778896403873,out
2025-01-01T21:23:00,4.522103490712812,out
2025-01-01T21:24:00,4.24826503294792,out
2025-01-01T21:25:00,4.344637686999951,out
2025-01-01T21:26:00,3.734353738846863,out
2025-01-01T21:27:00,4.276142819800848,out
2025-01-01T21:28:00,5.1074349122065845,out
2025-01-01T21:29:00,4.656376167711648,out
2025-01-01T21:30:00,4.415314044004798,out
2025-01-01T21:31:00,4.192614507700656,out
2025-01-01T21:32:00,4.231280720339953,out
2025-01-01T21:33:00,3.5583732408960373,out
2025-01-01T21:34:00,4.534119447860414,out
2025-01-01T21:35:00,4.790335353211248,out
2025-01-01T21:36:00,3.8430407553769137,out
2025-01-01T21:37:00,4.229935249252664,out
2025-01-01T21:38:00,4.052796412840993,out
2025-01-01T21:39:00,4.150988381853092,out
2025-01-01T21:40:00,4.579934032622481,out
2025-01-01T21:41:00,3.746258562426789,out
2025-01-01T21:42:00,4.847270753793827,out
2025-01-01T21:43:00,4.92471246180306,out
2025-01-01T21:44:00,4.544401543960751,out
2025-01-01T21:45:00,3.6742951978885703,out
2025-01-01T21:46:00,4.289810637726694,out
2025-01-01T21:47:00,5.203401396521593,out
2025-01-01T21:48:00,3.620968077618409,out
2025-01-01T21:49:00,4.615143806914627,out
2025-01-01T21:50:00,4.304202038532152,out
2025-01-01T21:51:00,5.120141025140262,out
2025-01-01T21:52:00,4.550438833743385,out
2025-01-01T21:53:00,5.004298066383025,out
2025-01-01T21:54:00,5.09119277937194,out
2025-01-01T21:55:00,5.62185078692888,out
2025-01-01T21:56:00,4.828594773069526,out
2025-01-01T21:57:00,5.082659231386729,out
2025-01-01T21:58:00,4.360747630584801,out
2025-01-01T21:59:00,5.4535215630443385,out
2025-01-01T22:00:00,4.695796460771452,out
2025-01-01T22:01:00,4.798399312313654,out
2025-01-01T22:02:00,5.0365595214395125,out
2025-01-01T22:03:00,4.443118812882328,out
2025-01-01T22:04:00,5.182650290093549,out
2025-01-01T22:05:00,5.501053895653678,out
2025-01-01T22:06:00,5.254220967841265,out
2025-01-01T22:07:00,4.5245229712194455,out
2025-01-01T22:08:00,5.133646905552791,out
2025-01-01T22:09:00,5.503124439241126,out
2025-01-01T22:10:00,4.478312814203431,out
2025-01-01T22:11:00,4.822850103771174,out
2025-01-01T22:12:00,5.626674443195325,out
2025-01-01T22:13:00,5.407447527454302,out
2025-01-01T22:14:00,5.487601754191849,out
2025-01-01T22:15:00,6.0900657817353165,out
2025-01-01T22:16:00,5.5571942306680135,out
2025-01-01T22:17:00,5.656483659746765,out
2025-01-01T22:18:00,6.50123163003756,out
2025-01-01T22:19:00,5.355065737355051,out
2025-01-01T22:20:00,5.1451373241084015,out
2025-01-01T22:21:00,5.659160134074285,out
2025-01-01T22:22:00,5.687436955818122,out
2025-01-01T22:23:00,5.32500072754065,out
2025-01-01T22:24:00,5.14662133372326,out
2025-01-01T22:25:00,6.507457629683607,out
2025-01-01T22:26:00,5.738242974603729,out
2025-01-01T22:27:00,5.3386227091335625,out
2025-01-01T22:28:00,6.021985349976196,out
2025-01-01T22:29:00,5.63607616955454,out
2025-01-01T22:30:00,5.602746827282325,out
2025-01-01T22:31:00,5.953017444651199,out
2025-01-01T22:32:00,5.2356075322118505,out
2025-01-01T22:33:00,5.917706256507849,out
2025-01-01T22:34:00,6.566174562746918,out
2025-01-01T22:35:00,6.011842835176713,out
2025-01-01T22:36:00,5.69930746121481,out
2025-01-01T22:37:00,5.671411659842409,out
2025-01-01T22:38:00,5.73461972310515,out
2025-01-01T22:39:00,5.821712586315927,out
2025-01-01T22:40:00,5.796756526942675,out
2025-01-01T22:41:00,6.339024268409864,out
2025-01-01T22:42:00,5.303875203313779,out
2025-01-01T22:43:00,6.366656148588127,out
2025-01-01T22:44:00,5.8947164632000355,out
2025-01-01T22:45:00,6.222142322459177,out
2025-01-01T22:46:00,5.645376897489099,out
2025-01-01T22:47:00,6.6524695878372775,out
2025-01-01T22:48:00,6.644152017819063,out
2025-01-01T22:49:00,6.554650416131962,out
2025-01-01T22:50:00,5.589863292656947,out
2025-01-01T22:51:00,6.552398978572994,out
2025-01-01T22:52:00,6.4077118067178604,out
2025-01-01T22:53:00,5.628713892342433,out
2025-01-01T22:54:00,6.286188978268138,out
2025-01-01T22:55:00,6.466839711427351,out
2025-01-01T22:56:00,6.568605974627261,out
2025-01-01T22:57:00,6.442261847589097,out
2025-01-01T22:58:00,6.513062310269409,out
2025-01-01T22:59:00,7.011257270153386,out
2025-01-01T23:00:00,6.9374992933491475,out
2025-01-01T23:01:00,5.325566329253736,out
2025-01-01T23:02:00,6.370744553738276,out
2025-01-01T23:03:00,6.457219830808457,out
2025-01-01T23:04:00,5.847629197311205,out
2025-01-01T23:05:00,6.611557869335884,out
2025-01-01T23:06:00,7.098830925828766,out
2025-01-01T23:07:00,6.190170510629279,out
2025-01-01T23:08:00,6.784854049412757,out
2025-01-01T23:09:00,6.309485998952415,out
2025-01-01T23:10:00,6.432597506899512,out
2025-01-01T23:11:00,7.317891420729334,out
2025-01-01T23:12:00,6.535506727048711,out
2025-01-01T23:13:00,6.963034488763185,out
2025-01-01T23:14:00,6.0553051470724215,out
2025-01-01T23:15:00,7.5743850924611795,out
2025-01-01T23:16:00,7.0962070062633265,out
2025-01-01T23:17:00,6.807855846887487,out
2025-01-01T23:18:00,7.1368054510470715,out
2025-01-01T23:19:00,6.368410955577822,out
2025-01-01T23:20:00,7.43112323069948,out
2025-01-01T23:21:00,6.854309066707279,out
2025-01-01T23:22:00,6.928086558816557,out
2025-01-01T23:23:00,6.8388823603908495,out
2025-01-01T23:24:00,6.829132648660379,out
2025-01-01T23:25:00,7.36512792751186,out
2025-01-01T23:26:00,7.215506273264026,out
2025-01-01T23:27:00,7.399743524614139,out
2025-01-01T23:28:00,7.161443518445376,out
2025-01-01T23:29:00,7.39617434278853,out
2025-01-01T23:30:00,7.049303349109675,out
2025-01-01T23:31:00,8.13469892174884,out
2025-01-01T23:32:00,6.641611772996912,out
2025-01-01T23:33:00,7.799150544678168,out
2025-01-01T23:34:00,7.867943697680946,out
2025-01-01T23:35:00,7.005935228501972,out
2025-01-01T23:36:00,8.264538664616468,out
2025-01-01T23:37:00,7.797067743505668,out
2025-01-01T23:38:00,7.813381087607818,out
2025-01-01T23:39:00,7.462199162829931,out
2025-01-01T23:40:00,7.390175080226579,out
2025-01-01T23:41:00,7.419387224110928,out
2025-01-01T23:42:00,7.685457664160734,out
2025-01-01T23:43:00,8.115823568841162,out
2025-01-01T23:44:00,7.653986844679814,out
2025-01-01T23:45:00,7.243003775364222,out
2025-01-01T23:46:00,7.9634795877448505,out
2025-01-01T23:47:00,8.02830357317765,out
2025-01-01T23:48:00,7.947848073921448,out
2025-01-01T23:49:00,8.01033079148193,out
2025-01-01T23:50:00,7.62991242374486,out
2025-01-01T23:51:00,7.392845438593353,out
2025-01-01T23:52:00,7.4433256475286775,out
2025-01-01T23:53:00,7.16258362135792,out
2025-01-01T23:54:00,7.937717754771139,out
2025-01-01T23:55:00,7.835731176501992,out
2025-01-01T23:56:00,7.719290479564415,out
2025-01-01T23:57:00,6.739214896833904,out
2025-01-01T23:58:00,7.4487137991320855,out
2025-01-01T23:59:00,8.422156404852787,out
2025-01-02T00:00:00,7.734149599974746,out
2025-01-02T00:01:00,8.170416526771213,out
2025-01-02T00:02:00,7.496085041000143,out
2025-01-02T00:03:00,8.654019766371757,out
2025-01-02T00:04:00,8.047103374601829,out
2025-01-02T00:05:00,8.246905468800776,out
2025-01-02T00:06:00,9.087373606599911,out
2025-01-02T00:07:00,8.789807119494695,out
2025-01-02T00:08:00,8.08677073170018,out
2025-01-02T00:09:00,7.998270820606268,out
2025-01-02T00:10:00,8.131498319584201,out
2025-01-02T00:11:00,8.491828070518675,out
2025-01-02T00:12:00,8.271926083757315,out
2025-01-02T00:13:00,8.182059067378875,out
2025-01-02T00:14:00,8.953163737492755,out
2025-01-02T00:15:00,8.346734818669718,out
2025-01-02T00:16:00,9.338374479679677,out
2025-01-02T00:17:00,8.480947966673261,out
2025-01-02T00:18:00,9.184881932056957,out
2025-01-02T00:19:00,8.639777014157476,out
2025-01-02T00:20:00,8.908118685785727,out
2025-01-02T00:21:00,8.259165291373321,out
2025-01-02T00:22:00,8.233570826086378,out
2025-01-02T00:23:00,8.78501075167845,out
2025-01-02T00:24:00,9.022592076592042,out
2025-01-02T00:25:00,8.669303849911973,out
2025-01-02T00:26:00,8.164661948573961,out
2025-01-02T00:27:00,8.161121038231292,out
2025-01-02T00:28:00,8.160361499556384,out
2025-01-02T00:29:00,8.050144969639225,out
2025-01-02T00:30:00,8.826951297099141,out
2025-01-02T00:31:00,9.259123150325545,out
2025-01-02T00:32:00,8.829672290990468,out
2025-01-02T00:33:00,7.956789829011933,out
2025-01-02T00:34:00,8.81055228264384,out
2025-01-02T00:35:00,8.847620718486457,out
2025-01-02T00:36:00,9.77700629033156,out
2025-01-02T00:37:00,8.381600228455131,out
2025-01-02T00:38:00,8.834014594124389,out
2025-01-02T00:39:00,9.698438095311973,out
2025-01-02T00:40:00,9.221880402540199,out
2025-01-02T00:41:00,9.292986502249617,out
2025-01-02T00:42:00,9.139246927762436,out
2025-01-02T00:43:00,9.25112163151531,out
2025-01-02T00:44:00,9.455897784370679,out
2025-01-02T00:45:00,8.846747404539663,out
2025-01-02T00:46:00,9.547431038066462,out
2025-01-02T00:47:00,8.672649300086846,out
2025-01-02T00:48:00,9.378817334039171,out
2025-01-02T00:49:00,9.344562418253206,out
2025-01-02T00:50:00,9.052120448351772,out
2025-01-02T00:51:00,9.315110499998744,out
2025-01-02T00:52:00,9.100690264996967,out
2025-01-02T00:53:00,8.946521814789785,out
2025-01-02T00:54:00,9.259226286489971,out
2025-01-02T00:55:00,8.984519899808372,out
2025-01-02T00:56:00,9.580650359235305,out
2025-01-02T00:57:00,9.016885560513009,out
2025-01-02T00:58:00,9.78707083352307,out
2025-01-02T00:59:00,9.055020062061637,out
2025-01-02T01:00:00,9.326396304382719,out
2025-01-02T01:01:00,9.328345923461777,out
2025-01-02T01:02:00,10.133488948019476,out
2025-01-02T01:03:00,9.76075867743708,out
2025-01-02T01:04:00,9.569130613884232,out
2025-01-02T01:05:00,9.87846186061384,out
2025-01-02T01:06:00,8.86121512929166,out
2025-01-02T01:07:00,9.71192417294817,out
2025-01-02T01:08:00,10.553235899458326,out
2025-01-02T01:09:00,9.832188052414493,out
2025-01-02T01:10:00,9.83140006469337,out
2025-01-02T01:11:00,10.048437146024943,out
2025-01-02T01:12:00,10.21234406357542,out
2025-01-02T01:13:00,9.07999616174655,out
2025-01-02T01:14:00,9.230897345714139,out
2025-01-02T01:15:00,10.012753308253428,out
2025-01-02T01:16:00,9.667458301983935,out
2025-01-02T01:17:00,10.502953976464685,out
2025-01-02T01:18:00,9.876771399448534,out
2025-01-02T01:19:00,9.253688013734713,out
2025-01-02T01:20:00,9.54491529321641,out
2025-01-02T01:21:00,8.97683193461273,out
2025-01-02T01:22:00,10.007594072643638,out
2025-01-02T01:23:00,10.050392577080537,out
2025-01-02T01:24:00,9.980422613359044,out
2025-01-02T01:25:00,10.606179845314102,out
2025-01-02T01:26:00,10.678415294952458,out
2025-01-02T01:27:00,10.15518925571657,out
2025-01-02T01:28:00,9.39376209350473,out
2025-01-02T01:29:00,10.518804336311499,out
2025-01-02T01:30:00,10.518244685593965,out
2025-01-02T01:31:00,10.444022397883703,out
2025-01-02T01:32:00,10.736978670658887,out
2025-01-02T01:33:00,9.902531899721184,out
2025-01-02T01:34:00,11.195996568025532,out
2025-01-02T01:35:00,10.032709037895676,out
2025-01-02T01:36:00,10.740109029335141,out
2025-01-02T01:37:00,9.789374037915522,out
2025-01-02T01:38:00,10.116053581029412,out
2025-01-02T01:39:00,11.1185058839147,out
2025-01-02T01:40:00,10.431349641243852,out
2025-01-02T01:41:00,10.895381481461868,out
2025-01-02T01:42:00,10.677848736337467,out
2025-01-02T01:43:00,10.56468828202643,out
2025-01-02T01:44:00,11.17576701070754,out
2025-01-02T01:45:00,10.559068611453245,out
2025-01-02T01:46:00,9.964891635633462,out
2025-01-02T01:47:00,10.379294609443928,out
2025-01-02T01:48:00,10.944419689917956,out
2025-01-02T01:49:00,10.90544713324674,out
2025-01-02T01:50:00,10.143668379316024,out
2025-01-02T01:51:00,10.503950114187388,out
2025-01-02T01:52:00,10.584140837034443,out
2025-01-02T01:53:00,10.693730165463366,out
2025-01-02T01:54:00,10.31258712611703,out
2025-01-02T01:55:00,10.634584170268534,out
2025-01-02T01:56:00,10.617413527374207,out
2025-01-02T01:57:00,11.240340752886496,out
2025-01-02T01:58:00,11.278189885016898,out
2025-01-02T01:59:00,10.91897483881572,out
2025-01-02T02:00:00,10.843184081651707,out
2025-01-02T02:01:00,11.078613587088801,out
2025-01-02T02:02:00,10.718600134781994,out
2025-01-02T02:03:00,10.609025683595332,out
2025-01-02T02:04:00,10.714139965890038,out
2025-01-02T02:05:00,10.858714283374544,out
2025-01-02T02:06:00,10.66960186837878,out
2025-01-02T02:07:00,11.222107365536365,out
2025-01-02T02:08:00,11.471401854912711,out
2025-01-02T02:09:00,10.56684777517437,out
2025-01-02T02:10:00,11.233849134567356,out
2025-01-02T02:11:00,11.157872510101429,out
2025-01-02T02:12:00,11.404437684304883,out
2025-01-02T02:13:00,11.284583869878048,out
2025-01-02T02:14:00,10.730182199899694,out
2025-01-02T02:15:00,10.828465678574744,out
2025-01-02T02:16:00,11.366926851058468,out
2025-01-02T02:17:00,11.788341934068615,out
2025-01-02T02:18:00,10.512762473131794,out
2025-01-02T02:19:00,11.558271207498448,out
2025-01-02T02:20:00,11.917307420221334,out
2025-01-02T02:21:00,11.401660789740914,out
2025-01-02T02:22:00,11.704298732676211,out
2025-01-02T02:23:00,11.224270361465486,out
2025-01-02T02:24:00,11.478965034044085,out
2025-01-02T02:25:00,10.89949248285823,out
2025-01-02T02:26:00,10.631199397140493,out
2025-01-02T02:27:00,11.967053923914063,out
2025-01-02T02:28:00,11.216892167822511,out
2025-01-02T02:29:00,11.449552790255991,out
2025-01-02T02:30:00,11.097991672744246,out
2025-01-02T02:31:00,11.109315798973142,out
2025-01-02T02:32:00,11.6244337719161,out
2025-01-02T02:33:00,11.422732818204747,out
2025-01-02T02:34:00,11.886276219023594,out
2025-01-02T02:35:00,11.936556200696188,out
2025-01-02T02:36:00,11.904262204828868,out
2025-01-02T02:37:00,11.891672287746474,out
2025-01-02T02:38:00,12.447576603639336,out
2025-01-02T02:39:00,11.409596504265549,out
2025-01-02T02:40:00,11.834751711638068,out
2025-01-02T02:41:00,12.329819806065617,out
2025-01-02T02:42:00,12.402504213716314,out
2025-01-02T02:43:00,11.347853055038504,out
2025-01-02T02:44:00,11.811411997280695,out
2025-01-02T02:45:00,12.499323328947314,out
2025-01-02T02:46:00,12.178951931374051,out
2025-01-02T02:47:00,12.073395208596914,out
2025-01-02T02:48:00,11.927709760779285,out
2025-01-02T02:49:00,11.88068047432491,out
2025-01-02T02:50:00,12.16882887093009,out
2025-01-02T02:51:00,11.971854823203854,out
2025-01-02T02:52:00,12.07495871195721,out
2025-01-02T02:53:00,12.142537424404168,out
2025-01-02T02:54:00,11.858898842765123,out
2025-01-02T02:55:00,12.361930084246188,out
2025-01-02T02:56:00,13.33364808212015,out
2025-01-02T02:57:00,11.47594810331965,out
2025-01-02T02:58:00,12.335060595475094,out
2025-01-02T02:59:00,11.920012311288248,out
2025-01-02T03:00:00,12.473601718126984,out
2025-01-02T03:01:00,12.279735243070855,out
2025-01-02T03:02:00,12.584244604542071,out
2025-01-02T03:03:00,12.768014291151436,out
2025-01-02T03:04:00,12.393007249139178,out
2025-01-02T03:05:00,12.787004687724203,out
2025-01-02T03:06:00,11.414527068558254,out
2025-01-02T03:07:00,13.00640673846081,out
2025-01-02T03:08:00,12.538147070471956,out
2025-01-02T03:09:00,12.837072398912186,out
2025-01-02T03:10:00,11.935713722924135,out
2025-01-02T03:11:00,12.109000812278856,out
2025-01-02T03:12:00,12.517244270522276,out
2025-01-02T03:13:00,12.469529094635211,out
2025-01-02T03:14:00,12.606961759938006,out
2025-01-02T03:15:00,12.944844909245848,out
2025-01-02T03:16:00,11.822169355215491,out
2025-01-02T03:17:00,12.93491753499122,out
2025-01-02T03:18:00,12.565748557583355,out
2025-01-02T03:19:00,12.497882074245354,out
2025-01-02T03:20:00,12.007820564959909,out
2025-01-02T03:21:00,12.814270459791501,out
2025-01-02T03:22:00,11.664104359913907,out
2025-01-02T03:23:00,12.905713468988598,out
2025-01-02T03:24:00,12.066033434552628,out
2025-01-02T03:25:00,12.70069006360428,out
2025-01-02T03:26:00,12.647981406183314,out
2025-01-02T03:27:00,13.179716844202021,out
2025-01-02T03:28:00,12.656602454034774,out
2025-01-02T03:29:00,12.466482018004793,out
2025-01-02T03:30:00,12.557478963358928,out
2025-01-02T03:31:00,13.285165122709595,out
2025-01-02T03:32:00,13.006331847956115,out
2025-01-02T03:33:00,12.653270883537099,out
2025-01-02T03:34:00,12.728562595717495,out
2025-01-02T03:35:00,12.211796789370716,out
2025-01-02T03:36:00,13.0094916465903,out
2025-01-02T03:37:00,12.165517608711886,out
2025-01-02T03:38:00,13.185411696472096,out
2025-01-02T03:39:00,12.951297967966578,out
2025-01-02T03:40:00,13.86969298556352,out
2025-01-02T03:41:00,12.489827406163256,out
2025-01-02T03:42:00,12.903692295315839,out
2025-01-02T03:43:00,13.678853575132356,out
2025-01-02T03:44:00,13.450781291446813,out
2025-01-02T03:45:00,12.710332853183312,out
2025-01-02T03:46:00,13.092901903752386,out
2025-01-02T03:47:00,13.018516677652588,out
2025-01-02T03:48:00,13.144805754630207,out
2025-01-02T03:49:00,12.766761903392421,out
2025-01-02T03:50:00,13.024620513797018,out
2025-01-02T03:51:00,12.435145980113152,out
2025-01-02T03:52:00,13.142337957685788,out
2025-01-02T03:53:00,13.282121619342108,out
2025-01-02T03:54:00,13.024873221066997,out
2025-01-02T03:55:00,12.483450867803764,out
2025-01-02T03:56:00,13.538416549353256,out
2025-01-02T03:57:00,13.302248484205835,out
2025-01-02T03:58:00,12.879368923568762,out
2025-01-02T03:59:00,13.070772852491148,out
2025-01-02T04:00:00,12.595884661593894,out
2025-01-02T04:01:00,12.799028835823693,out
2025-01-02T04:02:00,13.007009637096541,out
2025-01-02T04:03:00,13.726344367348842,out
2025-01-02T04:04:00,12.991916886481382,out
2025-01-02T04:05:00,13.516445997976549,out
2025-01-02T04:06:00,13.057576194827158,out
2025-01-02T04:07:00,13.38452345357306,out
2025-01-02T04:08:00,13.241127356296039,out
2025-01-02T04:09:00,13.659148464815349,out
2025-01-02T04:10:00,13.108140463781904,out
2025-01-02T04:11:00,12.705091548913442,out
2025-01-02T04:12:00,12.793259532584752,out
2025-01-02T04:13:00,13.145122662889717,out
2025-01-02T04:14:00,12.869982181340927,out
2025-01-02T04:15:00,13.54532125546795,out
2025-01-02T04:16:00,13.20645701185177,out
2025-01-02T04:17:00,14.354032055946098,out
2025-01-02T04:18:00,12.72042586804431,out
2025-01-02T04:19:00,13.508184144210128,out
2025-01-02T04:20:00,12.98666551281763,out
2025-01-02T04:21:00,13.251498506797416,out
2025-01-02T04:22:00,13.516335414595476,out
2025-01-02T04:23:00,12.540423711512815,out
2025-01-02T04:24:00,13.576003192570816,out
2025-01-02T04:25:00,14.253031859626349,out
2025-01-02T04:26:00,13.320985126963306,out
2025-01-02T04:27:00,13.616670403615592,out
2025-01-02T04:28:00,13.9329977979648,out
2025-01-02T04:29:00,13.46762443001191,out
2025-01-02T04:30:00,13.310893119655127,out
2025-01-02T04:31:00,12.642948462616697,out
2025-01-02T04:32:00,13.819499415158711,out
2025-01-02T04:33:00,13.527589953339985,out
2025-01-02T04:34:00,13.177431867336884,out
2025-01-02T04:35:00,13.64268589980787,out
2025-01-02T04:36:00,13.368010416260736,out
2025-01-02T04:37:00,13.39944080566986,out
2025-01-02T04:38:00,13.862549597933867,out
2025-01-02T04:39:00,13.093795051005365,out
2025-01-02T04:40:00,14.057081839144953,out
2025-01-02T04:41:00,13.087981626290862,out
2025-01-02T04:42:00,13.390768383210965,out
2025-01-02T04:43:00,14.433712599983336,out
2025-01-02T04:44:00,14.12405335825287,out
2025-01-02T04:45:00,13.72062237396881,out
2025-01-02T04:46:00,13.313729845036708,out
2025-01-02T04:47:00,13.486485834531305,out
2025-01-02T04:48:00,13.7356492236052,out
2025-01-02T04:49:00,13.72938409079551,out
2025-01-02T04:50:00,13.685953332638976,out
2025-01-02T04:51:00,13.717786661109447,out
2025-01-02T04:52:00,13.652078491896166,out
2025-01-02T04:53:00,13.16863667057288,out
2025-01-02T04:54:00,13.546314112344826,out
2025-01-02T04:55:00,14.12614874791031,out
2025-01-02T04:56:00,13.220236456609465,out
2025-01-02T04:57:00,13.698909214106173,out
2025-01-02T04:58:00,13.453881147743399,out
2025-01-02T04:59:00,13.83326411473212,out
2025-01-02T05:00:00,13.640101685307682,out
2025-01-02T05:01:00,14.393233099473527,out
2025-01-02T05:02:00,14.011519103944748,out
2025-01-02T05:03:00,13.290664191929642,out
2025-01-02T05:04:00,14.09026556230146,out
2025-01-02T05:05:00,13.518191676374745,out
2025-01-02T05:06:00,13.603420973835046,out
2025-01-02T05:07:00,13.965803158805539,out
2025-01-02T05:08:00,13.649521420819356,out
2025-01-02T05:09:00,14.209196249580257,out
2025-01-02T05:10:00,13.547972018114242,out
2025-01-02T05:11:00,13.615808017739528,out
2025-01-02T05:12:00,13.606337246983589,out
2025-01-02T05:13:00,13.648017335565488,out
2025-01-02T05:14:00,14.319224849944103,out
2025-01-02T05:15:00,14.136230199863505,out
2025-01-02T05:16:00,14.573740682290811,out
2025-01-02T05:17:00,14.80176006791276,out
2025-01-02T05:18:00,13.487242632610792,out
2025-01-02T05:19:00,13.93241183680866,out
2025-01-02T05:20:00,13.438366391415874,out
2025-01-02T05:21:00,13.60229398324916,out
2025-01-02T05:22:00,13.66568060512112,out
2025-01-02T05:23:00,13.49911624970608,out
2025-01-02T05:24:00,13.50537513441146,out
2025-01-02T05:25:00,13.872455311398461,out
2025-01-02T05:26:00,13.447407812816937,out
2025-01-02T05:27:00,14.274759104573075,out
2025-01-02T05:28:00,13.574506997482416,out
2025-01-02T05:29:00,15.06902297235985,out
2025-01-02T05:30:00,13.768115387857105,out
2025-01-02T05:31:00,13.980836754845111,out
2025-01-02T05:32:00,13.437140436061517,out
2025-01-02T05:33:00,14.640847444980615,out
2025-01-02T05:34:00,14.409231406380691,out
2025-01-02T05:35:00,14.083104377628361,out
2025-01-02T05:36:00,13.428410352697814,out
2025-01-02T05:37:00,14.054077860595319,out
2025-01-02T05:38:00,13.52380477179617,out
2025-01-02T05:39:00,14.559771670837314,out
2025-01-02T05:40:00,14.300846081291743,out
2025-01-02T05:41:00,14.017568630381662,out
2025-01-02T05:42:00,13.00695373709984,out
2025-01-02T05:43:00,13.590134719133301,out
2025-01-02T05:44:00,14.260488754198894,out
2025-01-02T05:45:00,14.472307016120883,out
2025-01-02T05:46:00,14.432476715128054,out
2025-01-02T05:47:00,13.35354482244751,out
2025-01-02T05:48:00,14.112398131252604,out
2025-01-02T05:49:00,14.399296405502877,out
2025-01-02T05:50:00,13.330955103258248,out
2025-01-02T05:51:00,13.992212411295041,out
2025-01-02T05:52:00,14.105881921437955,out
2025-01-02T05:53:00,13.876895711081584,out
2025-01-02T05:54:00,13.257079207692863,out
2025-01-02T05:55:00,13.868292918449963,out
2025-01-02T05:56:00,13.868163998836339,out
2025-01-02T05:57:00,13.94025700362494,out
2025-01-02T05:58:00,13.774382968215,out
2025-01-02T05:59:00,13.822738023027819,out
2025-01-02T06:00:00,13.984117487061209,out
2025-01-02T06:01:00,14.176924726312292,out
2025-01-02T06:02:00,13.87800083324236,out
2025-01-02T06:03:00,13.83562639409684,out
2025-01-02T06:04:00,14.036027786240131,out
2025-01-02T06:05:00,13.230205792121382,out
2025-01-02T06:06:00,14.188758000743928,out
2025-01-02T06:07:00,13.996976306171094,out
2025-01-02T06:08:00,14.012222372753598,out
2025-01-02T06:09:00,14.379667940482122,out
2025-01-02T06:10:00,13.213163117471847,out
2025-01-02T06:11:00,13.203556770966118,out
2025-01-02T06:12:00,14.101298746656852,out
2025-01-02T06:13:00,13.987503281292685,out
2025-01-02T06:14:00,14.056879567807975,out
2025-01-02T06:15:00,13.802302709362642,out
2025-01-02T06:16:00,14.251125771254918,out
2025-01-02T06:17:00,14.356556647793363,out
2025-01-02T06:18:00,14.17509691997938,out
2025-01-02T06:19:00,13.875061631624735,out
2025-01-02T06:20:00,13.134092433504712,out
2025-01-02T06:21:00,14.282524048662822,out
2025-01-02T06:22:00,14.46106865669011,out
2025-01-02T06:23:00,14.227634474299064,out
2025-01-02T06:24:00,13.615274401262637,out
2025-01-02T06:25:00,14.233855786801021,out
2025-01-02T06:26:00,14.305643017244103,out
2025-01-02T06:27:00,14.581937240849193,out
2025-01-02T06:28:00,13.604832940156749,out
2025-01-02T06:29:00,13.861447864260635,out
2025-01-02T06:30:00,14.247577988700245,out
2025-01-02T06:31:00,13.968159412896558,out
2025-01-02T06:32:00,13.494677371628912,out
2025-01-02T06:33:00,14.103754834928703,out
2025-01-02T06:34:00,14.165559833697568,out
2025-01-02T06:35:00,13.965354221338965,out
2025-01-02T06:36:00,14.013964014442806,out
2025-01-02T06:37:00,13.8184958386871,out
2025-01-02T06:38:00,14.509025183509813,out
2025-01-02T06:39:00,13.553059480863398,out
2025-01-02T06:40:00,13.673918212967738,out
2025-01-02T06:41:00,13.908638391288756,out
2025-01-02T06:42:00,14.251111056464085,out
2025-01-02T06:43:00,13.295753118315243,out
2025-01-02T06:44:00,13.365644400779809,out
2025-01-02T06:45:00,13.069620279325497,out
2025-01-02T06:46:00,13.892626317826286,out
2025-01-02T06:47:00,13.426950508024886,out
2025-01-02T06:48:00,13.715065560395667,out
2025-01-02T06:49:00,14.127937914732756,out
2025-01-02T06:50:00,13.601158954406461,out
2025-01-02T06:51:00,13.944566732148424,out
2025-01-02T06:52:00,13.726485225610723,out
2025-01-02T06:53:00,14.109121276801265,out
2025-01-02T06:54:00,14.024270749325265,out
2025-01-02T06:55:00,13.551278940409725,out
2025-01-02T06:56:00,13.7543136562958,out
2025-01-02T06:57:00,14.232882817328726,out
2025-01-02T06:58:00,13.966236590370285,out
2025-01-02T06:59:00,13.243490810383207,out
2025-01-02T07:00:00,14.057802182202963,out
2025-01-02T07:01:00,13.354879693998384,out
2025-01-02T07:02:00,14.346787947236143,out
2025-01-02T07:03:00,14.184370954658295,out
2025-01-02T07:04:00,13.883524365997273,out
2025-01-02T07:05:00,13.82319226369005,out
2025-01-02T07:06:00,13.66930550679819,out
2025-01-02T07:07:00,14.016837745388898,out
2025-01-02T07:08:00,13.58951726799339,out
2025-01-02T07:09:00,13.824347614999079,out
2025-01-02T07:10:00,14.07107545109714,out
2025-01-02T07:11:00,13.489652180449436,out
2025-01-02T07:12:00,13.459862001774644,out
2025-01-02T07:13:00,13.220448564921478,out
2025-01-02T07:14:00,13.264152832786728,out
2025-01-02T07:15:00,12.950222652394032,out
2025-01-02T07:16:00,13.965042969202113,out
2025-01-02T07:17:00,14.388099939189816,out
2025-01-02T07:18:00,14.225980523941194,out
2025-01-02T07:19:00,12.99662229608762,out
2025-01-02T07:20:00,13.928097593337931,out
2025-01-02T07:21:00,14.197990555504328,out
2025-01-02T07:22:00,13.437309143194922,out
2025-01-02T07:23:00,13.651390230376093,out
2025-01-02T07:24:00,12.798325338661343,out
2025-01-02T07:25:00,13.69874168288745,out
2025-01-02T07:26:00,13.157081516118263,out
2025-01-02T07:27:00,13.65271132439615,out
2025-01-02T07:28:00,12.938621958525173,out
2025-01-02T07:29:00,13.770386313896438,out
2025-01-02T07:30:00,13.953082265238397,out
2025-01-02T07:31:00,13.219933885336646,out
2025-01-02T07:32:00,13.068260088150469,out
2025-01-02T07:33:00,12.650338043873397,out
2025-01-02T07:34:00,13.395795032680676,out
2025-01-02T07:35:00,13.259231301004041,out
2025-01-02T07:36:00,12.860864980916384,out
2025-01-02T07:37:00,13.6517797639874,out
2025-01-02T07:38:00,13.2797794725134,out
2025-01-02T07:39:00,13.018564659492393,out
2025-01-02T07:40:00,13.216017759963723,out
2025-01-02T07:41:00,13.855252688298055,out
2025-01-02T07:42:00,13.656686483601252,out
2025-01-02T07:43:00,13.352179011336132,out
2025-01-02T07:44:00,13.640406285180944,out
2025-01-02T07:45:00,12.916871666641438,out
2025-01-02T07:46:00,13.382554209902963,out
2025-01-02T07:47:00,13.41680259266141,out
2025-01-02T07:48:00,13.15810454173072,out
2025-01-02T07:49:00,13.508286183297386,out
2025-01-02T07:50:00,13.009891617211549,out
2025-01-02T07:51:00,13.513854107888701,out
2025-01-02T07:52:00,13.51842906576608,out
2025-01-02T07:53:00,12.118480476953486,out
2025-01-02T07:54:00,13.749024957375843,out
2025-01-02T07:55:00,12.041307508103946,out
2025-01-02T07:56:00,13.001298632613924,out
2025-01-02T07:57:00,13.645115256139889,out
2025-01-02T07:58:00,13.095219485538422,out
2025-01-02T07:59:00,12.622718493947035,out
2025-01-02T08:00:00,12.758657598019967,out
2025-01-02T08:01:00,13.593775329754623,out
2025-01-02T08:02:00,12.401173150429699,out
2025-01-02T08:03:00,13.608034909393526,out
2025-01-02T08:04:00,13.12096296459576,out
2025-01-02T08:05:00,12.652513091860705,out
2025-01-02T08:06:00,12.88259495720348,out
2025-01-02T08:07:00,12.695223613532722,out
2025-01-02T08:08:00,13.43477865728197,out
2025-01-02T08:09:00,13.367338054128977,out
2025-01-02T08:10:00,12.372684221326896,out
2025-01-02T08:11:00,12.884797230378625,out
2025-01-02T08:12:00,12.686749142734836,out
2025-01-02T08:13:00,13.535120922470306,out
2025-01-02T08:14:00,12.463275285152445,out
2025-01-02T08:15:00,13.63050931568928,out
2025-01-02T08:16:00,12.960907539523475,out
2025-01-02T08:17:00,12.4947647322111,out
2025-01-02T08:18:00,12.673847458128385,out
2025-01-02T08:19:00,12.609234091345602,out
2025-01-02T08:20:00,12.405064904927752,out
2025-01-02T08:21:00,12.937780074862225,out
2025-01-02T08:22:00,12.393526889861178,out
2025-01-02T08:23:00,11.997297408294802,out
2025-01-02T08:24:00,12.702231377910417,out
2025-01-02T08:25:00,12.117525147037743,out
2025-01-02T08:26:00,12.522276816476298,out
2025-01-02T08:27:00,12.443881720705022,out
2025-01-02T08:28:00,12.44332663147343,out
2025-01-02T08:29:00,13.576397255843796,out
2025-01-02T08:30:00,12.78268466861524,out
2025-01-02T08:31:00,12.842285846061198,out
2025-01-02T08:32:00,12.017505203103417,out
2025-01-02T08:33:00,12.4503163318297,out
2025-01-02T08:34:00,12.781769993091093,out
2025-01-02T08:35:00,12.26949533339209,out
2025-01-02T08:36:00,13.02610090614902,out
2025-01-02T08:37:00,12.165277230132705,out
2025-01-02T08:38:00,12.51520104598025,out
2025-01-02T08:39:00,12.378630336450533,out
2025-01-02T08:40:00,12.66199492246664,out
2025-01-02T08:41:00,12.323198789953004,out
2025-01-02T08:42:00,12.45407834277181,out
2025-01-02T08:43:00,12.450937869593107,out
2025-01-02T08:44:00,12.234502378380114,out
2025-01-02T08:45:00,12.705076392272707,out
2025-01-02T08:46:00,12.589089674668987,out
2025-01-02T08:47:00,12.440898672268931,out
2025-01-02T08:48:00,12.28668561947958,out
2025-01-02T08:49:00,12.759926377128997,out
2025-01-02T08:50:00,12.329330323335071,out
2025-01-02T08:51:00,12.283256141483736,out
2025-01-02T08:52:00,12.429998221670276,out
2025-01-02T08:53:00,13.048860492482742,out
2025-01-02T08:54:00,11.816103742865243,out
2025-01-02T08:55:00,12.642126529580677,out
2025-01-02T08:56:00,11.558770337536666,out
2025-01-02T08:57:00,12.38472092383938,out
2025-01-02T08:58:00,12.909535825968584,out
2025-01-02T08:59:00,12.456579663526636,out
2025-01-02T09:00:00,12.310890718535209,out
2025-01-02T09:01:00,11.999908559214582,out
2025-01-02T09:02:00,12.217874465994527,out
2025-01-02T09:03:00,12.085917632888743,out
2025-01-02T09:04:00,11.853559579581445,out
2025-01-02T09:05:00,12.033128088503668,out
2025-01-02T09:06:00,12.209479918413106,out
2025-01-02T09:07:00,11.8042111145459,out
2025-01-02T09:08:00,11.769477432101118,out
2025-01-02T09:09:00,11.528707098160785,out
2025-01-02T09:10:00,12.209831256129522,out
2025-01-02T09:11:00,12.252330149394833,out
2025-01-02T09:12:00,12.10744781584776,out
2025-01-02T09:13:00,12.381358193096473,out
2025-01-02T09:14:00,12.010867344126716,out
2025-01-02T09:15:00,12.11287926554672,out
2025-01-02T09:16:00,12.05788914419807,out
2025-01-02T09:17:00,11.879942507009051,out
2025-01-02T09:18:00,11.684359558729247,out
2025-01-02T09:19:00,12.762404924174549,out
2025-01-02T09:20:00,11.675945266177838,out
2025-01-02T09:21:00,11.570282927435336,out
2025-01-02T09:22:00,11.990073251046628,out
2025-01-02T09:23:00,11.896973737493104,out
2025-01-02T09:24:00,11.214005727254897,out
2025-01-02T09:25:00,12.204612134929851,out
2025-01-02T09:26:00,11.697409989685388,out
2025-01-02T09:27:00,11.270191257772717,out
2025-01-02T09:28:00,12.169482497695501,out
2025-01-02T09:29:00,11.923573908845162,out
2025-01-02T09:30:00,11.14675177727316,out
2025-01-02T09:31:00,12.342637064360455,out
2025-01-02T09:32:00,11.87440908625877,out
2025-01-02T09:33:00,11.585869157173939,out
2025-01-02T09:34:00,12.205024242756759,out
2025-01-02T09:35:00,11.611577003713355,out
2025-01-02T09:36:00,11.515478283713227,out
2025-01-02T09:37:00,11.24137794741581,out
2025-01-02T09:38:00,11.716957909988475,out
2025-01-02T09:39:00,11.653512327152994,out
2025-01-02T09:40:00,11.44733067406216,out
2025-01-02T09:41:00,11.10398603403078,out
2025-01-02T09:42:00,11.450409363215428,out
2025-01-02T09:43:00,11.348910051865563,out
2025-01-02T09:44:00,10.821767693330804,out
2025-01-02T09:45:00,10.74469645758794,out
2025-01-02T09:46:00,11.537683263396264,out
2025-01-02T09:47:00,10.24900405109881,out
2025-01-02T09:48:00,11.349998420874666,out
2025-01-02T09:49:00,11.05461360510644,out
2025-01-02T09:50:00,11.74709629283291,out
2025-01-02T09:51:00,11.004299811832118,out
2025-01-02T09:52:00,11.443309271099993,out
2025-01-02T09:53:00,10.998518005416102,out
2025-01-02T09:54:00,11.18049064969015,out
2025-01-02T09:55:00,11.407374161331155,out
2025-01-02T09:56:00,10.905206162930494,out
2025-01-02T09:57:00,11.466380470261674,out
2025-01-02T09:58:00,10.647751026921636,out
2025-01-02T09:59:00,11.140480999296512,out
2025-01-02T10:00:00,11.36905588911514,out
2025-01-02T10:01:00,11.241314018767387,out
2025-01-02T10:02:00,11.721119311314968,out
2025-01-02T10:03:00,10.626351722057464,out
2025-01-02T10:04:00,10.357198020938592,out
2025-01-02T10:05:00,10.48819857011828,out
2025-01-02T10:06:00,11.127129588177024,out
2025-01-02T10:07:00,11.039087176816816,out
2025-01-02T10:08:00,10.857732040574312,out
2025-01-02T10:09:00,10.344504302307824,out
2025-01-02T10:10:00,11.07723859674183,out
2025-01-02T10:11:00,10.257361579641525,out
2025-01-02T10:12:00,11.187522831388048,out
2025-01-02T10:13:00,11.84356601548056,out
2025-01-02T10:14:00,10.823767337287473,out
2025-01-02T10:15:00,10.88697539557711,out
2025-01-02T10:16:00,10.433082973176244,out
2025-01-02T10:17:00,9.882586215991775,out
2025-01-02T10:18:00,10.341978835637688,out
2025-01-02T10:19:00,10.122254342969253,out
2025-01-02T10:20:00,9.95690773987819,out
2025-01-02T10:21:00,11.200902402022834,out
2025-01-02T10:22:00,10.597304463147745,out
2025-01-02T10:23:00,10.616188147926456,out
2025-01-02T10:24:00,10.316810912376306,out
2025-01-02T10:25:00,10.34733170617505,out
2025-01-02T10:26:00,10.778314686447208,out
2025-01-02T10:27:00,10.355528290827523,out
2025-01-02T10:28:00,10.556664346145537,out
2025-01-02T10:29:00,10.241864050682915,out
2025-01-02T10:30:00,10.159239437897725,out
2025-01-02T10:31:00,9.709126037873853,out
2025-01-02T10:32:00,9.456539935548628,out
2025-01-02T10:33:00,10.11871986463246,out
2025-01-02T10:34:00,10.221606037143077,out
2025-01-02T10:35:00,9.6601762150187,out
2025-01-02T10:36:00,10.136417751257952,out
2025-01-02T10:37:00,10.147247253182496,out
2025-01-02T10:38:00,9.23884108513306,out
2025-01-02T10:39:00,9.710652478673161,out
2025-01-02T10:40:00,10.2150264174482,out
2025-01-02T10:41:00,10.182323799778267,out
2025-01-02T10:42:00,9.541371188842724,out
2025-01-02T10:43:00,10.041523091776616,out
2025-01-02T10:44:00,10.362371816887133,out
2025-01-02T10:45:00,10.239465975415332,out
2025-01-02T10:46:00,9.865713623624979,out
2025-01-02T10:47:00,9.691792313572785,out
2025-01-02T10:48:00,9.602364172515884,out
2025-01-02T10:49:00,10.016313707331927,out
2025-01-02T10:50:00,9.882276386282799,out
2025-01-02T10:51:00,10.031011052294307,out
2025-01-02T10:52:00,9.806979753584878,out
2025-01-02T10:53:00,10.056683188943518,out
2025-01-02T10:54:00,9.741929081406616,out
2025-01-02T10:55:00,9.992849570638635,out
2025-01-02T10:56:00,10.002153243048655,out
2025-01-02T10:57:00,9.30683204710052,out
2025-01-02T10:58:00,8.88017263772125,out
2025-01-02T10:59:00,10.195584429153673,out
2025-01-02T11:00:00,9.655577762900029,out
2025-01-02T11:01:00,8.841817331034724,out
2025-01-02T11:02:00,9.216752225439167,out
2025-01-02T11:03:00,9.785669475121889,out
2025-01-02T11:04:00,9.339660641144855,out
2025-01-02T11:05:00,9.22129078622939,out
2025-01-02T11:06:00,9.961024927260619,out
2025-01-02T11:07:00,8.956287486980967,out
2025-01-02T11:08:00,9.030444982961258,out
2025-01-02T11:09:00,9.408739200148313,out
2025-01-02T11:10:00,9.454819656450177,out
2025-01-02T11:11:00,9.471603246674972,out
2025-01-02T11:12:00,9.611965362734132,out
2025-01-02T11:13:00,9.301281955113677,out
2025-01-02T11:14:00,9.391961182078548,out
2025-01-02T11:15:00,9.066858228370734,out
2025-01-02T11:16:00,9.169933293553958,out
2025-01-02T11:17:00,9.162157888073862,out
2025-01-02T11:18:00,9.179452407280497,out
2025-01-02T11:19:00,9.37667719587616,out
2025-01-02T11:20:00,9.263947338779515,out
2025-01-02T11:21:00,9.033783824254229,out
2025-01-02T11:22:00,8.666635241187654,out
2025-01-02T11:23:00,8.991523896848042,out
2025-01-02T11:24:00,8.927399676283095,out
2025-01-02T11:25:00,8.990012949064782,out
2025-01-02T11:26:00,9.769466589633824,out
2025-01-02T11:27:00,8.651446620530589,out
2025-01-02T11:28:00,9.00395421341054,out
2025-01-02T11:29:00,9.236490408540059,out
2025-01-02T11:30:00,8.82235791896007,out
2025-01-02T11:31:00,9.692331862483847,out
2025-01-02T11:32:00,8.580000343738295,out
2025-01-02T11:33:00,8.83486007367505,out
2025-01-02T11:34:00,8.35969698465025,out
2025-01-02T11:35:00,8.51259135505447,out
2025-01-02T11:36:00,8.726744343764588,out
2025-01-02T11:37:00,8.93964999459555,out
2025-01-02T11:38:00,8.702712448730772,out
2025-01-02T11:39:00,9.052655651714314,out
2025-01-02T11:40:00,8.484948332248882,out
2025-01-02T11:41:00,8.363981833137622,out
2025-01-02T11:42:00,9.55234861727883,out
2025-01-02T11:43:00,8.602346000949208,out
2025-01-02T11:44:00,8.13074622407334,out
2025-01-02T11:45:00,8.114713270481635,out
2025-01-02T11:46:00,7.989219271396605,out
2025-01-02T11:47:00,8.714784467722989,out
2025-01-02T11:48:00,8.16826482030037,out
2025-01-02T11:49:00,8.338813761390659,out
2025-01-02T11:50:00,8.236312854416715,out
2025-01-02T11:51:00,8.52815585773079,out
2025-01-02T11:52:00,7.870699343061398,out
2025-01-02T11:53:00,7.753002164801737,out
2025-01-02T11:54:00,8.24678061271988,out
2025-01-02T11:55:00,8.371273024087325,out
2025-01-02T11:56:00,8.237727363862763,out
2025-01-02T11:57:00,7.754756081789138,out
2025-01-02T11:58:00,8.3233531498268,out
2025-01-02T11:59:00,7.728635484870231,out
2025-01-02T12:00:00,7.791384542085448,out
2025-01-02T12:01:00,7.596238734402718,out
2025-01-02T12:02:00,8.468104126470575,out
2025-01-02T12:03:00,8.174831042982875,out
2025-01-02T12:04:00,8.137282911647846,out
2025-01-02T12:05:00,8.367995258249618,out
2025-01-02T12:06:00,8.967998009448252,out
2025-01-02T12:07:00,7.13307847917701,out
2025-01-02T12:08:00,7.495252387434155,out
2025-01-02T12:09:00,7.517971071775779,out
2025-01-02T12:10:00,7.397955826854915,out
2025-01-02T12:11:00,7.281097929830455,out
2025-01-02T12:12:00,7.5661230369201915,out
2025-01-02T12:13:00,7.173201788503981,out
2025-01-02T12:14:00,7.767725709805828,out
2025-01-02T12:15:00,7.628260553190588,out
2025-01-02T12:16:00,7.773872623440718,out
2025-01-02T12:17:00,7.758440439482909,out
2025-01-02T12:18:00,7.770448167003601,out
2025-01-02T12:19:00,7.353787180197227,out
2025-01-02T12:20:00,8.32552290456752,out
2025-01-02T12:21:00,7.544762734612424,out
2025-01-02T12:22:00,6.679931583828743,out
2025-01-02T12:23:00,6.997921332021058,out
2025-01-02T12:24:00,6.676628024782952,out
2025-01-02T12:25:00,7.353732602548741,out
2025-01-02T12:26:00,7.272058627771228,out
2025-01-02T12:27:00,7.10740533609319,out
2025-01-02T12:28:00,8.073154384529326,out
2025-01-02T12:29:00,7.462399334815787,out
2025-01-02T12:30:00,7.507282191258222,out
2025-01-02T12:31:00,6.818465023180826,out
2025-01-02T12:32:00,6.765303437707203,out
2025-01-02T12:33:00,7.153766467691714,out
2025-01-02T12:34:00,7.18234638908323,out
2025-01-02T12:35:00,6.344735056014717,out
2025-01-02T12:36:00,6.989270400618808,out
2025-01-02T12:37:00,7.041173439526449,out
2025-01-02T12:38:00,6.923654698527483,out
2025-01-02T12:39:00,6.658546811967189,out
2025-01-02T12:40:00,6.742296861229965,out
2025-01-02T12:41:00,6.861595049727831,out
2025-01-02T12:42:00,6.942906856491141,out
2025-01-02T12:43:00,7.122772416967822,out
2025-01-02T12:44:00,7.287488509721078,out
2025-01-02T12:45:00,6.711718978492336,out
2025-01-02T12:46:00,6.621329915050676,out
2025-01-02T12:47:00,6.953211762572657,out
2025-01-02T12:48:00,6.996867821657791,out
2025-01-02T12:49:00,6.55325379375777,out
2025-01-02T12:50:00,7.01751970715785,out
2025-01-02T12:51:00,7.067649526333388,out
2025-01-02T12:52:00,7.166968260200281,out
2025-01-02T12:53:00,7.3361260171534415,out
2025-01-02T12:54:00,6.252761361400797,out
2025-01-02T12:55:00,6.579443929775967,out
2025-01-02T12:56:00,6.5529797050494665,out
2025-01-02T12:57:00,6.483850814413042,out
2025-01-02T12:58:00,6.238014807829297,out
2025-01-02T12:59:00,5.878163509474414,out
2025-01-02T13:00:00,6.484157507796481,out
2025-01-02T13:01:00,6.114470449432987,out
2025-01-02T13:02:00,6.430967135829516,out
2025-01-02T13:03:00,6.053739884130017,out
2025-01-02T13:04:00,5.906312526760268,out
2025-01-02T13:05:00,6.414745259964813,out
2025-01-02T13:06:00,6.3562765424990655,out
2025-01-02T13:07:00,6.502535179723837,out
2025-01-02T13:08:00,7.120115278230636,out
2025-01-02T13:09:00,6.331666362630916,out
2025-01-02T13:10:00,6.389797909800013,out
2025-01-02T13:11:00,5.739789674285011,out
2025-01-02T13:12:00,5.631135057535767,out
2025-01-02T13:13:00,6.754148939806836,out
2025-01-02T13:14:00,5.726780149596132,out
2025-01-02T13:15:00,5.653785579593576,out
2025-01-02T13:16:00,6.030951504770437,out
2025-01-02T13:17:00,5.985779163072326,out
2025-01-02T13:18:00,5.636156242020059,out
2025-01-02T13:19:00,5.8505104044948055,out
2025-01-02T13:20:00,6.439629427106034,out
2025-01-02T13:21:00,5.6009002140023245,out
2025-01-02T13:22:00,5.341286718696734,out
2025-01-02T13:23:00,6.251291220373626,out
2025-01-02T13:24:00,6.046711067503414,out
2025-01-02T13:25:00,5.577164322038333,out
2025-01-02T13:26:00,5.168125833203453,out
2025-01-02T13:27:00,5.478806032365558,out
2025-01-02T13:28:00,5.730478664764826,out
2025-01-02T13:29:00,6.194377131838932,out
2025-01-02T13:30:00,5.289266615861598,out
2025-01-02T13:31:00,5.645926277574493,out
2025-01-02T13:32:00,5.925671093022319,out
2025-01-02T13:33:00,4.679029925645628,out
2025-01-02T13:34:00,6.021020053624088,out
2025-01-02T13:35:00,5.110539631965004,out
2025-01-02T13:36:00,5.692378338927971,out
2025-01-02T13:37:00,5.634360144163439,out
2025-01-02T13:38:00,5.9456751006481054,out
2025-01-02T13:39:00,5.708411327132846,out
2025-01-02T13:40:00,4.513374232863815,out
2025-01-02T13:41:00,5.126675861728855,out
2025-01-02T13:42:00,5.472215470891548,out
2025-01-02T13:43:00,5.3153365011255875,out
2025-01-02T13:44:00,5.5608174111682445,out
2025-01-02T13:45:00,5.662014480953882,out
2025-01-02T13:46:00,5.566193815913022,out
2025-01-02T13:47:00,5.213699376753604,out
2025-01-02T13:48:00,4.5375221971145345,out
2025-01-02T13:49:00,5.070564009756336,out
2025-01-02T13:50:00,5.396055579845378,out
2025-01-02T13:51:00,4.770133977029147,out
2025-01-02T13:52:00,5.4356805153332886,out
2025-01-02T13:53:00,5.523439315797861,out
2025-01-02T13:54:00,5.187794228960692,out
2025-01-02T13:55:00,3.888555439958719,out
2025-01-02T13:56:00,4.579906933437256,out
2025-01-02T13:57:00,5.822748214440709,out
2025-01-02T13:58:00,4.826843522167849,out
2025-01-02T13:59:00,4.229043688697152,out
2025-01-02T14:00:00,5.494098955324114,out
2025-01-02T14:01:00,4.982698374344314,out
2025-01-02T14:02:00,5.396746017818864,out
2025-01-02T14:03:00,5.043024953625439,out
2025-01-02T14:04:00,5.093195205024544,out
2025-01-02T14:05:00,5.032564150122676,out
2025-01-02T14:06:00,5.1440039364727115,out
2025-01-02T14:07:00,5.753688637511224,out
2025-01-02T14:08:00,5.2088869489844525,out
2025-01-02T14:09:00,4.1661771773681195,out
2025-01-02T14:10:00,4.954866956030619,out
2025-01-02T14:11:00,5.2107454790333305,out
2025-01-02T14:12:00,5.213246112524299,out
2025-01-02T14:13:00,4.5395986296568775,out
2025-01-02T14:14:00,5.154355866202908,out
2025-01-02T14:15:00,5.037675561702872,out
2025-01-02T14:16:00,5.673849553963411,out
2025-01-02T14:17:00,4.32316973933019,out
2025-01-02T14:18:00,4.398602347890836,out
2025-01-02T14:19:00,4.457571805038199,out
2025-01-02T14:20:00,4.362452521878219,out
2025-01-02T14:21:00,4.181120559871159,out
2025-01-02T14:22:00,3.410712063464863,out
2025-01-02T14:23:00,4.320622216686145,out
2025-01-02T14:24:00,4.621031710125125,out
2025-01-02T14:25:00,4.25485337161614,out
2025-01-02T14:26:00,5.205215752903601,out
2025-01-02T14:27:00,4.415402721662392,out
2025-01-02T14:28:00,4.905521483161364,out
2025-01-02T14:29:00,4.472804236834626,out
2025-01-02T14:30:00,4.6779943499049805,out
2025-01-02T14:31:00,4.438392941366736,out
2025-01-02T14:32:00,4.85354500080748,out
2025-01-02T14:33:00,4.307812044193957,out
2025-01-02T14:34:00,4.463360463409803,out
2025-01-02T14:35:00,4.390992340355666,out
2025-01-02T14:36:00,4.1087634704500475,out
2025-01-02T14:37:00,4.36576095619478,out
2025-01-02T14:38:00,5.077285176812492,out
2025-01-02T14:39:00,4.055207211278315,out
2025-01-02T14:40:00,4.311060299022068,out
2025-01-02T14:41:00,4.626367702489997,out
2025-01-02T14:42:00,4.559413022396611,out
2025-01-02T14:43:00,4.088128052311416,out
2025-01-02T14:44:00,3.1102903448740133,out
2025-01-02T14:45:00,4.250606236858973,out
2025-01-02T14:46:00,3.1364900072563584,out
2025-01-02T14:47:00,4.592684896371488,out
2025-01-02T14:48:00,4.053005910324154,out
2025-01-02T14:49:00,4.365668763340792,out
2025-01-02T14:50:00,3.58561429903362,out
2025-01-02T14:51:00,3.306192537482327,out
2025-01-02T14:52:00,4.0123115932814795,out
2025-01-02T14:53:00,3.8754606820593898,out
2025-01-02T14:54:00,3.673256215374616,out
2025-01-02T14:55:00,3.884786177599493,out
2025-01-02T14:56:00,4.939024134058921,out
2025-01-02T14:57:00,4.147067459897548,out
2025-01-02T14:58:00,4.2143438565462255,out
2025-01-02T14:59:00,4.113486409885533,out
2025-01-02T15:00:00,4.349144170421598,out
2025-01-02T15:01:00,3.662859077099993,out
2025-01-02T15:02:00,2.8985927820047936,out
2025-01-02T15:03:00,3.626753886249676,out
2025-01-02T15:04:00,4.008655481966696,out
2025-01-02T15:05:00,3.2778960695954367,out
2025-01-02T15:06:00,3.5772073937305473,out
2025-01-02T15:07:00,3.353066283504676,out
2025-01-02T15:08:00,4.212689491022229,out
2025-01-02T15:09:00,3.893847749548517,out
2025-01-02T15:10:00,3.8369522273968406,out
2025-01-02T15:11:00,3.807331760327396,out
2025-01-02T15:12:00,3.5262313461147876,out
2025-01-02T15:13:00,3.6026782626408065,out
2025-01-02T15:14:00,3.032191843053059,out
2025-01-02T15:15:00,2.6143843636259123,out
2025-01-02T15:16:00,3.531774970801379,out
2025-01-02T15:17:00,3.5842061962045584,out
2025-01-02T15:18:00,3.9212700337699693,out
2025-01-02T15:19:00,4.049139507737776,out
2025-01-02T15:20:00,4.031732735285716,out
2025-01-02T15:21:00,2.987739570241695,out
2025-01-02T15:22:00,3.2293464856937732,out
2025-01-02T15:23:00,3.545777853859443,out
2025-01-02T15:24:00,4.349886102355049,out
2025-01-02T15:25:00,3.912732782928276,out
2025-01-02T15:26:00,3.752109923684873,out
2025-01-02T15:27:00,3.1329832324958167,out
2025-01-02T15:28:00,2.9186556258976175,out
2025-01-02T15:29:00,3.57142571089024,out
2025-01-02T15:30:00,2.799615452558847,out
2025-01-02T15:31:00,3.1286134444001465,out
2025-01-02T15:32:00,3.1622757601154783,out
2025-01-02T15:33:00,3.829641959502761,out
2025-01-02T15:34:00,3.034979915112824,out
2025-01-02T15:35:00,2.185632518966062,out
2025-01-02T15:36:00,3.3476758928153045,out
2025-01-02T15:37:00,2.8509473669683554,out
2025-01-02T15:38:00,3.132359299637187,out
2025-01-02T15:39:00,3.065468788693078,out
2025-01-02T15:40:00,2.9756061359389414,out
2025-01-02T15:41:00,3.3862546050609033,out
2025-01-02T15:42:00,2.442096916926824,out
2025-01-02T15:43:00,2.8336558152551294,out
2025-01-02T15:44:00,3.2993897299167045,out
2025-01-02T15:45:00,2.7655484160469817,out
2025-01-02T15:46:00,2.353162383889007,out
2025-01-02T15:47:00,3.2497052022161395,out
2025-01-02T15:48:00,3.417214444504072,out
2025-01-02T15:49:00,2.935767839156447,out
2025-01-02T15:50:00,2.1553130857348743,out
2025-01-02T15:51:00,3.2080209684556875,out
2025-01-02T15:52:00,2.247756270493573,out
2025-01-02T15:53:00,3.0214063607658908,out
2025-01-02T15:54:00,2.529173483978582,out
2025-01-02T15:55:00,2.4065930616555375,out
2025-01-02T15:56:00,2.6802321889554523,out
2025-01-02T15:57:00,2.77024250842038,out
2025-01-02T15:58:00,2.5725417371962687,out
2025-01-02T15:59:00,3.0524682800596876,out
2025-01-02T16:00:00,2.6254198259098347,out
2025-01-02T16:01:00,3.182883461733878,out
2025-01-02T16:02:00,2.8903350906179948,out
2025-01-02T16:03:00,2.4860010749246935,out
2025-01-02T16:04:00,2.4059058036307133,out
2025-01-02T16:05:00,2.0806409461359796,out
2025-01-02T16:06:00,2.8433905951749407,out
2025-01-02T16:07:00,2.5728205518671463,out
2025-01-02T16:08:00,1.7534362316210332,out
2025-01-02T16:09:00,2.4757882261139925,out
2025-01-02T16:10:00,2.317521389228691,out
2025-01-02T16:11:00,3.2961681879538456,out
2025-01-02T16:12:00,1.972849410112473,out
2025-01-02T16:13:00,2.065586019639558,out
2025-01-02T16:14:00,3.0743816876301295,out
2025-01-02T16:15:00,3.161468813789458,out
2025-01-02T16:16:00,2.3092425467147435,out
2025-01-02T16:17:00,2.3429762349409082,out
2025-01-02T16:18:00,2.830982452522165,out
2025-01-02T16:19:00,1.642429208495669,out
2025-01-02T16:20:00,1.817675803977877,out
2025-01-02T16:21:00,2.4388475967092305,out
2025-01-02T16:22:00,3.1601886011923925,out
2025-01-02T16:23:00,2.355135703270772,out
2025-01-02T16:24:00,2.559101970838458,out
2025-01-02T16:25:00,2.9616468343089233,out
2025-01-02T16:26:00,3.340393447000513,out
2025-01-02T16:27:00,2.256513349847287,out
2025-01-02T16:28:00,2.4702361897919882,out
2025-01-02T16:29:00,3.195616258514425,out
2025-01-02T16:30:00,1.8478430948557105,out
2025-01-02T16:31:00,2.857789404116131,out
2025-01-02T16:32:00,2.029570659654776,out
2025-01-02T16:33:00,2.4681316296097195,out
2025-01-02T16:34:00,2.3204469731477433,out
2025-01-02T16:35:00,2.0247481440227206,out
2025-01-02T16:36:00,2.005276669953481,out
2025-01-02T16:37:00,2.499754487585431,out
2025-01-02T16:38:00,2.77818259577469,out
2025-01-02T16:39:00,2.318957503189695,out
2025-01-02T16:40:00,2.389889538777836,out
2025-01-02T16:41:00,2.5814135349781973,out
2025-01-02T16:42:00,1.9555035442417465,out
2025-01-02T16:43:00,2.6313428810084645,out
2025-01-02T16:44:00,2.6546257852280006,out
2025-01-02T16:45:00,3.359869742529531,out
2025-01-02T16:46:00,2.1596163925389713,out
2025-01-02T16:47:00,2.118572522121489,out
2025-01-02T16:48:00,2.601247250858578,out
2025-01-02T16:49:00,2.613266869705185,out
2025-01-02T16:50:00,2.063663434159956,out
2025-01-02T16:51:00,2.108615262484861,out
2025-01-02T16:52:00,2.478623799509003,out
2025-01-02T16:53:00,1.9235381388772503,out
2025-01-02T16:54:00,2.0828679955848366,out
2025-01-02T16:55:00,2.2755379806318046,out
2025-01-02T16:56:00,2.630805298298992,out
2025-01-02T16:57:00,1.9834291348062998,out
2025-01-02T16:58:00,1.481263495935996,out
2025-01-02T16:59:00,1.444637070019839,out
2025-01-02T17:00:00,1.7006798155831366,out
2025-01-02T17:01:00,1.6724572792363677,out
2025-01-02T17:02:00,2.1292698542833906,out
2025-01-02T17:03:00,1.7090624803204315,out
2025-01-02T17:04:00,1.897123658415541,out
2025-01-02T17:05:00,1.8623132271276122,out
2025-01-02T17:06:00,1.9895773332747437,out
2025-01-02T17:07:00,2.68872618184656,out
2025-01-02T17:08:00,2.4185586470607965,out
2025-01-02T17:09:00,2.1543978430593245,out
2025-01-02T17:10:00,1.957813445048066,out
2025-01-02T17:11:00,1.9633202985747193,out
2025-01-02T17:12:00,2.2622129835779456,out
2025-01-02T17:13:00,2.359394794433414,out
2025-01-02T17:14:00,1.7574047698347826,out
2025-01-02T17:15:00,2.129880619826309,out
2025-01-02T17:16:00,1.2975890718488068,out
2025-01-02T17:17:00,2.1899831273151804,out
2025-01-02T17:18:00,2.4053302513997488,out
2025-01-02T17:19:00,1.983728363369906,out
2025-01-02T17:20:00,2.8177642803827943,out
2025-01-02T17:21:00,1.7341682666771145,out
2025-01-02T17:22:00,2.1692625568979165,out
2025-01-02T17:23:00,2.063691901972226,out
2025-01-02T17:24:00,2.033750889451811,out
2025-01-02T17:25:00,2.024102069991538,out
2025-01-02T17:26:00,2.1087468318322875,out
2025-01-02T17:27:00,2.4012751764674594,out
2025-01-02T17:28:00,2.609486082060476,out
2025-01-02T17:29:00,2.053904517877044,out
2025-01-02T17:30:00,2.3774572606257913,out
2025-01-02T17:31:00,1.7672635234149972,out
2025-01-02T17:32:00,2.3511052712425604,out
2025-01-02T17:33:00,1.7367926487396472,out
2025-01-02T17:34:00,2.4748328403757283,out
2025-01-02T17:35:00,2.9199183216233777,out
2025-01-02T17:36:00,1.984035072601804,out
2025-01-02T17:37:00,1.153171494171566,out
2025-01-02T17:38:00,1.808393636498998,out
2025-01-02T17:39:00,2.5179204882677513,out
2025-01-02T17:40:00,2.2440625262596243,out
2025-01-02T17:41:00,2.1201724244834432,out
2025-01-02T17:42:00,2.421963339983169,out
2025-01-02T17:43:00,2.2102802651024556,out
2025-01-02T17:44:00,2.50170577342151,out
2025-01-02T17:45:00,2.3806159312271737,out
2025-01-02T17:46:00,2.6198713905635818,out
2025-01-02T17:47:00,2.1531684102184094,out
2025-01-02T17:48:00,2.3703265520701384,out
2025-01-02T17:49:00,1.8840588518559813,out
2025-01-02T17:50:00,1.765126345885252,out
2025-01-02T17:51:00,2.6873328387232522,out
2025-01-02T17:52:00,2.0901369084145007,out
2025-01-02T17:53:00,2.3247506813246743,out
2025-01-02T17:54:00,2.051552055911212,out
2025-01-02T17:55:00,1.7668215771525593,out
2025-01-02T17:56:00,2.0053069860946127,out
2025-01-02T17:57:00,2.5749116416630438,out
2025-01-02T17:58:00,2.2223244913267415,out
2025-01-02T17:59:00,1.31546785178341,out
2025-01-02T18:00:00,1.9139022173695381,out
2025-01-02T18:01:00,2.7129746327574784,out
2025-01-02T18:02:00,1.9147097168749896,out
2025-01-02T18:03:00,1.2803225578622857,out
2025-01-02T18:04:00,2.7581333832306694,out
2025-01-02T18:05:00,2.274384841445662,out
2025-01-02T18:06:00,1.9740509066215361,out
2025-01-02T18:07:00,1.8542313605468943,out
2025-01-02T18:08:00,2.43659580980212,out
2025-01-02T18:09:00,1.7878324224651858,out
2025-01-02T18:10:00,2.465013240315249,out
2025-01-02T18:11:00,2.223787795379998,out
2025-01-02T18:12:00,2.106095561667497,out
2025-01-02T18:13:00,2.067855898790145,out
2025-01-02T18:14:00,1.9412039947831268,out
2025-01-02T18:15:00,2.431102508652086,out
2025-01-02T18:16:00,1.6684785656003207,out
2025-01-02T18:17:00,1.367728838671002,out
2025-01-02T18:18:00,2.2642720467582222,out
2025-01-02T18:19:00,2.2731023162402897,out
2025-01-02T18:20:00,2.214928272454233,out
2025-01-02T18:21:00,2.1882617823992447,out
2025-01-02T18:22:00,1.8994066584619083,out
2025-01-02T18:23:00,2.3451819722487395,out
2025-01-02T18:24:00,2.014645377088544,out
2025-01-02T18:25:00,1.8408165463400106,out
2025-01-02T18:26:00,1.9138123410383145,out
2025-01-02T18:27:00,2.8498451377807754,out
2025-01-02T18:28:00,1.3507326573338942,out
2025-01-02T18:29:00,2.2478855436400287,out
2025-01-02T18:30:00,1.3796866607076492,out
2025-01-02T18:31:00,2.011511280349517,out
2025-01-02T18:32:00,1.8849405934889023,out
2025-01-02T18:33:00,1.2280803604100257,out
2025-01-02T18:34:00,2.2215198560020033,out
2025-01-02T18:35:00,1.917815712316557,out
2025-01-02T18:36:00,1.234187419404675,out
2025-01-02T18:37:00,2.4138490369483083,out
2025-01-02T18:38:00,2.656288861972185,out
2025-01-02T18:39:00,2.682713382570161,out
2025-01-02T18:40:00,2.2347360581873397,out
2025-01-02T18:41:00,2.1141790695531006,out
2025-01-02T18:42:00,2.6317332029745897,out
2025-01-02T18:43:00,2.7782510477829807,out
2025-01-02T18:44:00,2.5636643804642656,out
2025-01-02T18:45:00,1.7386732766886952,out
2025-01-02T18:46:00,2.2009897135609906,out
2025-01-02T18:47:00,2.301533622809069,out
2025-01-02T18:48:00,1.4072676080302733,out
2025-01-02T18:49:00,2.3243576250722358,out
2025-01-02T18:50:00,3.051420687672156,out
2025-01-02T18:51:00,2.4039205432692397,out
2025-01-02T18:52:00,2.7431448438652906,out
2025-01-02T18:53:00,2.2328903412887913,out
2025-01-02T18:54:00,2.136493148020411,out
2025-01-02T18:55:00,2.324456137152821,out
2025-01-02T18:56:00,1.851894983150246,out
2025-01-02T18:57:00,1.7991044668657172,out
2025-01-02T18:58:00,2.6976359805990993,out
2025-01-02T18:59:00,2.7466613036629464,out
2025-01-02T19:00:00,1.8080025160306497,out
2025-01-02T19:01:00,2.5984755788486673,out
2025-01-02T19:02:00,2.1834332905058518,out
2025-01-02T19:03:00,2.3611920110742872,out
2025-01-02T19:04:00,2.416517280144112,out
2025-01-02T19:05:00,2.6374410609341528,out
2025-01-02T19:06:00,2.2801688715361164,out
2025-01-02T19:07:00,2.8186366332918875,out
2025-01-02T19:08:00,2.385936600125755,out
2025-01-02T19:09:00,2.5195540422446925,out
2025-01-02T19:10:00,1.9443932588957396,out
2025-01-02T19:11:00,3.1490888064222617,out
2025-01-02T19:12:00,2.481590871511064,out
2025-01-02T19:13:00,2.587004212926778,out
2025-01-02T19:14:00,1.6667837442781857,out
2025-01-02T19:15:00,1.9893384137977248,out
2025-01-02T19:16:00,2.8220420215715913,out
2025-01-02T19:17:00,2.4502223249603343,out
2025-01-02T19:18:00,1.5786391595153582,out
2025-01-02T19:19:00,2.7682598800553007,out
2025-01-02T19:20:00,2.144331153543459,out
2025-01-02T19:21:00,2.93537877881578,out
2025-01-02T19:22:00,2.3448325930681313,out
2025-01-02T19:23:00,2.4710714162921406,out
2025-01-02T19:24:00,2.870099272453449,out
2025-01-02T19:25:00,2.0489555959613415,out
2025-01-02T19:26:00,2.020355868974275,out
2025-01-02T19:27:00,2.3485433146092123,out
2025-01-02T19:28:00,2.7677659924477616,out
2025-01-02T19:29:00,1.9144060748492042,out
2025-01-02T19:30:00,1.7895089649766414,out
2025-01-02T19:31:00,2.7962825407948033,out
2025-01-02T19:32:00,2.2357795542585555,out
2025-01-02T19:33:00,2.3303623339384973,out
2025-01-02T19:34:00,1.7549153929131867,out
2025-01-02T19:35:00,2.236539399542523,out
2025-01-02T19:36:00,2.5157003354919345,out
2025-01-02T19:37:00,2.901578881586623,out
2025-01-02T19:38:00,2.2317403082468847,out
2025-01-02T19:39:00,3.2140914051425113,out
2025-01-02T19:40:00,2.2883308681081775,out
2025-01-02T19:41:00,2.3000324066397213,out
2025-01-02T19:42:00,3.199431314659954,out
2025-01-02T19:43:00,2.680394625010037,out
2025-01-02T19:44:00,2.3864258306003667,out
2025-01-02T19:45:00,2.5567102983316286,out
2025-01-02T19:46:00,3.1716232614046707,out
2025-01-02T19:47:00,3.2286074673834495,out
2025-01-02T19:48:00,2.3272435831616862,out
2025-01-02T19:49:00,2.6489236270539367,out
2025-01-02T19:50:00,2.713997731997699,out
2025-01-02T19:51:00,2.2955781310151067,out
2025-01-02T19:52:00,2.6800404217864386,out
2025-01-02T19:53:00,2.7167847149483673,out
2025-01-02T19:54:00,3.183181115602898,out
2025-01-02T19:55:00,3.222609477079432,out
2025-01-02T19:56:00,2.6205979978200227,out
2025-01-02T19:57:00,2.679442700018889,out
2025-01-02T19:58:00,3.0435827451828548,out
2025-01-02T19:59:00,2.5567317334943427,out
2025-01-02T20:00:00,3.0393036379883265,out
2025-01-02T20:01:00,2.781824373825939,out
2025-01-02T20:02:00,2.4424656062553973,out
2025-01-02T20:03:00,2.460826845839423,out
2025-01-02T20:04:00,3.4358196741997666,out
2025-01-02T20:05:00,2.8079601843049966,out
2025-01-02T20:06:00,3.5403006514347677,out
2025-01-02T20:07:00,2.6924321457406575,out
2025-01-02T20:08:00,3.028193503514037,out
2025-01-02T20:09:00,3.882703758983454,out
2025-01-02T20:10:00,2.516696627257373,out
2025-01-02T20:11:00,2.1946401222537304,out
2025-01-02T20:12:00,3.4826126448423462,out
2025-01-02T20:13:00,2.651559422756213,out
2025-01-02T20:14:00,2.9884025219544936,out
2025-01-02T20:15:00,2.776815042004093,out
2025-01-02T20:16:00,3.133039677051876,out
2025-01-02T20:17:00,2.6602470223625674,out
2025-01-02T20:18:00,2.9832668331145813,out
2025-01-02T20:19:00,3.2500445029696317,out
2025-01-02T20:20:00,2.6817641797563403,out
2025-01-02T20:21:00,2.8201170571715686,out
2025-01-02T20:22:00,2.976353756422672,out
2025-01-02T20:23:00,2.559029934519411,out
2025-01-02T20:24:00,2.976873640630815,out
2025-01-02T20:25:00,3.208850990356266,out
2025-01-02T20:26:00,3.0170392596613214,out
2025-01-02T20:27:00,3.0839265266809455,out
2025-01-02T20:28:00,3.2002262713536096,out
2025-01-02T20:29:00,2.961690599819339,out
2025-01-02T20:30:00,3.5163049845993384,out
2025-01-02T20:31:00,3.8302538074576447,out
2025-01-02T20:32:00,3.0861833214814864,out
2025-01-02T20:33:00,3.482177707306612,out
2025-01-02T20:34:00,3.2085041967116523,out
2025-01-02T20:35:00,3.466888039458108,out
2025-01-02T20:36:00,3.9634360437394753,out
2025-01-02T20:37:00,3.5571079527141207,out
2025-01-02T20:38:00,2.660886684149805,out
2025-01-02T20:39:00,3.5685472601380264,out
2025-01-02T20:40:00,3.896878838609731,out
2025-01-02T20:41:00,3.3319667133055835,out
2025-01-02T20:42:00,3.8358181288469475,out
2025-01-02T20:43:00,3.178563877234919,out
2025-01-02T20:44:00,2.877526854854456,out
2025-01-02T20:45:00,3.5454287626591916,out
2025-01-02T20:46:00,2.803674986967457,out
2025-01-02T20:47:00,3.427747344472365,out
2025-01-02T20:48:00,4.055867952193836,out
2025-01-02T20:49:00,2.7947860727804907,out
2025-01-02T20:50:00,3.064537260773695,out
2025-01-02T20:51:00,3.181252045321256,out
2025-01-02T20:52:00,3.5865498464005894,out
2025-01-02T20:53:00,3.4834874664471136,out
2025-01-02T20:54:00,4.207408326604703,out
2025-01-02T20:55:00,4.047555559278141,out
2025-01-02T20:56:00,3.882070376395531,out
2025-01-02T20:57:00,3.760440465189623,out
2025-01-02T20:58:00,3.8777892158688383,out
2025-01-02T20:59:00,3.3940948041349364,out
2025-01-02T21:00:00,4.100243454303354,out
2025-01-02T21:01:00,3.331093951520506,out
2025-01-02T21:02:00,4.128695211761786,out
2025-01-02T21:03:00,4.287714241797445,out
2025-01-02T21:04:00,3.916395618081249,out
2025-01-02T21:05:00,3.7804364417215934,out
2025-01-02T21:06:00,4.02999650916134,out
2025-01-02T21:07:00,2.744294710001574,out
2025-01-02T21:08:00,4.028913127019194,out
2025-01-02T21:09:00,3.8818539276664223,out
2025-01-02T21:10:00,3.92620750908324,out
2025-01-02T21:11:00,4.248412160551123,out
2025-01-02T21:12:00,3.955308793220955,out
2025-01-02T21:13:00,3.548627261334529,out
2025-01-02T21:14:00,3.967718642375425,out
2025-01-02T21:15:00,4.070947303031912,out
2025-01-02T21:16:00,4.10961939068936,out
2025-01-02T21:17:00,4.148209232137686,out
2025-01-02T21:18:00,4.519059327986316,out
2025-01-02T21:19:00,3.688842300928557,out
2025-01-02T21:20:00,4.213554524346697,out
2025-01-02T21:21:00,4.679337867563785,out
2025-01-02T21:22:00,3.4896860795585374,out
2025-01-02T21:23:00,4.275626700936919,out
2025-01-02T21:24:00,3.9899262529117543,out
2025-01-02T21:25:00,4.096175013106403,out
2025-01-02T21:26:00,3.9029891788885074,out
2025-01-02T21:27:00,4.2176160178608155,out
2025-01-02T21:28:00,5.042533393816812,out
2025-01-02T21:29:00,3.8209241753224124,out
2025-01-02T21:30:00,3.879587424956143,out
2025-01-02T21:31:00,3.847462243677232,out
2025-01-02T21:32:00,5.080077175738946,out
2025-01-02T21:33:00,4.225116514367529,out
2025-01-02T21:34:00,4.420807655352882,out
2025-01-02T21:35:00,4.291028933376005,out
2025-01-02T21:36:00,4.095519334883923,out
2025-01-02T21:37:00,4.40044174752962,out
2025-01-02T21:38:00,5.499079708028981,out
2025-01-02T21:39:00,5.093957228166298,out
2025-01-02T21:40:00,4.217366254776816,out
2025-01-02T21:41:00,4.839049065646852,out
2025-01-02T21:42:00,4.268953469384451,out
2025-01-02T21:43:00,3.9126233782910935,out
2025-01-02T21:44:00,5.052646946241366,out
2025-01-02T21:45:00,5.130615740539805,out
2025-01-02T21:46:00,5.106798988546804,out
2025-01-02T21:47:00,4.522294523192684,out
2025-01-02T21:48:00,4.665455496309042,out
2025-01-02T21:49:00,5.0540593932552795,out
2025-01-02T21:50:00,4.932800764858296,out
2025-01-02T21:51:00,4.640857915987513,out
2025-01-02T21:52:00,4.172855686553498,out
2025-01-02T21:53:00,4.888266535745584,out
2025-01-02T21:54:00,5.296612467398751,out
2025-01-02T21:55:00,4.408325135423203,out
2025-01-02T21:56:00,5.165275303210063,out
2025-01-02T21:57:00,5.0648581615911645,out
2025-01-02T21:58:00,5.254829127528703,out
2025-01-02T21:59:00,5.326146337614443,out
2025-01-02T22:00:00,4.72221390322986,out
2025-01-02T22:01:00,4.375917217882767,out
2025-01-02T22:02:00,4.832050829106043,out
2025-01-02T22:03:00,5.423923478029074,out
2025-01-02T22:04:00,4.8743407171115845,out
2025-01-02T22:05:00,4.836450056940615,out
2025-01-02T22:06:00,4.408507301672485,out
2025-01-02T22:07:00,5.861141018711311,out
2025-01-02T22:08:00,5.513456079854778,out
2025-01-02T22:09:00,5.51427127055923,out
2025-01-02T22:10:00,5.616598475301582,out
2025-01-02T22:11:00,5.483439853915619,out
2025-01-02T22:12:00,5.1783254594909005,out
2025-01-02T22:13:00,5.233903712126505,out
2025-01-02T22:14:00,5.151787375504297,out
2025-01-02T22:15:00,6.400164160451986,out
2025-01-02T22:16:00,5.5921379317853095,out
2025-01-02T22:17:00,5.207808279032924,out
2025-01-02T22:18:00,5.603132128816735,out
2025-01-02T22:19:00,5.03623999344872,out
2025-01-02T22:20:00,6.066093116991494,out
2025-01-02T22:21:00,5.223613936452569,out
2025-01-02T22:22:00,5.7122747171115495,out
2025-01-02T22:23:00,5.9620779362163905,out
2025-01-02T22:24:00,5.71348755922719,out
2025-01-02T22:25:00,5.62130785757543,out
2025-01-02T22:26:00,5.611826420390929,out
2025-01-02T22:27:00,5.608960422939548,out
2025-01-02T22:28:00,5.424933833493355,out
2025-01-02T22:29:00,5.499940858271186,out
2025-01-02T22:30:00,6.29573555526983,out
2025-01-02T22:31:00,5.684693642811338,out
2025-01-02T22:32:00,5.43804193175141,out
2025-01-02T22:33:00,5.5701363361963745,out
2025-01-02T22:34:00,6.241140911933104,out
2025-01-02T22:35:00,6.095614423563574,out
2025-01-02T22:36:00,6.073923974021096,out
2025-01-02T22:37:00,5.7712452924497875,out
2025-01-02T22:38:00,6.128100700512365,out
2025-01-02T22:39:00,5.665873207554778,out
2025-01-02T22:40:00,5.844033527507678,out
2025-01-02T22:41:00,6.36042148693673,out
2025-01-02T22:42:00,6.346869916164996,out
2025-01-02T22:43:00,5.629092190042955,out
2025-01-02T22:44:00,5.704380492093623,out
2025-01-02T22:45:00,6.1148440693063915,out
2025-01-02T22:46:00,6.786625011437252,out
2025-01-02T22:47:00,5.354791095309899,out
2025-01-02T22:48:00,6.2572312095785145,out
2025-01-02T22:49:00,5.620396873202677,out
2025-01-02T22:50:00,5.942032805564137,out
2025-01-02T22:51:00,6.074979182920876,out
2025-01-02T22:52:00,6.077566434288824,out
2025-01-02T22:53:00,6.057304015331775,out
2025-01-02T22:54:00,6.29879075592701,out
2025-01-02T22:55:00,6.106923689161808,out
2025-01-02T22:56:00,5.761192911156338,out
2025-01-02T22:57:00,6.683305145818664,out
2025-01-02T22:58:00,6.6977186103900035,out
2025-01-02T22:59:00,6.759082437261214,out
2025-01-02T23:00:00,5.830791930879241,out
2025-01-02T23:01:00,6.5919555718004865,out
2025-01-02T23:02:00,6.768111517996116,out
2025-01-02T23:03:00,6.110599414450207,out
2025-01-02T23:04:00,6.552137925674837,out
2025-01-02T23:05:00,6.527377987918811,out
2025-01-02T23:06:00,7.3361880802918735,out
2025-01-02T23:07:00,7.394596069270538,out
2025-01-02T23:08:00,5.984551116604726,out
2025-01-02T23:09:00,7.67338619216219,out
2025-01-02T23:10:00,6.3352720279100465,out
2025-01-02T23:11:00,7.11920328479229,out
2025-01-02T23:12:00,7.140729047438937,out
2025-01-02T23:13:00,6.379873402422206,out
2025-01-02T23:14:00,7.001099511032454,out
2025-01-02T23:15:00,6.786444570196806,out
2025-01-02T23:16:00,7.076878029593681,out
2025-01-02T23:17:00,6.97312470489984,out
2025-01-02T23:18:00,7.3851226411952045,out
2025-01-02T23:19:00,6.962498544415369,out
2025-01-02T23:20:00,6.890961306227892,out
2025-01-02T23:21:00,7.422328670128716,out
2025-01-02T23:22:00,7.241872750779371,out
2025-01-02T23:23:00,7.328269964105398,out
2025-01-02T23:24:00,6.795558540855168,out
2025-01-02T23:25:00,6.669154570301106,out
2025-01-02T23:26:00,6.886054675921255,out
2025-01-02T23:27:00,6.890715713780682,out
2025-01-02T23:28:00,7.479441101700769,out
2025-01-02T23:29:00,7.581288038475282,out
2025-01-02T23:30:00,7.154790730866723,out
2025-01-02T23:31:00,7.815173792714758,out
2025-01-02T23:32:00,7.816171697075167,out
2025-01-02T23:33:00,7.392135181813183,out
2025-01-02T23:34:00,6.992024008775341,out
2025-01-02T23:35:00,7.976949410662429,out
2025-01-02T23:36:00,7.34842227998271,out
2025-01-02T23:37:00,7.449337708899929,out
2025-01-02T23:38:00,7.28908347463603,out
2025-01-02T23:39:00,7.095074157500701,out
2025-01-02T23:40:00,6.889609771387931,out
2025-01-02T23:41:00,7.756298084349679,out
2025-01-02T23:42:00,7.215885004074277,out
2025-01-02T23:43:00,8.779161550426332,out
2025-01-02T23:44:00,7.1470317244902475,out
2025-01-02T23:45:00,7.104628234626588,out
2025-01-02T23:46:00,7.837764249036234,out
2025-01-02T23:47:00,8.271568666206644,out
2025-01-02T23:48:00,7.711820125319621,out
2025-01-02T23:49:00,7.941028196946845,out
2025-01-02T23:50:00,7.000864708824492,out
2025-01-02T23:51:00,7.493436487168878,out
2025-01-02T23:52:00,7.361156728129967,out
2025-01-02T23:53:00,7.058750580761904,out
2025-01-02T23:54:00,7.889730403762312,out
2025-01-02T23:55:00,6.97197964114846,out
2025-01-02T23:56:00,7.366407174941312,out
2025-01-02T23:57:00,7.706584908966563,out
2025-01-02T23:58:00,7.615126452629326,out
2025-01-02T23:59:00,8.13238354517434,out
2025-01-03T00:00:00,8.122232076760989,out
2025-01-03T00:01:00,8.383699354082664,out
2025-01-03T00:02:00,8.35331270607531,out
2025-01-03T00:03:00,8.534862689172618,out
2025-01-03T00:04:00,8.103947078620081,out
2025-01-03T00:05:00,8.25227607053403,out
2025-01-03T00:06:00,8.361667170614915,out
2025-01-03T00:07:00,8.239893758215338,out
2025-01-03T00:08:00,8.05051925624817,out
2025-01-03T00:09:00,8.102581880818502,out
2025-01-03T00:10:00,7.934692964860022,out
2025-01-03T00:11:00,8.45651550309199,out
2025-01-03T00:12:00,8.2764096678236,out
2025-01-03T00:13:00,8.074887225125552,out
2025-01-03T00:14:00,8.101393309479299,out
2025-01-03T00:15:00,7.908259284267742,out
2025-01-03T00:16:00,8.810075378959624,out
2025-01-03T00:17:00,8.476098008985106,out
2025-01-03T00:18:00,8.12563456653776,out
2025-01-03T00:19:00,8.820268344914027,out
2025-01-03T00:20:00,8.298754932568196,out
2025-01-03T00:21:00,7.986409461175521,out
2025-01-03T00:22:00,8.98356343080899,out
2025-01-03T00:23:00,8.38628957384601,out
2025-01-03T00:24:00,8.463611143522405,out
2025-01-03T00:25:00,8.669673257251452,out
2025-01-03T00:26:00,9.136254971723483,out
2025-01-03T00:27:00,8.713239301093552,out
2025-01-03T00:28:00,8.251569209972788,out
2025-01-03T00:29:00,8.974744616459848,out
2025-01-03T00:30:00,8.58916126361561,out
2025-01-03T00:31:00,9.56427517025412,out
2025-01-03T00:32:00,8.834590716961234,out
2025-01-03T00:33:00,7.966941532787601,out
2025-01-03T00:34:00,9.029802455639928,out
2025-01-03T00:35:00,9.69057943404359,out
2025-01-03T00:36:00,9.568974905659532,out
2025-01-03T00:37:00,9.696837109125578,out
2025-01-03T00:38:00,8.58238156101148,out
2025-01-03T00:39:00,9.380957981484851,out
2025-01-03T00:40:00,8.753091250106895,out
2025-01-03T00:41:00,9.157377032609821,out
2025-01-03T00:42:00,8.584232181456985,out
2025-01-03T00:43:00,8.861361910099319,out
2025-01-03T00:44:00,8.874355293313823,out
2025-01-03T00:45:00,9.52996404415381,out
2025-01-03T00:46:00,9.516495255171042,out
2025-01-03T00:47:00,9.332578398573393,out
2025-01-03T00:48:00,8.707301577684394,out
2025-01-03T00:49:00,9.148410259358787,out
2025-01-03T00:50:00,9.000191090451528,out
2025-01-03T00:51:00,9.672054912806797,out
2025-01-03T00:52:00,9.820980267190063,out
2025-01-03T00:53:00,9.797756579946828,out
2025-01-03T00:54:00,9.098584415368618,out
2025-01-03T00:55:00,8.330302105041245,out
2025-01-03T00:56:00,8.744746614345976,out
2025-01-03T00:57:00,10.045570549406836,out
2025-01-03T00:58:00,9.341778048598716,out
2025-01-03T00:59:00,9.227321841927113,out
2025-01-03T01:00:00,10.209978387989613,out
2025-01-03T01:01:00,10.084251264943179,out
2025-01-03T01:02:00,9.613209745237448,out
2025-01-03T01:03:00,9.511281462764853,out
2025-01-03T01:04:00,9.600983649776746,out
2025-01-03T01:05:00,9.769839203540933,out
2025-01-03T01:06:00,10.344110980751374,out
2025-01-03T01:07:00,9.898164578499426,out
2025-01-03T01:08:00,10.044641841552071,out
2025-01-03T01:09:00,10.24695749348149,out
2025-01-03T01:10:00,9.336364396615872,out
2025-01-03T01:11:00,10.131130551157675,out
2025-01-03T01:12:00,9.736274464385037,out
2025-01-03T01:13:00,8.872544760593392,out
2025-01-03T01:14:00,9.052560121636223,out
2025-01-03T01:15:00,9.521389747211492,out
2025-01-03T01:16:00,10.165898218179974,out
2025-01-03T01:17:00,10.023663697712836,out
2025-01-03T01:18:00,10.07658783827289,out
2025-01-03T01:19:00,10.807877701094629,out
2025-01-03T01:20:00,9.544485014010082,out
2025-01-03T01:21:00,10.065729000791467,out
2025-01-03T01:22:00,10.223018496682322,out
2025-01-03T01:23:00,9.831236981370957,out
2025-01-03T01:24:00,10.161538395304978,out
2025-01-03T01:25:00,9.534648496068463,out
2025-01-03T01:26:00,10.76296984725579,out
2025-01-03T01:27:00,9.950698804046844,out
2025-01-03T01:28:00,11.060199626406867,out
2025-01-03T01:29:00,10.258901974547612,out
2025-01-03T01:30:00,10.707322020350212,out
2025-01-03T01:31:00,10.298944622224456,out
2025-01-03T01:32:00,10.332089238031427,out
2025-01-03T01:33:00,10.1348514050168,out
2025-01-03T01:34:00,10.440143985297983,out
2025-01-03T01:35:00,10.543679616918038,out
2025-01-03T01:36:00,10.126716454888731,out
2025-01-03T01:37:00,10.414295349336903,out
2025-01-03T01:38:00,10.244119909514586,out
2025-01-03T01:39:00,11.431824053070505,out
2025-01-03T01:40:00,10.499817262479542,out
2025-01-03T01:41:00,11.177505300087372,out
2025-01-03T01:42:00,10.504817648526688,out
2025-01-03T01:43:00,10.71038660104046,out
2025-01-03T01:44:00,10.101681252076354,out
2025-01-03T01:45:00,10.474903104566854,out
2025-01-03T01:46:00,10.761400746974546,out
2025-01-03T01:47:00,11.334992178608555,out
2025-01-03T01:48:00,10.812736109507782,out
2025-01-03T01:49:00,11.300731635178936,out
2025-01-03T01:50:00,11.02678332349137,out
2025-01-03T01:51:00,11.444647657736535,out
2025-01-03T01:52:00,10.793212489793317,out
2025-01-03T01:53:00,11.79600708736978,out
2025-01-03T01:54:00,10.668794080391995,out
2025-01-03T01:55:00,10.579347879837256,out
2025-01-03T01:56:00,10.424836581602408,out
2025-01-03T01:57:00,11.864137317604952,out
2025-01-03T01:58:00,11.282320389667959,out
2025-01-03T01:59:00,10.843650728699126,out
2025-01-03T02:00:00,11.499609078749392,out
2025-01-03T02:01:00,11.297720736320267,out
2025-01-03T02:02:00,11.83168116631446,out
2025-01-03T02:03:00,10.448625383366343,out
2025-01-03T02:04:00,10.98408440613462,out
2025-01-03T02:05:00,10.92763099538599,out
2025-01-03T02:06:00,10.345518317732248,out
2025-01-03T02:07:00,11.581414423823094,out
2025-01-03T02:08:00,11.071356963077879,out
2025-01-03T02:09:00,11.49753957748829,out
2025-01-03T02:10:00,12.167706423812787,out
2025-01-03T02:11:00,11.104549351476912,out
2025-01-03T02:12:00,11.099373017027295,out
2025-01-03T02:13:00,11.337225045009081,out
2025-01-03T02:14:00,11.706520853065706,out
2025-01-03T02:15:00,11.10673618799355,out
2025-01-03T02:16:00,11.102772781971627,out
2025-01-03T02:17:00,11.799705274266952,out
2025-01-03T02:18:00,11.549893151084209,out
2025-01-03T02:19:00,10.602089270375888,out
2025-01-03T02:20:00,10.951301898318627,out
2025-01-03T02:21:00,12.063365485754282,out
2025-01-03T02:22:00,11.644989047497162,out
2025-01-03T02:23:00,11.200619621409702,out
2025-01-03T02:24:00,11.458547650860844,out
2025-01-03T02:25:00,11.553152559302163,out
2025-01-03T02:26:00,11.863230064620108,out
2025-01-03T02:27:00,11.046642245480436,out
2025-01-03T02:28:00,11.274510483444098,out
2025-01-03T02:29:00,11.740946230202718,out
2025-01-03T02:30:00,11.61263474185414,out
2025-01-03T02:31:00,11.902047353261372,out
2025-01-03T02:32:00,11.202165893010106,out
2025-01-03T02:33:00,11.857415166367531,out
2025-01-03T02:34:00,12.1717212675767,out
2025-01-03T02:35:00,11.950268251964065,out
2025-01-03T02:36:00,11.831567042203659,out
2025-01-03T02:37:00,11.757878530348702,out
2025-01-03T02:38:00,11.48252886055798,out
2025-01-03T02:39:00,11.807834574907591,out
2025-01-03T02:40:00,12.360607999271393,out
2025-01-03T02:41:00,11.82913247521773,out
2025-01-03T02:42:00,11.540766694241738,out
2025-01-03T02:43:00,11.719659679270176,out
2025-01-03T02:44:00,12.016694292853414,out
2025-01-03T02:45:00,11.806669291728074,out
2025-01-03T02:46:00,12.169841602519675,out
2025-01-03T02:47:00,12.204427500304615,out
2025-01-03T02:48:00,12.37037691031501,out
2025-01-03T02:49:00,12.603624633514016,out
2025-01-03T02:50:00,12.451884735442905,out
2025-01-03T02:51:00,11.699108847538467,out
2025-01-03T02:52:00,11.730576381744479,out
2025-01-03T02:53:00,12.080789351374223,out
2025-01-03T02:54:00,11.949657311266751,out
2025-01-03T02:55:00,11.693747643909235,out
2025-01-03T02:56:00,11.991273505084784,out
2025-01-03T02:57:00,11.99693758560246,out
2025-01-03T02:58:00,11.936716489894618,out
2025-01-03T02:59:00,12.097772552273806,out
2025-01-03T03:00:00,12.714021027246613,out
2025-01-03T03:01:00,12.340807470239405,out
2025-01-03T03:02:00,13.268226325347277,out
2025-01-03T03:03:00,12.36601493495578,out
2025-01-03T03:04:00,12.200012492457004,out
2025-01-03T03:05:00,12.335836925420478,out
2025-01-03T03:06:00,12.454843017451136,out
2025-01-03T03:07:00,12.544327402162825,out
2025-01-03T03:08:00,13.218806740058632,out
2025-01-03T03:09:00,12.06780687062308,out
2025-01-03T03:10:00,12.767282444131835,out
2025-01-03T03:11:00,12.524409003966642,out
2025-01-03T03:12:00,11.830429855836114,out
2025-01-03T03:13:00,12.784623763208101,out
2025-01-03T03:14:00,13.000783749055575,out
2025-01-03T03:15:00,12.168168283362888,out
2025-01-03T03:16:00,12.524683934179842,out
2025-01-03T03:17:00,11.85524820150121,out
2025-01-03T03:18:00,12.058913209726446,out
2025-01-03T03:19:00,12.998606649742072,out
2025-01-03T03:20:00,12.409700056310887,out
2025-01-03T03:21:00,12.169529802465537,out
2025-01-03T03:22:00,12.72153164610969,out
2025-01-03T03:23:00,12.437390891920698,out
2025-01-03T03:24:00,12.474547105631608,out
2025-01-03T03:25:00,12.97503730882725,out
2025-01-03T03:26:00,12.230955597540738,out
2025-01-03T03:27:00,12.349755500211735,out
2025-01-03T03:28:00,12.789696518499879,out
2025-01-03T03:29:00,13.131901358762336,out
2025-01-03T03:30:00,13.255384162343347,out
2025-01-03T03:31:00,12.509987327063085,out
2025-01-03T03:32:00,13.166763847051612,out
2025-01-03T03:33:00,12.493865958758198,out
2025-01-03T03:34:00,13.553624902466025,out
2025-01-03T03:35:00,12.385159215437,out
2025-01-03T03:36:00,13.385493490566375,out
2025-01-03T03:37:00,12.606849449062583,out
2025-01-03T03:38:00,13.689991692055752,out
2025-01-03T03:39:00,13.136377622511066,out
2025-01-03T03:40:00,12.508505653970657,out
2025-01-03T03:41:00,12.720986235835976,out
2025-01-03T03:42:00,13.25722961382159,out
2025-01-03T03:43:00,13.380596261809352,out
2025-01-03T03:44:00,12.945939198640461,out
2025-01-03T03:45:00,13.006680986200656,out
2025-01-03T03:46:00,13.30665614546063,out
2025-01-03T03:47:00,13.070436305890881,out
2025-01-03T03:48:00,12.514621463937193,out
2025-01-03T03:49:00,12.72104446793028,out
2025-01-03T03:50:00,13.154396652137978,out
2025-01-03T03:51:00,13.560559896822916,out
2025-01-03T03:52:00,13.734681546603372,out
2025-01-03T03:53:00,13.413925118281956,out
2025-01-03T03:54:00,13.230757290539099,out
2025-01-03T03:55:00,13.428996778430667,out
2025-01-03T03:56:00,12.87630346412993,out
2025-01-03T03:57:00,13.09514608490543,out
2025-01-03T03:58:00,12.84012267411336,out
2025-01-03T03:59:00,12.683515986943288,out
2025-01-03T04:00:00,13.329572027361113,out
2025-01-03T04:01:00,13.283398209568748,out
2025-01-03T04:02:00,13.497195169443001,out
2025-01-03T04:03:00,13.453420774793761,out
2025-01-03T04:04:00,13.344775951365918,out
2025-01-03T04:05:00,13.483007200516067,out
2025-01-03T04:06:00,13.255829437480797,out
2025-01-03T04:07:00,13.45050098732127,out
2025-01-03T04:08:00,13.007227796079016,out
2025-01-03T04:09:00,13.4578081950339,out
2025-01-03T04:10:00,13.589432073183731,out
2025-01-03T04:11:00,13.066230277685536,out
2025-01-03T04:12:00,13.366771984727341,out
2025-01-03T04:13:00,13.108432656615076,out
2025-01-03T04:14:00,13.159003491005706,out
2025-01-03T04:15:00,12.931264707155265,out
2025-01-03T04:16:00,13.899074247861622,out
2025-01-03T04:17:00,13.830463505823547,out
2025-01-03T04:18:00,13.630485247790094,out
2025-01-03T04:19:00,14.215609253503732,out
2025-01-03T04:20:00,13.362148443592542,out
2025-01-03T04:21:00,14.661564008994738,out
2025-01-03T04:22:00,13.36875585911397,out
2025-01-03T04:23:00,13.572649602164939,out
2025-01-03T04:24:00,13.322161580279518,out
2025-01-03T04:25:00,13.640799098740803,out
2025-01-03T04:26:00,13.836606417465243,out
2025-01-03T04:27:00,13.467180703672154,out
2025-01-03T04:28:00,14.23371705956169,out
2025-01-03T04:29:00,13.628865543876092,out
2025-01-03T04:30:00,13.651471349511798,out
2025-01-03T04:31:00,13.189643946299912,out
2025-01-03T04:32:00,13.730502757220874,out
2025-01-03T04:33:00,13.519246428907797,out
2025-01-03T04:34:00,13.339209516157231,out
2025-01-03T04:35:00,13.281457452437442,out
2025-01-03T04:36:00,14.670187910885883,out
2025-01-03T04:37:00,13.505420358044455,out
2025-01-03T04:38:00,13.037238967177876,out
2025-01-03T04:39:00,13.349859431641873,out
2025-01-03T04:40:00,13.617528588924964,out
2025-01-03T04:41:00,13.865722904584816,out
2025-01-03T04:42:00,13.877767555243194,out
2025-01-03T04:43:00,13.935179943067316,out
2025-01-03T04:44:00,13.415167330940966,out
2025-01-03T04:45:00,13.817756954371252,out
2025-01-03T04:46:00,13.339518145592965,out
2025-01-03T04:47:00,13.450337564005656,out
2025-01-03T04:48:00,13.339255507970817,out
2025-01-03T04:49:00,13.239019256020361,out
2025-01-03T04:50:00,14.147985500032563,out
2025-01-03T04:51:00,14.005564347134674,out
2025-01-03T04:52:00,14.128494683769462,out
2025-01-03T04:53:00,13.761153391238603,out
2025-01-03T04:54:00,14.063641488755216,out
2025-01-03T04:55:00,13.055783364458552,out
2025-01-03T04:56:00,14.112805182848053,out
2025-01-03T04:57:00,13.845579350723895,out
2025-01-03T04:58:00,14.032626559311401,out
2025-01-03T04:59:00,13.940733262592321,out
2025-01-03T05:00:00,13.400732895919656,out
2025-01-03T05:01:00,13.203059723327238,out
2025-01-03T05:02:00,13.524064175795461,out
2025-01-03T05:03:00,14.04135237074969,out
2025-01-03T05:04:00,14.097810923726135,out
2025-01-03T05:05:00,13.280875507926822,out
2025-01-03T05:06:00,13.441779775398773,out
2025-01-03T05:07:00,13.550981276386354,out
2025-01-03T05:08:00,13.703298364604684,out
2025-01-03T05:09:00,13.307233590710016,out
2025-01-03T05:10:00,13.288955336263546,out
2025-01-03T05:11:00,13.53465252021305,out
2025-01-03T05:12:00,13.903387138892837,out
2025-01-03T05:13:00,13.402035099006104,out
2025-01-03T05:14:00,13.83322682373627,out
2025-01-03T05:15:00,14.308132808876108,out
2025-01-03T05:16:00,13.369051205720579,out
2025-01-03T05:17:00,13.812124082988843,out
2025-01-03T05:18:00,14.309432138884034,out
2025-01-03T05:19:00,13.73693682973222,out
2025-01-03T05:20:00,13.67937864172988,out
2025-01-03T05:21:00,14.378734680071055,out
2025-01-03T05:22:00,13.795232777634768,out
2025-01-03T05:23:00,14.363776209443618,out
2025-01-03T05:24:00,14.097716200021706,out
2025-01-03T05:25:00,13.793031201642629,out
2025-01-03T05:26:00,14.125971392410513,out
2025-01-03T05:27:00,14.066088126456435,out
2025-01-03T05:28:00,14.349961540850412,out
2025-01-03T05:29:00,13.725857169175285,out
2025-01-03T05:30:00,13.96515159495551,out
2025-01-03T05:31:00,13.927423426236434,out
2025-01-03T05:32:00,14.236936166503845,out
2025-01-03T05:33:00,13.548339063951886,out
2025-01-03T05:34:00,14.368221953354666,out
2025-01-03T05:35:00,14.150869538202084,out
2025-01-03T05:36:00,13.44036134275646,out
2025-01-03T05:37:00,14.45311623969767,out
2025-01-03T05:38:00,14.866014422522165,out
2025-01-03T05:39:00,14.375563153267732,out
2025-01-03T05:40:00,14.547962095441061,out
2025-01-03T05:41:00,14.013541567627604,out
2025-01-03T05:42:00,13.316902034503363,out
2025-01-03T05:43:00,13.245852930129903,out
2025-01-03T05:44:00,14.087417119106048,out
2025-01-03T05:45:00,13.75036201633963,out
2025-01-03T05:46:00,13.622978279200261,out
2025-01-03T05:47:00,13.965251349756622,out
2025-01-03T05:48:00,14.238011323671959,out
2025-01-03T05:49:00,13.411987300204846,out
2025-01-03T05:50:00,13.814738281378991,out
2025-01-03T05:51:00,14.599322490692462,out
2025-01-03T05:52:00,13.566229610026024,out
2025-01-03T05:53:00,14.345106019886261,out
2025-01-03T05:54:00,13.804051645233747,out
2025-01-03T05:55:00,14.216889666419435,out
2025-01-03T05:56:00,14.438017173819494,out
2025-01-03T05:57:00,14.29599867223805,out
2025-01-03T05:58:00,14.363435379270578,out
2025-01-03T05:59:00,13.539305470961224,out
2025-01-03T06:00:00,14.445463882696519,out
2025-01-03T06:01:00,13.658865638470479,out
2025-01-03T06:02:00,14.103588244613643,out
2025-01-03T06:03:00,14.102784440242932,out
2025-01-03T06:04:00,14.19313519448618,out
2025-01-03T06:05:00,14.133354832903532,out
2025-01-03T06:06:00,13.660419958443455,out
2025-01-03T06:07:00,13.457254580101992,out
2025-01-03T06:08:00,14.34528443409928,out
2025-01-03T06:09:00,14.069708048451902,out
2025-01-03T06:10:00,14.454040065874272,out
2025-01-03T06:11:00,13.975197145234556,out
2025-01-03T06:12:00,13.429711464256659,out
2025-01-03T06:13:00,14.376801895745734,out
2025-01-03T06:14:00,13.84066054666676,out
2025-01-03T06:15:00,14.12395492240003,out
2025-01-03T06:16:00,13.726400530167137,out
2025-01-03T06:17:00,14.641221794690392,out
2025-01-03T06:18:00,13.63087807272549,out
2025-01-03T06:19:00,13.8444211133441,out
2025-01-03T06:20:00,14.0201476696294,out
2025-01-03T06:21:00,13.537956634613188,out
2025-01-03T06:22:00,14.10458500163811,out
2025-01-03T06:23:00,14.614575300492467,out
2025-01-03T06:24:00,13.770946507932155,out
2025-01-03T06:25:00,14.122395156946608,out
2025-01-03T06:26:00,12.861656979644103,out
2025-01-03T06:27:00,13.942839061535622,out
2025-01-03T06:28:00,13.830059995477452,out
2025-01-03T06:29:00,13.624630657114137,out
2025-01-03T06:30:00,14.381249356094276,out
2025-01-03T06:31:00,13.814697911671763,out
2025-01-03T06:32:00,13.870617417611987,out
2025-01-03T06:33:00,13.787031171002395,out
2025-01-03T06:34:00,13.16736883146547,out
2025-01-03T06:35:00,13.47737448677578,out
2025-01-03T06:36:00,14.310567438018914,out
2025-01-03T06:37:00,13.077997940609404,out
2025-01-03T06:38:00,13.611187469377107,out
2025-01-03T06:39:00,13.753448331832562,out
2025-01-03T06:40:00,14.606295264989877,out
2025-01-03T06:41:00,14.211685692076292,out
2025-01-03T06:42:00,13.67666123456249,out
2025-01-03T06:43:00,14.41650786519928,out
2025-01-03T06:44:00,13.593556772485536,out
2025-01-03T06:45:00,14.288351603912986,out
2025-01-03T06:46:00,13.335997329355772,out
2025-01-03T06:47:00,14.303575967623166,out
2025-01-03T06:48:00,13.706432146214441,out
2025-01-03T06:49:00,13.451984942399566,out
2025-01-03T06:50:00,13.770918597489073,out
2025-01-03T06:51:00,13.962991594939163,out
2025-01-03T06:52:00,13.648321016501127,out
2025-01-03T06:53:00,14.061856953160822,out
2025-01-03T06:54:00,13.601021968920433,out
2025-01-03T06:55:00,14.076201376452111,out
2025-01-03T06:56:00,13.99866318247062,out
2025-01-03T06:57:00,13.791016236357354,out
2025-01-03T06:58:00,13.632332917322268,out
2025-01-03T06:59:00,13.862891951789766,out
2025-01-03T07:00:00,14.015656454947889,out
2025-01-03T07:01:00,14.613443604065523,out
2025-01-03T07:02:00,14.157550887971013,out
2025-01-03T07:03:00,14.165127398648222,out
2025-01-03T07:04:00,15.002975053574026,out
2025-01-03T07:05:00,13.966682517022713,out
2025-01-03T07:06:00,13.946775813733842,out
2025-01-03T07:07:00,14.02703419455755,out
2025-01-03T07:08:00,13.334242144742914,out
2025-01-03T07:09:00,13.55255901217562,out
2025-01-03T07:10:00,13.519833997812427,out
2025-01-03T07:11:00,13.973420388747497,out
2025-01-03T07:12:00,13.636669272882443,out
2025-01-03T07:13:00,13.753484127400982,out
2025-01-03T07:14:00,14.124923779296582,out
2025-01-03T07:15:00,14.026841072452289,out
2025-01-03T07:16:00,13.608423052379406,out
2025-01-03T07:17:00,13.396536083605419,out
2025-01-03T07:18:00,14.109958839214347,out
2025-01-03T07:19:00,13.956612563902173,out
2025-01-03T07:20:00,12.9956529973973,out
2025-01-03T07:21:00,13.503886439971593,out
2025-01-03T07:22:00,13.686239320297092,out
2025-01-03T07:23:00,13.922343144964485,out
2025-01-03T07:24:00,13.965523156959119,out
2025-01-03T07:25:00,13.705609616166985,out
2025-01-03T07:26:00,13.816604420435691,out
2025-01-03T07:27:00,13.598512038182806,out
2025-01-03T07:28:00,13.293562452128501,out
2025-01-03T07:29:00,13.448737267688896,out
2025-01-03T07:30:00,13.550873669723764,out
2025-01-03T07:31:00,13.51933413001528,out
2025-01-03T07:32:00,12.768799958937255,out
2025-01-03T07:33:00,13.353753926921618,out
2025-01-03T07:34:00,13.524842707546407,out
2025-01-03T07:35:00,13.379320877954402,out
2025-01-03T07:36:00,13.382543227650972,out
2025-01-03T07:37:00,13.66576880978437,out
2025-01-03T07:38:00,13.028184750439808,out
2025-01-03T07:39:00,12.797642157370003,out
2025-01-03T07:40:00,13.298578805885231,out
2025-01-03T07:41:00,13.732376634926926,out
2025-01-03T07:42:00,14.090532921893823,out
2025-01-03T07:43:00,13.717040731573427,out
2025-01-03T07:44:00,12.805458773847464,out
2025-01-03T07:45:00,13.288289553445425,out
2025-01-03T07:46:00,13.472259922044765,out
2025-01-03T07:47:00,13.428910107236259,out
2025-01-03T07:48:00,13.56176096630736,out
2025-01-03T07:49:00,12.967283270330118,out
2025-01-03T07:50:00,13.348042234089629,out
2025-01-03T07:51:00,13.478054956688705,out
2025-01-03T07:52:00,13.627953938475027,out
2025-01-03T07:53:00,12.963057162587198,out
2025-01-03T07:54:00,13.134839929074637,out
2025-01-03T07:55:00,12.178833462215712,out
2025-01-03T07:56:00,12.999133455805264,out
2025-01-03T07:57:00,13.02521008524837,out
2025-01-03T07:58:00,12.814300372372424,out
2025-01-03T07:59:00,13.275437747027915,out
2025-01-03T08:00:00,13.173774249888528,out
2025-01-03T08:01:00,12.279327480195333,out
2025-01-03T08:02:00,13.255978150369856,out
2025-01-03T08:03:00,12.785108816693109,out
2025-01-03T08:04:00,13.33727938788888,out
2025-01-03T08:05:00,12.616730724946219,out
2025-01-03T08:06:00,13.127843601536933,out
2025-01-03T08:07:00,12.988848018418777,out
2025-01-03T08:08:00,13.209529330918693,out
2025-01-03T08:09:00,13.124245841284381,out
2025-01-03T08:10:00,12.958283004868733,out
2025-01-03T08:11:00,12.43172515216866,out
2025-01-03T08:12:00,12.441140222288134,out
2025-01-03T08:13:00,12.78416215944967,out
2025-01-03T08:14:00,13.00000297883118,out
2025-01-03T08:15:00,12.745518494935625,out
2025-01-03T08:16:00,13.224310207562036,out
2025-01-03T08:17:00,12.847850127078464,out
2025-01-03T08:18:00,12.558752041820291,out
2025-01-03T08:19:00,12.818643110457819,out
2025-01-03T08:20:00,13.005256200260575,out
2025-01-03T08:21:00,13.029803218499909,out
2025-01-03T08:22:00,13.636044762935168,out
2025-01-03T08:23:00,12.60188015578871,out
2025-01-03T08:24:00,12.824710501613527,out
2025-01-03T08:25:00,13.009117204332666,out
2025-01-03T08:26:00,12.813771980022983,out
2025-01-03T08:27:00,12.607275617750904,out
2025-01-03T08:28:00,12.172110189746066,out
2025-01-03T08:29:00,12.57167819158653,out
2025-01-03T08:30:00,12.330639076660292,out
2025-01-03T08:31:00,12.053494770013554,out
2025-01-03T08:32:00,12.4097929849721,out
2025-01-03T08:33:00,12.293064896977889,out
2025-01-03T08:34:00,12.92916355923167,out
2025-01-03T08:35:00,12.919743633523012,out
2025-01-03T08:36:00,12.301324052909477,out
2025-01-03T08:37:00,12.542264412267873,out
2025-01-03T08:38:00,11.886450435481308,out
2025-01-03T08:39:00,12.41531501236768,out
2025-01-03T08:40:00,12.755859418994811,out
2025-01-03T08:41:00,12.909369974540818,out
2025-01-03T08:42:00,12.277216960923662,out
2025-01-03T08:43:00,12.96613185051531,out
2025-01-03T08:44:00,11.921980712731246,out
2025-01-03T08:45:00,12.011987725216347,out
2025-01-03T08:46:00,12.777599070989169,out
2025-01-03T08:47:00,13.144792741795499,out
2025-01-03T08:48:00,12.656241748137845,out
2025-01-03T08:49:00,12.425171810307392,out
2025-01-03T08:50:00,11.545590522251864,out
2025-01-03T08:51:00,11.596956234196728,out
2025-01-03T08:52:00,12.439886024473376,out
2025-01-03T08:53:00,12.227000751465935,out
2025-01-03T08:54:00,11.909912153212884,out
2025-01-03T08:55:00,12.360396804690557,out
2025-01-03T08:56:00,12.362091349035031,out
2025-01-03T08:57:00,12.675578007964042,out
2025-01-03T08:58:00,12.334143608130173,out
2025-01-03T08:59:00,12.752470001073469,out
2025-01-03T09:00:00,12.245838298938816,out
2025-01-03T09:01:00,12.177954348812879,out
2025-01-03T09:02:00,12.63118046029798,out
2025-01-03T09:03:00,11.795366407033514,out
2025-01-03T09:04:00,13.293729204060451,out
2025-01-03T09:05:00,12.29918132596031,out
2025-01-03T09:06:00,12.282459155297598,out
2025-01-03T09:07:00,12.321136331547196,out
2025-01-03T09:08:00,12.842844750507648,out
2025-01-03T09:09:00,12.389807437866699,out
2025-01-03T09:10:00,11.411518854092394,out
2025-01-03T09:11:00,12.59558899851501,out
2025-01-03T09:12:00,11.878425006375148,out
2025-01-03T09:13:00,12.03815202514074,out
2025-01-03T09:14:00,11.464018700424317,out
2025-01-03T09:15:00,12.166555697849978,out
2025-01-03T09:16:00,11.675804457916025,out
2025-01-03T09:17:00,11.95662636997373,out
2025-01-03T09:18:00,11.783048687836793,out
2025-01-03T09:19:00,12.646748998552125,out
2025-01-03T09:20:00,12.649629778177479,out
2025-01-03T09:21:00,11.855239279969409,out
2025-01-03T09:22:00,11.842060406214127,out
2025-01-03T09:23:00,11.646854784835298,out
2025-01-03T09:24:00,12.218324862900145,out
2025-01-03T09:25:00,11.623972884971005,out
2025-01-03T09:26:00,11.566552909967443,out
2025-01-03T09:27:00,12.106000841324994,out
2025-01-03T09:28:00,11.47864921382729,out
2025-01-03T09:29:00,11.65820166642729,out
2025-01-03T09:30:00,11.02004426144793,out
2025-01-03T09:31:00,11.913440066306634,out
2025-01-03T09:32:00,12.387236914585044,out
2025-01-03T09:33:00,11.878437752543874,out
2025-01-03T09:34:00,12.15365638752697,out
2025-01-03T09:35:00,11.209417035710569,out
2025-01-03T09:36:00,11.621241226566122,out
2025-01-03T09:37:00,11.128234024076852,out
2025-01-03T09:38:00,11.393111516033107,out
2025-01-03T09:39:00,11.771755731164406,out
2025-01-03T09:40:00,11.482186863347605,out
2025-01-03T09:41:00,10.854924166537335,out
2025-01-03T09:42:00,10.872425779333897,out
2025-01-03T09:43:00,10.824363993574108,out
2025-01-03T09:44:00,11.551738456800322,out
2025-01-03T09:45:00,12.158979212380283,out
2025-01-03T09:46:00,11.856605209472443,out
2025-01-03T09:47:00,10.531365297461061,out
2025-01-03T09:48:00,11.836264585318078,out
2025-01-03T09:49:00,11.620406995013829,out
2025-01-03T09:50:00,10.605677671869444,out
2025-01-03T09:51:00,11.080406448809473,out
2025-01-03T09:52:00,11.617724549997561,out
2025-01-03T09:53:00,11.377456946285136,out
2025-01-03T09:54:00,10.611353367340499,out
2025-01-03T09:55:00,11.356936411281612,out
2025-01-03T09:56:00,10.235228211028096,out
2025-01-03T09:57:00,10.978629646159428,out
2025-01-03T09:58:00,11.500412885524252,out
2025-01-03T09:59:00,11.030001548501687,out
2025-01-03T10:00:00,10.800424980015222,out
2025-01-03T10:01:00,11.333037523560195,out
2025-01-03T10:02:00,11.344442086655437,out
2025-01-03T10:03:00,11.45574332612852,out
2025-01-03T10:04:00,11.258594692856583,out
2025-01-03T10:05:00,11.318482531091187,out
2025-01-03T10:06:00,11.156115984532672,out
2025-01-03T10:07:00,10.946129462755655,out
2025-01-03T10:08:00,10.852632976620873,out
2025-01-03T10:09:00,10.698783234311717,out
2025-01-03T10:10:00,10.285544362186318,out
2025-01-03T10:11:00,10.365118887173818,out
2025-01-03T10:12:00,10.611137205663203,out
2025-01-03T10:13:00,10.797171510065587,out
2025-01-03T10:14:00,11.25351191786056,out
2025-01-03T10:15:00,10.637013250163811,out
2025-01-03T10:16:00,11.031617397085535,out
2025-01-03T10:17:00,11.038397806999352,out
2025-01-03T10:18:00,10.49048786177426,out
2025-01-03T10:19:00,10.797288523956826,out
2025-01-03T10:20:00,10.438298353754252,out
2025-01-03T10:21:00,11.040812782855966,out
2025-01-03T10:22:00,10.742496791243811,out
2025-01-03T10:23:00,9.988119613805521,out
2025-01-03T10:24:00,10.505029719316347,out
2025-01-03T10:25:00,11.075725003881978,out
2025-01-03T10:26:00,10.320001999732796,out
2025-01-03T10:27:00,10.547549150343638,out
2025-01-03T10:28:00,10.562738306031305,out
2025-01-03T10:29:00,9.905616610155093,out
2025-01-03T10:30:00,10.500383773875951,out
2025-01-03T10:31:00,9.714357643300751,out
2025-01-03T10:32:00,9.997389917934923,out
2025-01-03T10:33:00,10.653633812056698,out
2025-01-03T10:34:00,10.341709876469128,out
2025-01-03T10:35:00,10.052837106603608,out
2025-01-03T10:36:00,10.328792105769882,out
2025-01-03T10:37:00,10.101709328884246,out
2025-01-03T10:38:00,10.106275688497547,out
2025-01-03T10:39:00,10.339429753153016,out
2025-01-03T10:40:00,9.761173763690362,out
2025-01-03T10:41:00,10.043634870241847,out
2025-01-03T10:42:00,9.877933877559968,out
2025-01-03T10:43:00,9.343902521736622,out
2025-01-03T10:44:00,9.585226624243226,out
2025-01-03T10:45:00,10.555919370644506,out
2025-01-03T10:46:00,10.057717264264646,out
2025-01-03T10:47:00,9.349547518341948,out
2025-01-03T10:48:00,9.237960215910324,out
2025-01-03T10:49:00,9.784320234123832,out
2025-01-03T10:50:00,10.428709410296237,out
2025-01-03T10:51:00,9.704546195931687,out
2025-01-03T10:52:00,10.277030049698038,out
2025-01-03T10:53:00,9.869949917132004,out
2025-01-03T10:54:00,9.892592251361895,out
2025-01-03T10:55:00,9.144685880464134,out
2025-01-03T10:56:00,10.028833303601903,out
2025-01-03T10:57:00,9.494669884281004,out
2025-01-03T10:58:00,9.948667237913915,out
2025-01-03T10:59:00,9.252519293953409,out
2025-01-03T11:00:00,9.623734009619092,out
2025-01-03T11:01:00,9.668412870808227,out
2025-01-03T11:02:00,9.440666697696306,out
2025-01-03T11:03:00,9.638737835408422,out
2025-01-03T11:04:00,9.34497254352101,out
2025-01-03T11:05:00,9.16649145274053,out
2025-01-03T11:06:00,10.04286553625302,out
2025-01-03T11:07:00,9.79478349207907,out
2025-01-03T11:08:00,9.045360428043923,out
2025-01-03T11:09:00,9.551562332366853,out
2025-01-03T11:10:00,9.001566141748164,out
2025-01-03T11:11:00,8.79919217547375,out
2025-01-03T11:12:00,9.660993921466147,out
2025-01-03T11:13:00,8.54021065658211,out
2025-01-03T11:14:00,9.566949971933804,out
2025-01-03T11:15:00,9.069453007067557,out
2025-01-03T11:16:00,9.060235331027064,out
2025-01-03T11:17:00,9.283044703901727,out
2025-01-03T11:18:00,9.325892677750595,out
2025-01-03T11:19:00,8.737124002111495,out
2025-01-03T11:20:00,9.328979309501609,out
2025-01-03T11:21:00,9.061445238304247,out
2025-01-03T11:22:00,8.487863718016856,out
2025-01-03T11:23:00,8.896505600191064,out
2025-01-03T11:24:00,9.491118396464964,out
2025-01-03T11:25:00,9.583378236437785,out
2025-01-03T11:26:00,9.173795849821136,out
2025-01-03T11:27:00,8.384818336679738,out
2025-01-03T11:28:00,9.031281366742753,out
2025-01-03T11:29:00,9.149449943186015,out
2025-01-03T11:30:00,9.073440346647807,out
2025-01-03T11:31:00,9.07117553029015,out
2025-01-03T11:32:00,8.876521292129897,out
2025-01-03T11:33:00,8.676259449214816,out
2025-01-03T11:34:00,8.435872284245837,out
2025-01-03T11:35:00,7.8940270417111895,out
2025-01-03T11:36:00,8.763027486291268,out
2025-01-03T11:37:00,8.675549507133336,out
2025-01-03T11:38:00,8.79810485225127,out
2025-01-03T11:39:00,8.013992234663263,out
2025-01-03T11:40:00,8.780941132211977,out
2025-01-03T11:41:00,9.318667282921547,out
2025-01-03T11:42:00,8.50213462667824,out
2025-01-03T11:43:00,8.419984813489782,out
2025-01-03T11:44:00,8.54213978489904,out
2025-01-03T11:45:00,9.205353585265,out
2025-01-03T11:46:00,7.956832132529187,out
2025-01-03T11:47:00,8.421439498737836,out
2025-01-03T11:48:00,7.99415276853861,out
2025-01-03T11:49:00,8.069066882790068,out
2025-01-03T11:50:00,8.241880201039248,out
2025-01-03T11:51:00,8.774488191199842,out
2025-01-03T11:52:00,8.929793220490502,out
2025-01-03T11:53:00,8.362487937109625,out
2025-01-03T11:54:00,8.00642380063785,out
2025-01-03T11:55:00,9.127984856862774,out
2025-01-03T11:56:00,7.9336926460919015,out
2025-01-03T11:57:00,7.850083207684175,out
2025-01-03T11:58:00,7.342381995158752,out
2025-01-03T11:59:00,8.584616483406384,out
2025-01-03T12:00:00,8.38729823694852,out
2025-01-03T12:01:00,8.940942358738099,out
2025-01-03T12:02:00,7.391831446122513,out
2025-01-03T12:03:00,8.504730749563581,out
2025-01-03T12:04:00,7.9233397687227605,out
2025-01-03T12:05:00,8.191550776512695,out
2025-01-03T12:06:00,7.183827453710975,out
2025-01-03T12:07:00,8.404001649807194,out
2025-01-03T12:08:00,8.105209720317733,out
2025-01-03T12:09:00,7.748877091531104,out
2025-01-03T12:10:00,7.9963287508724425,out
2025-01-03T12:11:00,7.405933108455042,out
2025-01-03T12:12:00,7.45420822830966,out
2025-01-03T12:13:00,7.474465429169586,out
2025-01-03T12:14:00,6.892617618114753,out
2025-01-03T12:15:00,7.95228462230049,out
2025-01-03T12:16:00,8.058098603208283,out
2025-01-03T12:17:00,7.274811398922073,out
2025-01-03T12:18:00,7.668526632010859,out
2025-01-03T12:19:00,7.396934565075088,out
2025-01-03T12:20:00,7.608375128346468,out
2025-01-03T12:21:00,7.199959391535174,out
2025-01-03T12:22:00,7.071555422443609,out
2025-01-03T12:23:00,7.819701584737043,out
2025-01-03T12:24:00,7.347280986344282,out
2025-01-03T12:25:00,8.15564233122961,out
2025-01-03T12:26:00,7.339304703310219,out
2025-01-03T12:27:00,6.924344399112787,out
2025-01-03T12:28:00,7.759560290143497,out
2025-01-03T12:29:00,7.495126250843432,out
2025-01-03T12:30:00,7.50759199215827,out
2025-01-03T12:31:00,7.667134689904836,out
2025-01-03T12:32:00,6.903842876701292,out
2025-01-03T12:33:00,7.088142944458819,out
2025-01-03T12:34:00,7.0445636006272245,out
2025-01-03T12:35:00,6.570961068094254,out
2025-01-03T12:36:00,6.955957149695326,out
2025-01-03T12:37:00,7.570096389527778,out
2025-01-03T12:38:00,7.104649606353474,out
2025-01-03T12:39:00,6.445478445767866,out
2025-01-03T12:40:00,6.335775169332449,out
2025-01-03T12:41:00,7.59824915065626,out
2025-01-03T12:42:00,6.870459242945071,out
2025-01-03T12:43:00,6.62189170166695,out
2025-01-03T12:44:00,6.7455493217819305,out
2025-01-03T12:45:00,6.238534966176305,out
2025-01-03T12:46:00,7.373030453301468,out
2025-01-03T12:47:00,6.620928318124523,out
2025-01-03T12:48:00,7.29949046618882,out
2025-01-03T12:49:00,6.747594652840252,out
2025-01-03T12:50:00,7.273175106198758,out
2025-01-03T12:51:00,6.778493189488234,out
2025-01-03T12:52:00,6.991586739084444,out
2025-01-03T12:53:00,6.912434872900859,out
2025-01-03T12:54:00,6.848644243365362,out
2025-01-03T12:55:00,6.713058436916048,out
2025-01-03T12:56:00,6.455328339955769,out
2025-01-03T12:57:00,7.289254118455192,out
2025-01-03T12:58:00,6.134945181634993,out
2025-01-03T12:59:00,6.474111367704108,out
2025-01-03T13:00:00,6.453040079467919,out
2025-01-03T13:01:00,6.582789014589562,out
2025-01-03T13:02:00,6.224780685172666,out
2025-01-03T13:03:00,6.4972558230453945,out
2025-01-03T13:04:00,6.27863883101682,out
2025-01-03T13:05:00,5.688244908838897,out
2025-01-03T13:06:00,6.299728846279208,out
2025-01-03T13:07:00,5.830596257983414,out
2025-01-03T13:08:00,5.552015466684027,out
2025-01-03T13:09:00,6.275499878422332,out
2025-01-03T13:10:00,6.390918539782188,out
2025-01-03T13:11:00,6.3814934226737625,out
2025-01-03T13:12:00,6.372766316558208,out
2025-01-03T13:13:00,5.347981552721269,out
2025-01-03T13:14:00,5.551765290406466,out
2025-01-03T13:15:00,6.860771782906502,out
2025-01-03T13:16:00,5.627707569226245,out
2025-01-03T13:17:00,6.266192540877948,out
2025-01-03T13:18:00,5.722383795931049,out
2025-01-03T13:19:00,6.004368787687073,out
2025-01-03T13:20:00,5.694577459136555,out
2025-01-03T13:21:00,6.147914119382903,out
2025-01-03T13:22:00,5.953465359369873,out
2025-01-03T13:23:00,5.694937862556007,out
2025-01-03T13:24:00,5.4297234548559254,out
2025-01-03T13:25:00,5.932481449294803,out
2025-01-03T13:26:00,5.315905120037185,out
2025-01-03T13:27:00,5.947647791789319,out
2025-01-03T13:28:00,6.802954403119287,out
2025-01-03T13:29:00,6.268176316390221,out
2025-01-03T13:30:00,5.991238560567137,out
2025-01-03T13:31:00,5.645491311082624,out
2025-01-03T13:32:00,4.880112178262951,out
2025-01-03T13:33:00,5.102622303334323,out
2025-01-03T13:34:00,6.120622728889606,out
2025-01-03T13:35:00,5.267617428797678,out
2025-01-03T13:36:00,5.27987930227959,out
2025-01-03T13:37:00,5.469426694045534,out
2025-01-03T13:38:00,5.087022040523947,out
2025-01-03T13:39:00,4.9973340809547775,out
2025-01-03T13:40:00,5.444100800443231,out
2025-01-03T13:41:00,5.083975778722448,out
2025-01-03T13:42:00,5.120525987238681,out
2025-01-03T13:43:00,5.080852045114701,out
2025-01-03T13:44:00,5.578717204799326,out
2025-01-03T13:45:00,5.253417582487848,out
2025-01-03T13:46:00,5.2513843341836015,out
2025-01-03T13:47:00,5.538187712698955,out
2025-01-03T13:48:00,5.2192411582695515,out
2025-01-03T13:49:00,5.141455001915395,out
2025-01-03T13:50:00,5.417688462817866,out
2025-01-03T13:51:00,5.4735920154723825,out
2025-01-03T13:52:00,5.124341223481228,out
2025-01-03T13:53:00,5.192325107139159,out
2025-01-03T13:54:00,4.824331346549026,out
2025-01-03T13:55:00,4.769794169217868,out
2025-01-03T13:56:00,5.398801279308701,out
2025-01-03T13:57:00,5.246249376036117,out
2025-01-03T13:58:00,5.22757801474584,out
2025-01-03T13:59:00,5.13504271743897,out
2025-01-03T14:00:00,5.0184813103259875,out
2025-01-03T14:01:00,5.255920894055953,out
2025-01-03T14:02:00,5.328813326644889,out
2025-01-03T14:03:00,5.296732685613943,out
2025-01-03T14:04:00,4.869460384161291,out
2025-01-03T14:05:00,5.442157543000415,out
2025-01-03T14:06:00,4.956392884397241,out
2025-01-03T14:07:00,5.095666935115104,out
2025-01-03T14:08:00,4.933319570934721,out
2025-01-03T14:09:00,4.8971155874999965,out
2025-01-03T14:10:00,4.48190155381894,out
2025-01-03T14:11:00,5.034693507129974,out
2025-01-03T14:12:00,5.870283547872898,out
2025-01-03T14:13:00,4.560322592964485,out
2025-01-03T14:14:00,4.7167759742976285,out
2025-01-03T14:15:00,4.488096496143495,out
2025-01-03T14:16:00,4.449634618550756,out
2025-01-03T14:17:00,5.240950225077064,out
2025-01-03T14:18:00,4.332374171360022,out
2025-01-03T14:19:00,4.3903872350756386,out
2025-01-03T14:20:00,3.9235442524012005,out
2025-01-03T14:21:00,4.234084169959711,out
2025-01-03T14:22:00,3.8324223085530322,out
2025-01-03T14:23:00,4.747223885860171,out
2025-01-03T14:24:00,5.593167374980088,out
2025-01-03T14:25:00,4.305470592358297,out
2025-01-03T14:26:00,3.7643601062958547,out
2025-01-03T14:27:00,4.77005226234795,out
2025-01-03T14:28:00,4.098339877515655,out
2025-01-03T14:29:00,4.887974843964055,out
2025-01-03T14:30:00,4.234619806831701,out
2025-01-03T14:31:00,4.073970044160191,out
2025-01-03T14:32:00,4.234848125747773,out
2025-01-03T14:33:00,4.588547008515481,out
2025-01-03T14:34:00,4.173943927872028,out
2025-01-03T14:35:00,4.045769285778168,out
2025-01-03T14:36:00,4.144545012509428,out
2025-01-03T14:37:00,3.6950259548245485,out
2025-01-03T14:38:00,4.34234331925102,out
2025-01-03T14:39:00,3.448675350578536,out
2025-01-03T14:40:00,3.9656257601345644,out
2025-01-03T14:41:00,4.427010205674518,out
2025-01-03T14:42:00,4.224531023191985,out
2025-01-03T14:43:00,4.31956971441822,out
2025-01-03T14:44:00,4.037627556969444,out
2025-01-03T14:45:00,4.511823581793802,out
2025-01-03T14:46:00,4.394159389413498,out
2025-01-03T14:47:00,4.183166405694068,out
2025-01-03T14:48:00,4.356234672772269,out
2025-01-03T14:49:00,4.26596857715342,out
2025-01-03T14:50:00,3.7706733489672932,out
2025-01-03T14:51:00,3.389635962125824,out
2025-01-03T14:52:00,4.076154689962063,out
2025-01-03T14:53:00,4.107337750374419,out
2025-01-03T14:54:00,4.306061342292902,out
2025-01-03T14:55:00,3.476393155288264,out
2025-01-03T14:56:00,3.46947735353516,out
2025-01-03T14:57:00,3.997217347473034,out
2025-01-03T14:58:00,3.766077618659664,out
2025-01-03T14:59:00,3.0216070090357405,out
2025-01-03T15:00:00,3.9074025783823907,out
2025-01-03T15:01:00,2.997918580264702,out
2025-01-03T15:02:00,3.3423946843255683,out
2025-01-03T15:03:00,4.242860888596123,out
2025-01-03T15:04:00,4.413912805090943,out
2025-01-03T15:05:00,3.179553680252683,out
2025-01-03T15:06:00,3.5159971589611945,out
2025-01-03T15:07:00,3.6468231899370904,out
2025-01-03T15:08:00,4.324368561317612,out
2025-01-03T15:09:00,3.396917364256131,out
2025-01-03T15:10:00,3.3855823699259475,out
2025-01-03T15:11:00,4.178181458464153,out
2025-01-03T15:12:00,3.391215386048329,out
2025-01-03T15:13:00,3.8125364332163953,out
2025-01-03T15:14:00,2.915408489221023,out
2025-01-03T15:15:00,3.4204680574892095,out
2025-01-03T15:16:00,2.807903783332808,out
2025-01-03T15:17:00,3.0324365813134206,out
2025-01-03T15:18:00,3.7732447484607174,out
2025-01-03T15:19:00,3.400643024870151,out
2025-01-03T15:20:00,3.276091045064948,out
2025-01-03T15:21:00,3.08744915796688,out
2025-01-03T15:22:00,3.2819900703771676,out
2025-01-03T15:23:00,3.4740894023471625,out
2025-01-03T15:24:00,3.7302907138428765,out
2025-01-03T15:25:00,2.270634427803996,out
2025-01-03T15:26:00,2.971646589180398,out
2025-01-03T15:27:00,3.3517369115911357,out
2025-01-03T15:28:00,3.232390231974755,out
2025-01-03T15:29:00,3.417213054547629,out
2025-01-03T15:30:00,3.34689607270322,out
2025-01-03T15:31:00,3.1020408395949124,out
2025-01-03T15:32:00,2.9974456613213767,out
2025-01-03T15:33:00,3.094276527959438,out
2025-01-03T15:34:00,3.636355776225793,out
2025-01-03T15:35:00,2.8685292012328176,out
2025-01-03T15:36:00,3.120775344492742,out
2025-01-03T15:37:00,3.2038929938093013,out
2025-01-03T15:38:00,3.7394472618118715,out
2025-01-03T15:39:00,2.980027365735403,out
2025-01-03T15:40:00,3.468610396670434,out
2025-01-03T15:41:00,3.562910133653025,out
2025-01-03T15:42:00,3.029741162271655,out
2025-01-03T15:43:00,2.956173913606168,out
2025-01-03T15:44:00,2.8941530958504673,out
2025-01-03T15:45:00,2.908853072487697,out
2025-01-03T15:46:00,3.3383810118277237,out
2025-01-03T15:47:00,3.0746870558156454,out
2025-01-03T15:48:00,3.0620924759954105,out
2025-01-03T15:49:00,2.503676518061716,out
2025-01-03T15:50:00,2.5526552941725953,out
2025-01-03T15:51:00,3.7830117996869532,out
2025-01-03T15:52:00,2.8405811329459674,out
2025-01-03T15:53:00,2.587977851795287,out
2025-01-03T15:54:00,3.4565986801111723,out
2025-01-03T15:55:00,2.9832521954357447,out
2025-01-03T15:56:00,3.088258162533137,out
2025-01-03T15:57:00,2.7883427008786708,out
2025-01-03T15:58:00,2.702755801120123,out
2025-01-03T15:59:00,2.7491524197747177,out
2025-01-03T16:00:00,2.2507523091739223,out
2025-01-03T16:01:00,2.75563614929719,out
2025-01-03T16:02:00,2.896279055177651,out
2025-01-03T16:03:00,3.505209251100719,out
2025-01-03T16:04:00,2.7866813831657096,out
2025-01-03T16:05:00,1.8059686488708384,out
2025-01-03T16:06:00,2.6895031509143643,out
2025-01-03T16:07:00,3.810457224011012,out
2025-01-03T16:08:00,3.048860936840456,out
2025-01-03T16:09:00,2.365718597698313,out
2025-01-03T16:10:00,2.9143776067028906,out
2025-01-03T16:11:00,2.3690917811296917,out
2025-01-03T16:12:00,2.1124378470510545,out
2025-01-03T16:13:00,2.5027785942395515,out
2025-01-03T16:14:00,2.6670044060833953,out
2025-01-03T16:15:00,1.8699013498305113,out
2025-01-03T16:16:00,2.147572005989551,out
2025-01-03T16:17:00,2.5999447893374197,out
2025-01-03T16:18:00,2.4212190235052584,out
2025-01-03T16:19:00,2.73119363573223,out
2025-01-03T16:20:00,2.076285946856676,out
2025-01-03T16:21:00,2.8367864564708314,out
2025-01-03T16:22:00,2.0667287359166684,out
2025-01-03T16:23:00,3.186521459312525,out
2025-01-03T16:24:00,1.8324239403930704,out
2025-01-03T16:25:00,2.0711094171299536,out
2025-01-03T16:26:00,2.6645878749019873,out
2025-01-03T16:27:00,3.1529460397056637,out
2025-01-03T16:28:00,2.6029880937318324,out
2025-01-03T16:29:00,2.6919373380502494,out
2025-01-03T16:30:00,2.4637375656015053,out
2025-01-03T16:31:00,2.0361975942485255,out
2025-01-03T16:32:00,2.2408415333035236,out
2025-01-03T16:33:00,1.9423787947759426,out
2025-01-03T16:34:00,1.9060106049971086,out
2025-01-03T16:35:00,2.568652352031111,out
2025-01-03T16:36:00,1.9492462481816064,out
2025-01-03T16:37:00,2.5170103445732748,out
2025-01-03T16:38:00,1.8592377636211745,out
2025-01-03T16:39:00,2.4894051925118035,out
2025-01-03T16:40:00,2.166371247699369,out
2025-01-03T16:41:00,2.9155901219220364,out
2025-01-03T16:42:00,2.4736386116785574,out
2025-01-03T16:43:00,2.8297790348409517,out
2025-01-03T16:44:00,2.0246298598340213,out
2025-01-03T16:45:00,2.3408765591270373,out
2025-01-03T16:46:00,1.9176232055162963,out
2025-01-03T16:47:00,2.136363145690973,out
2025-01-03T16:48:00,2.1888192131312283,out
2025-01-03T16:49:00,1.995281913865474,out
2025-01-03T16:50:00,1.7914971519723593,out
2025-01-03T16:51:00,1.7044734037958227,out
2025-01-03T16:52:00,1.3262722179388313,out
2025-01-03T16:53:00,1.8320332497697325,out
2025-01-03T16:54:00,2.4980791494595804,out
2025-01-03T16:55:00,1.6003014608791148,out
2025-01-03T16:56:00,1.6851806858687628,out
2025-01-03T16:57:00,2.9416280097712857,out
2025-01-03T16:58:00,1.963618860808963,out
2025-01-03T16:59:00,2.3396944606930585,out
2025-01-03T17:00:00,2.461371900865789,out
2025-01-03T17:01:00,2.462734818428853,out
2025-01-03T17:02:00,1.5821884654881337,out
2025-01-03T17:03:00,2.092190669799681,out
2025-01-03T17:04:00,1.530934734536666,out
2025-01-03T17:05:00,3.150474724684562,out
2025-01-03T17:06:00,1.5278303720077009,out
2025-01-03T17:07:00,1.7405883616893805,out
2025-01-03T17:08:00,1.7375392693519895,out
2025-01-03T17:09:00,1.5492818862597741,out
2025-01-03T17:10:00,2.68326152118302,out
2025-01-03T17:11:00,3.105592521657326,out
2025-01-03T17:12:00,1.9408147478721198,out
2025-01-03T17:13:00,1.5975579063547323,out
2025-01-03T17:14:00,1.2256815727846169,out
2025-01-03T17:15:00,2.0176448301717786,out
2025-01-03T17:16:00,1.98369073004944,out
2025-01-03T17:17:00,1.8447791631028836,out
2025-01-03T17:18:00,2.189020656206764,out
2025-01-03T17:19:00,2.253825071248449,out
2025-01-03T17:20:00,2.220386785101914,out
2025-01-03T17:21:00,1.9602136968641406,out
2025-01-03T17:22:00,1.641637658946908,out
2025-01-03T17:23:00,2.344355039761296,out
2025-01-03T17:24:00,2.0788754601977857,out
2025-01-03T17:25:00,2.425173947127295,out
2025-01-03T17:26:00,2.3819350396173933,out
2025-01-03T17:27:00,1.4933868514631334,out
2025-01-03T17:28:00,1.4847027045675378,out
2025-01-03T17:29:00,1.7525883281824957,out
2025-01-03T17:30:00,1.6288246684408698,out
2025-01-03T17:31:00,2.350071012312152,out
2025-01-03T17:32:00,2.185246960547236,out
2025-01-03T17:33:00,2.4812628557845677,out
2025-01-03T17:34:00,2.1971635929048428,out
2025-01-03T17:35:00,2.1191218034154296,out
2025-01-03T17:36:00,2.512760539928028,out
2025-01-03T17:37:00,2.218079826388551,out
2025-01-03T17:38:00,2.0548631951720155,out
2025-01-03T17:39:00,2.617351648124304,out
2025-01-03T17:40:00,2.068904164710643,out
2025-01-03T17:41:00,1.898870743046263,out
2025-01-03T17:42:00,1.6833666940901717,out
2025-01-03T17:43:00,2.297709073021251,out
2025-01-03T17:44:00,2.509435915178043,out
2025-01-03T17:45:00,1.9926114999950075,out
2025-01-03T17:46:00,2.5343574589807334,out
2025-01-03T17:47:00,1.2216439638672774,out
2025-01-03T17:48:00,1.9860414415493908,out
2025-01-03T17:49:00,1.9908717162485219,out
2025-01-03T17:50:00,1.7149129215459156,out
2025-01-03T17:51:00,2.9581701977484123,out
2025-01-03T17:52:00,1.9771779848099211,out
2025-01-03T17:53:00,1.8397061463379485,out
2025-01-03T17:54:00,2.0124408955200583,out
2025-01-03T17:55:00,1.2003023421102141,out
2025-01-03T17:56:00,1.6969666589236858,out
2025-01-03T17:57:00,2.3938100223341197,out
2025-01-03T17:58:00,1.748650319641862,out
2025-01-03T17:59:00,1.6685070505554849,out
2025-01-03T18:00:00,2.52381025460576,out
2025-01-03T18:01:00,2.536158876056325,out
2025-01-03T18:02:00,2.2070246504794286,out
2025-01-03T18:03:00,1.8184671009404911,out
2025-01-03T18:04:00,1.9051254030151226,out
2025-01-03T18:05:00,1.6797678528905613,out
2025-01-03T18:06:00,1.6041468025351984,out
2025-01-03T18:07:00,1.5850318596563489,out
2025-01-03T18:08:00,1.7564332751713425,out
2025-01-03T18:09:00,1.5907373862817649,out
2025-01-03T18:10:00,1.3802286230915937,out
2025-01-03T18:11:00,2.0946707489918577,out
2025-01-03T18:12:00,2.1020610238299318,out
2025-01-03T18:13:00,2.6899670800272335,out
2025-01-03T18:14:00,1.743855862126917,out
2025-01-03T18:15:00,2.1312866964176878,out
2025-01-03T18:16:00,2.139700730150976,out
2025-01-03T18:17:00,1.9149638649528717,out
2025-01-03T18:18:00,2.316229433101101,out
2025-01-03T18:19:00,2.3306986597537165,out
2025-01-03T18:20:00,2.153796249528542,out
2025-01-03T18:21:00,1.922914552532911,out
2025-01-03T18:22:00,1.8846107663751133,out
2025-01-03T18:23:00,1.4830873309757049,out
2025-01-03T18:24:00,1.7105015163432822,out
2025-01-03T18:25:00,1.7868589611054067,out
2025-01-03T18:26:00,1.5889801609687009,out
2025-01-03T18:27:00,2.217558844945508,out
2025-01-03T18:28:00,2.5233742377468724,out
2025-01-03T18:29:00,1.6847453289900483,out
2025-01-03T18:30:00,2.164707406054991,out
2025-01-03T18:31:00,1.641160159866821,out
2025-01-03T18:32:00,1.9364227191749126,out
2025-01-03T18:33:00,1.7859598474108684,out
2025-01-03T18:34:00,2.3066630792710767,out
2025-01-03T18:35:00,1.7983156676565621,out
2025-01-03T18:36:00,2.478534121911831,out
2025-01-03T18:37:00,1.9797334911737279,out
2025-01-03T18:38:00,1.8224449069386786,out
2025-01-03T18:39:00,1.5853415407134683,out
2025-01-03T18:40:00,2.1924352860448892,out
2025-01-03T18:41:00,2.4538431750127248,out
2025-01-03T18:42:00,2.20979905723102,out
2025-01-03T18:43:00,3.00083028021271,out
2025-01-03T18:44:00,2.682151880302183,out
2025-01-03T18:45:00,1.9922772116938121,out
2025-01-03T18:46:00,1.9932407987521914,out
2025-01-03T18:47:00,2.313605852886636,out
2025-01-03T18:48:00,1.79590672342689,out
2025-01-03T18:49:00,2.6031286838369208,out
2025-01-03T18:50:00,2.2868641660178337,out
2025-01-03T18:51:00,2.2505296412923377,out
2025-01-03T18:52:00,2.428561078396912,out
2025-01-03T18:53:00,2.8488564025849312,out
2025-01-03T18:54:00,2.2341626184889405,out
2025-01-03T18:55:00,2.1267314327718774,out
2025-01-03T18:56:00,2.7817134916730524,out
2025-01-03T18:57:00,2.5716347081559285,out
2025-01-03T18:58:00,2.0627222215778613,out
2025-01-03T18:59:00,2.199798945979947,out
2025-01-03T19:00:00,2.2825974086411085,out
2025-01-03T19:01:00,2.356001234869115,out
2025-01-03T19:02:00,1.6755773403726164,out
2025-01-03T19:03:00,1.6082747381574876,out
2025-01-03T19:04:00,1.8774738155691015,out
2025-01-03T19:05:00,1.8538054964798882,out
2025-01-03T19:06:00,1.9895519852018388,out
2025-01-03T19:07:00,2.5084560920071146,out
2025-01-03T19:08:00,2.194599801691893,out
2025-01-03T19:09:00,2.3484381752609504,out
2025-01-03T19:10:00,1.7879769314937308,out
2025-01-03T19:11:00,2.100968320971949,out
2025-01-03T19:12:00,2.5285639669270132,out
2025-01-03T19:13:00,2.539786226059459,out
2025-01-03T19:14:00,2.020228537487642,out
2025-01-03T19:15:00,2.3830841775811824,out
2025-01-03T19:16:00,3.2064276877970284,out
2025-01-03T19:17:00,2.328426705941037,out
2025-01-03T19:18:00,2.0668762749899505,out
2025-01-03T19:19:00,2.2834389527169128,out
2025-01-03T19:20:00,2.3987151182952844,out
2025-01-03T19:21:00,2.310384632188871,out
2025-01-03T19:22:00,2.3674249842390096,out
2025-01-03T19:23:00,1.8118100231091916,out
2025-01-03T19:24:00,2.0134652509824087,out
2025-01-03T19:25:00,2.34821868947461,out
2025-01-03T19:26:00,2.351387404098872,out
2025-01-03T19:27:00,2.2006669728244495,out
2025-01-03T19:28:00,2.3660914381686973,out
2025-01-03T19:29:00,2.4711629180602817,out
2025-01-03T19:30:00,2.8124881875420895,out
2025-01-03T19:31:00,2.4271094758868696,out
2025-01-03T19:32:00,2.636612161404653,out
2025-01-03T19:33:00,2.2706126185330366,out
2025-01-03T19:34:00,2.726477843128645,out
2025-01-03T19:35:00,2.6584232443282576,out
2025-01-03T19:36:00,2.8650540554163224,out
2025-01-03T19:37:00,2.8148119235152644,out
2025-01-03T19:38:00,2.7757266238931932,out
2025-01-03T19:39:00,2.511773993586396,out
2025-01-03T19:40:00,2.6601289685978844,out
2025-01-03T19:41:00,2.998672698654401,out
2025-01-03T19:42:00,2.323658466139719,out
2025-01-03T19:43:00,2.344447452585729,out
2025-01-03T19:44:00,2.679808281385137,out
2025-01-03T19:45:00,2.7848754269100473,out
2025-01-03T19:46:00,2.3007512306822453,out
2025-01-03T19:47:00,2.6122213141678534,out
2025-01-03T19:48:00,2.6163613451782792,out
2025-01-03T19:49:00,1.779785104844195,out
2025-01-03T19:50:00,2.5900974052271595,out
2025-01-03T19:51:00,2.6271470420823584,out
2025-01-03T19:52:00,2.6381972657172286,out
2025-01-03T19:53:00,3.281021280598593,out
2025-01-03T19:54:00,2.240778004624659,out
2025-01-03T19:55:00,2.409790437273101,out
2025-01-03T19:56:00,1.7074034378358862,out
2025-01-03T19:57:00,2.5726572910935577,out
2025-01-03T19:58:00,2.6196084027101993,out
2025-01-03T19:59:00,2.586816242531443,out
2025-01-03T20:00:00,3.246918513086874,out
2025-01-03T20:01:00,3.161233977708404,out
2025-01-03T20:02:00,2.861367727057761,out
2025-01-03T20:03:00,2.6953163095753356,out
2025-01-03T20:04:00,3.26747206303007,out
2025-01-03T20:05:00,2.8626256320279797,out
2025-01-03T20:06:00,2.5568509983080654,out
2025-01-03T20:07:00,2.2113871790327946,out
2025-01-03T20:08:00,2.7351856255031657,out
2025-01-03T20:09:00,3.2274905166452004,out
2025-01-03T20:10:00,3.8502668009399197,out
2025-01-03T20:11:00,2.978410060689436,out
2025-01-03T20:12:00,2.6618343862793368,out
2025-01-03T20:13:00,2.5082969815997505,out
2025-01-03T20:14:00,3.2174670261192255,out
2025-01-03T20:15:00,2.3053359052310176,out
2025-01-03T20:16:00,3.2459126052317044,out
2025-01-03T20:17:00,3.3675461477420345,out
2025-01-03T20:18:00,3.229754649561043,out
2025-01-03T20:19:00,2.9822537035715877,out
2025-01-03T20:20:00,3.311063995684771,out
2025-01-03T20:21:00,3.168526017481244,out
2025-01-03T20:22:00,2.804057353117847,out
2025-01-03T20:23:00,3.8707210371599388,out
2025-01-03T20:24:00,3.0052262819060998,out
2025-01-03T20:25:00,3.471633294575062,out
2025-01-03T20:26:00,2.2094131232184058,out
2025-01-03T20:27:00,3.703065476966006,out
2025-01-03T20:28:00,3.795692437578076,out
2025-01-03T20:29:00,3.2359214996429255,out
2025-01-03T20:30:00,3.463388372147684,out
2025-01-03T20:31:00,3.4792686301799587,out
2025-01-03T20:32:00,3.014822050503375,out
2025-01-03T20:33:00,3.5069473368912654,out
2025-01-03T20:34:00,2.980898870936495,out
2025-01-03T20:35:00,3.077190331984582,out
2025-01-03T20:36:00,3.787901488543086,out
2025-01-03T20:37:00,3.7435072117869614,out
2025-01-03T20:38:00,3.0877022988273595,out
2025-01-03T20:39:00,3.093518470158825,out
2025-01-03T20:40:00,3.1454947003030638,out
2025-01-03T20:41:00,3.713661007891013,out
2025-01-03T20:42:00,3.037570294075648,out
2025-01-03T20:43:00,3.597295149310078,out
2025-01-03T20:44:00,3.770481242917082,out
2025-01-03T20:45:00,3.453662975008895,out
2025-01-03T20:46:00,3.91029115401196,out
2025-01-03T20:47:00,3.4019316818338767,out
2025-01-03T20:48:00,3.4555888067380613,out
2025-01-03T20:49:00,3.1677927426262604,out
2025-01-03T20:50:00,3.9832069181873346,out
2025-01-03T20:51:00,3.287456764594338,out
2025-01-03T20:52:00,3.751786517371003,out
2025-01-03T20:53:00,3.6012477538552146,out
2025-01-03T20:54:00,3.2266405486816017,out
2025-01-03T20:55:00,3.4221749701121333,out
2025-01-03T20:56:00,4.237110093584385,out
2025-01-03T20:57:00,3.782851356505867,out
2025-01-03T20:58:00,3.316837168528176,out
2025-01-03T20:59:00,3.8610190611997552,out
2025-01-03T21:00:00,3.69891370024289,out
2025-01-03T21:01:00,5.157530214161858,out
2025-01-03T21:02:00,3.908593950737802,out
2025-01-03T21:03:00,3.661007302123374,out
2025-01-03T21:04:00,4.400060944360845,out
2025-01-03T21:05:00,3.1145071983892367,out
2025-01-03T21:06:00,3.907600608389909,out
2025-01-03T21:07:00,4.686673455914271,out
2025-01-03T21:08:00,3.861530125881107,out
2025-01-03T21:09:00,3.2338751089431197,out
2025-01-03T21:10:00,3.788091568541788,out
2025-01-03T21:11:00,4.547606371775598,out
2025-01-03T21:12:00,4.135644200375154,out
2025-01-03T21:13:00,3.669167560189984,out
2025-01-03T21:14:00,3.7501825878339656,out
2025-01-03T21:15:00,3.8200450009396643,out
2025-01-03T21:16:00,4.208124979678544,out
2025-01-03T21:17:00,4.618719938399119,out
2025-01-03T21:18:00,4.5242809151385615,out
2025-01-03T21:19:00,4.305660994985866,out
2025-01-03T21:20:00,3.610616437857771,out
2025-01-03T21:21:00,3.6321929825191175,out
2025-01-03T21:22:00,4.396831486818911,out
2025-01-03T21:23:00,3.6655795894517387,out
2025-01-03T21:24:00,4.133850845273528,out
2025-01-03T21:25:00,4.366119345370114,out
2025-01-03T21:26:00,3.8098745820292077,out
2025-01-03T21:27:00,3.875731370397438,out
2025-01-03T21:28:00,4.268382722218913,out
2025-01-03T21:29:00,4.528156434802919,out
2025-01-03T21:30:00,4.772038934113175,out
2025-01-03T21:31:00,4.611057445650854,out
2025-01-03T21:32:00,4.418572499084591,out
2025-01-03T21:33:00,4.111574495153214,out
2025-01-03T21:34:00,4.002700481154136,out
2025-01-03T21:35:00,4.247791274486841,out
2025-01-03T21:36:00,4.637262720237385,out
2025-01-03T21:37:00,4.629151488826331,out
2025-01-03T21:38:00,3.675821471444315,out
2025-01-03T21:39:00,4.222858048469584,out
2025-01-03T21:40:00,5.040344402536177,out
2025-01-03T21:41:00,4.611705443543832,out
2025-01-03T21:42:00,4.034759013209806,out
2025-01-03T21:43:00,5.56549890646885,out
2025-01-03T21:44:00,4.6332658862496165,out
2025-01-03T21:45:00,4.820312185607738,out
2025-01-03T21:46:00,4.848187990545696,out
2025-01-03T21:47:00,4.563202436416438,out
2025-01-03T21:48:00,4.441136317181278,out
2025-01-03T21:49:00,5.602823165818414,out
2025-01-03T21:50:00,5.177484697766144,out
2025-01-03T21:51:00,5.127087784949791,out
2025-01-03T21:52:00,5.0510000912880475,out
2025-01-03T21:53:00,4.441389501944105,out
2025-01-03T21:54:00,5.3760206884004145,out
2025-01-03T21:55:00,4.550107387832173,out
2025-01-03T21:56:00,5.02308626979992,out
2025-01-03T21:57:00,4.27648552135185,out
2025-01-03T21:58:00,4.13842628197676,out
2025-01-03T21:59:00,5.104672618788084,out
2025-01-03T22:00:00,4.676360293122036,out
2025-01-03T22:01:00,4.227033949429844,out
2025-01-03T22:02:00,5.261702440558015,out
2025-01-03T22:03:00,5.9163048594385765,out
2025-01-03T22:04:00,5.646966381953996,out
2025-01-03T22:05:00,5.011140232377402,out
2025-01-03T22:06:00,5.140585561121128,out
2025-01-03T22:07:00,5.515164499604508,out
2025-01-03T22:08:00,5.632021831218606,out
2025-01-03T22:09:00,5.068898590519043,out
2025-01-03T22:10:00,5.24317940687962,out
2025-01-03T22:11:00,5.373002432004071,out
2025-01-03T22:12:00,5.497607529674253,out
2025-01-03T22:13:00,5.2461787769708685,out
2025-01-03T22:14:00,5.274779023313639,out
2025-01-03T22:15:00,5.898200790587739,out
2025-01-03T22:16:00,5.853581400242685,out
2025-01-03T22:17:00,5.584292684947931,out
2025-01-03T22:18:00,6.1045770471594025,out
2025-01-03T22:19:00,5.286009255700669,out
2025-01-03T22:20:00,6.113479809007544,out
2025-01-03T22:21:00,5.705047752189643,out
2025-01-03T22:22:00,6.820250992948397,out
2025-01-03T22:23:00,5.058694113606144,out
2025-01-03T22:24:00,5.283842040658264,out
2025-01-03T22:25:00,5.751038992127782,out
2025-01-03T22:26:00,5.766399207640109,out
2025-01-03T22:27:00,6.411592455364397,out
2025-01-03T22:28:00,5.388263355744541,out
2025-01-03T22:29:00,6.04170163765663,out
2025-01-03T22:30:00,6.168884607682262,out
2025-01-03T22:31:00,6.009967428773648,out
2025-01-03T22:32:00,5.36796190273479,out
2025-01-03T22:33:00,6.339758897042656,out
2025-01-03T22:34:00,6.292722612180379,out
2025-01-03T22:35:00,6.065205578213941,out
2025-01-03T22:36:00,5.931531377611784,out
2025-01-03T22:37:00,5.964696976031441,out
2025-01-03T22:38:00,5.867261395547436,out
2025-01-03T22:39:00,6.1796117112360935,out
2025-01-03T22:40:00,5.960333081223977,out
2025-01-03T22:41:00,5.633089701838983,out
2025-01-03T22:42:00,5.577722186666323,out
2025-01-03T22:43:00,5.721041626962347,out
2025-01-03T22:44:00,6.135443970276832,out
2025-01-03T22:45:00,6.060580873606943,out
2025-01-03T22:46:00,6.182309578884945,out
2025-01-03T22:47:00,6.32134241451595,out
2025-01-03T22:48:00,5.8949696633835496,out
2025-01-03T22:49:00,6.757078273170063,out
2025-01-03T22:50:00,6.088680872155364,out
2025-01-03T22:51:00,6.047379756233967,out
2025-01-03T22:52:00,6.4387242665965605,out
2025-01-03T22:53:00,5.536218310245439,out
2025-01-03T22:54:00,5.9796941518872835,out
2025-01-03T22:55:00,6.713455035290771,out
2025-01-03T22:56:00,5.651207093473154,out
2025-01-03T22:57:00,6.818386979582813,out
2025-01-03T22:58:00,7.001024370074114,out
2025-01-03T22:59:00,6.274030578122656,out
2025-01-03T23:00:00,6.563810836355387,out
2025-01-03T23:01:00,6.920023144707236,out
2025-01-03T23:02:00,6.311004300455939,out
2025-01-03T23:03:00,6.870190450036512,out
2025-01-03T23:04:00,6.280009108349726,out
2025-01-03T23:05:00,6.382843728709674,out
2025-01-03T23:06:00,6.279593231134566,out
2025-01-03T23:07:00,6.761856534143428,out
2025-01-03T23:08:00,7.113481294963025,out
2025-01-03T23:09:00,6.602170217024127,out
2025-01-03T23:10:00,6.192862652406424,out
2025-01-03T23:11:00,6.293851238146581,out
2025-01-03T23:12:00,6.910369623641649,out
2025-01-03T23:13:00,7.515796058516636,out
2025-01-03T23:14:00,6.9612823932225725,out
2025-01-03T23:15:00,6.6746994476427295,out
2025-01-03T23:16:00,7.161619614480848,out
2025-01-03T23:17:00,6.78505632971288,out
2025-01-03T23:18:00,6.755272760101422,out
2025-01-03T23:19:00,6.548955084878837,out
2025-01-03T23:20:00,7.521490471696957,out
2025-01-03T23:21:00,5.968219809907588,out
2025-01-03T23:22:00,7.328858044947646,out
2025-01-03T23:23:00,6.8500466312580155,out
2025-01-03T23:24:00,6.89725691717796,out
2025-01-03T23:25:00,7.764185745307619,out
2025-01-03T23:26:00,6.827491096342313,out
2025-01-03T23:27:00,6.867016606441561,out
2025-01-03T23:28:00,7.112803698671779,out
2025-01-03T23:29:00,7.356433372682544,out
2025-01-03T23:30:00,7.0401005337625335,out
2025-01-03T23:31:00,6.613262612970662,out
2025-01-03T23:32:00,6.922504667216408,out
2025-01-03T23:33:00,7.807309157838784,out
2025-01-03T23:34:00,7.350691433046749,out
2025-01-03T23:35:00,7.52723366436973,out
2025-01-03T23:36:00,7.268260737524856,out
2025-01-03T23:37:00,7.13507255185823,out
2025-01-03T23:38:00,8.09595326482882,out
2025-01-03T23:39:00,7.375713545199156,out
2025-01-03T23:40:00,7.299717591703186,out
2025-01-03T23:41:00,7.941607701468899,out
2025-01-03T23:42:00,7.240301282085969,out
2025-01-03T23:43:00,7.317458121318002,out
2025-01-03T23:44:00,7.5855598311420085,out
2025-01-03T23:45:00,7.607689266254418,out
2025-01-03T23:46:00,7.737553301952131,out
2025-01-03T23:47:00,8.49651091037792,out
2025-01-03T23:48:00,7.820483561083279,out
2025-01-03T23:49:00,6.760909643771614,out
2025-01-03T23:50:00,7.86880325318061,out
2025-01-03T23:51:00,7.779593103241411,out
2025-01-03T23:52:00,7.807983029525564,out
2025-01-03T23:53:00,7.915147844499523,out
2025-01-03T23:54:00,7.831466995082836,out
2025-01-03T23:55:00,7.8480658525704765,out
2025-01-03T23:56:00,8.140503245284616,out
2025-01-03T23:57:00,7.7046301076941175,out
2025-01-03T23:58:00,7.568566252754074,out
2025-01-03T23:59:00,9.18333272534047,out
2025-01-04T00:00:00,7.713657022487502,out
2025-01-04T00:01:00,8.06623702069251,out
2025-01-04T00:02:00,7.4540951126401,out
2025-01-04T00:03:00,8.125124939448622,out
2025-01-04T00:04:00,7.731424218347955,out
2025-01-04T00:05:00,7.953900133067355,out
2025-01-04T00:06:00,8.575087556155685,out
2025-01-04T00:07:00,8.372034906610166,out
2025-01-04T00:08:00,8.436760790044938,out
2025-01-04T00:09:00,7.527076959197653,out
2025-01-04T00:10:00,8.996474392123611,out
2025-01-04T00:11:00,7.811116246751307,out
2025-01-04T00:12:00,8.925440063175207,out
2025-01-04T00:13:00,8.748774271772861,out
2025-01-04T00:14:00,8.597224333922998,out
2025-01-04T00:15:00,8.050424863017492,out
2025-01-04T00:16:00,8.479174780392553,out
2025-01-04T00:17:00,8.256282376914447,out
2025-01-04T00:18:00,8.482370402969185,out
2025-01-04T00:19:00,8.396900341439004,out
2025-01-04T00:20:00,7.707490253856969,out
2025-01-04T00:21:00,8.997723372374237,out
2025-01-04T00:22:00,8.542631652501592,out
2025-01-04T00:23:00,8.407208209871559,out
2025-01-04T00:24:00,8.403039886474014,out
2025-01-04T00:25:00,8.796585079658497,out
2025-01-04T00:26:00,8.321716747289637,out
2025-01-04T00:27:00,7.803154161357397,out
2025-01-04T00:28:00,8.894067981714189,out
2025-01-04T00:29:00,8.964835013997703,out
2025-01-04T00:30:00,8.703304423449257,out
2025-01-04T00:31:00,8.349944431566339,out
2025-01-04T00:32:00,8.870612822116094,out
2025-01-04T00:33:00,8.27514278462163,out
2025-01-04T00:34:00,8.475964228102594,out
2025-01-04T00:35:00,8.612461142537834,out
2025-01-04T00:36:00,9.276182418598008,out
2025-01-04T00:37:00,8.819411013448173,out
2025-01-04T00:38:00,8.81113907045347,out
2025-01-04T00:39:00,9.797974029258636,out
2025-01-04T00:40:00,9.182874064877062,out
2025-01-04T00:41:00,9.20325907703298,out
2025-01-04T00:42:00,8.945532854869375,out
2025-01-04T00:43:00,8.88059554899768,out
2025-01-04T00:44:00,8.270291396252397,out
2025-01-04T00:45:00,9.558038144866185,out
2025-01-04T00:46:00,9.37553148880573,out
2025-01-04T00:47:00,9.150184109555697,out
2025-01-04T00:48:00,9.192579464172056,out
2025-01-04T00:49:00,9.567523737843086,out
2025-01-04T00:50:00,8.676753654396665,out
2025-01-04T00:51:00,9.088232077507476,out
2025-01-04T00:52:00,8.895185180906175,out
2025-01-04T00:53:00,10.083806058529182,out
2025-01-04T00:54:00,9.750934395876756,out
2025-01-04T00:55:00,8.54503829750288,out
2025-01-04T00:56:00,8.846026722942007,out
2025-01-04T00:57:00,9.423981488830957,out
2025-01-04T00:58:00,9.313303939497676,out
2025-01-04T00:59:00,8.997858806002412,out
2025-01-04T01:00:00,10.330819165675326,out
2025-01-04T01:01:00,9.703203252340868,out
2025-01-04T01:02:00,9.793356785614769,out
2025-01-04T01:03:00,9.351836719497554,out
2025-01-04T01:04:00,9.942733793773193,out
2025-01-04T01:05:00,9.52680097979315,out
2025-01-04T01:06:00,9.590754798740521,out
2025-01-04T01:07:00,9.973578392734627,out
2025-01-04T01:08:00,9.102631202312292,out
2025-01-04T01:09:00,10.418060593793813,out
2025-01-04T01:10:00,9.877190482915188,out
2025-01-04T01:11:00,10.341563477680237,out
2025-01-04T01:12:00,9.423934063602143,out
2025-01-04T01:13:00,9.50971678929121,out
2025-01-04T01:14:00,9.43906784979062,out
2025-01-04T01:15:00,10.028755860884901,out
2025-01-04T01:16:00,9.979802247510237,out
2025-01-04T01:17:00,9.792379143884254,out
2025-01-04T01:18:00,9.5972134782485,out
2025-01-04T01:19:00,9.520861800127616,out
2025-01-04T01:20:00,10.032727299765742,out
2025-01-04T01:21:00,9.890467630629516,out
2025-01-04T01:22:00,9.827001490613501,out
2025-01-04T01:23:00,10.744582022438944,out
2025-01-04T01:24:00,10.117277425994695,out
2025-01-04T01:25:00,10.682645403272971,out
2025-01-04T01:26:00,9.985706487272699,out
2025-01-04T01:27:00,10.321255138578477,out
2025-01-04T01:28:00,10.22544915399294,out
2025-01-04T01:29:00,9.592842780307334,out
2025-01-04T01:30:00,10.867435916696092,out
2025-01-04T01:31:00,10.26620432700795,out
2025-01-04T01:32:00,10.642954058788824,out
2025-01-04T01:33:00,10.067651649320979,out
2025-01-04T01:34:00,10.326556660919573,out
2025-01-04T01:35:00,10.069739195183066,out
2025-01-04T01:36:00,10.934819251560148,out
2025-01-04T01:37:00,10.588876854661127,out
2025-01-04T01:38:00,10.634980866609787,out
2025-01-04T01:39:00,11.05523208406656,out
2025-01-04T01:40:00,10.998246089203809,out
2025-01-04T01:41:00,10.86554945386325,out
2025-01-04T01:42:00,10.014375642034777,out
2025-01-04T01:43:00,10.328399896619823,out
2025-01-04T01:44:00,10.22867162632992,out
2025-01-04T01:45:00,10.94474561876433,out
2025-01-04T01:46:00,10.745447655358877,out
2025-01-04T01:47:00,10.14438567277236,out
2025-01-04T01:48:00,10.64844531323278,out
2025-01-04T01:49:00,10.149598556414222,out
2025-01-04T01:50:00,10.749229084182298,out
2025-01-04T01:51:00,10.131538120355795,out
2025-01-04T01:52:00,11.028360374069175,out
2025-01-04T01:53:00,10.991103053522677,out
2025-01-04T01:54:00,11.626131958896396,out
2025-01-04T01:55:00,11.225081929315257,out
2025-01-04T01:56:00,10.73969201914902,out
2025-01-04T01:57:00,11.258955486291526,out
2025-01-04T01:58:00,10.395475808242718,out
2025-01-04T01:59:00,10.592309980578806,out
2025-01-04T02:00:00,11.133257012830036,out
2025-01-04T02:01:00,10.159343997173982,out
2025-01-04T02:02:00,11.03036586379067,out
2025-01-04T02:03:00,10.659653199614947,out
2025-01-04T02:04:00,11.130751271521618,out
2025-01-04T02:05:00,10.681545005744214,out
2025-01-04T02:06:00,11.304690643277763,out
2025-01-04T02:07:00,11.16501451137817,out
2025-01-04T02:08:00,11.739661952151762,out
2025-01-04T02:09:00,11.20438090913432,out
2025-01-04T02:10:00,10.916340528096345,out
2025-01-04T02:11:00,11.147092485877042,out
2025-01-04T02:12:00,10.730139651283466,out
2025-01-04T02:13:00,11.452214279001657,out
2025-01-04T02:14:00,11.54756201039846,out
2025-01-04T02:15:00,12.321099812794728,out
2025-01-04T02:16:00,11.106423024582709,out
2025-01-04T02:17:00,11.26971173670033,out
2025-01-04T02:18:00,11.168134011773706,out
2025-01-04T02:19:00,11.504826056030307,out
2025-01-04T02:20:00,11.594134831898124,out
2025-01-04T02:21:00,11.441521202451984,out
2025-01-04T02:22:00,11.918748101014842,out
2025-01-04T02:23:00,11.25870619232269,out
2025-01-04T02:24:00,11.92118113291112,out
2025-01-04T02:25:00,11.763257031637927,out
2025-01-04T02:26:00,11.564124752548471,out
2025-01-04T02:27:00,11.463972947121084,out
2025-01-04T02:28:00,12.58155724240483,out
2025-01-04T02:29:00,11.304960467960528,out
2025-01-04T02:30:00,11.771741844839687,out
2025-01-04T02:31:00,11.373216052109845,out
2025-01-04T02:32:00,12.408217151402475,out
2025-01-04T02:33:00,12.069294227378675,out
2025-01-04T02:34:00,11.463747868289252,out
2025-01-04T02:35:00,11.96057883047684,out
2025-01-04T02:36:00,11.879000634809644,out
2025-01-04T02:37:00,11.589582066585201,out
2025-01-04T02:38:00,12.11973500855784,out
2025-01-04T02:39:00,11.992356168325262,out
2025-01-04T02:40:00,11.94300514367361,out
2025-01-04T02:41:00,11.859975993360846,out
2025-01-04T02:42:00,12.06911008702096,out
2025-01-04T02:43:00,12.008313579373318,out
2025-01-04T02:44:00,11.959991507153038,out
2025-01-04T02:45:00,11.699668524205379,out
2025-01-04T02:46:00,12.653226785599415,out
2025-01-04T02:47:00,11.575122018665583,out
2025-01-04T02:48:00,12.185838125705045,out
2025-01-04T02:49:00,11.906104547687438,out
2025-01-04T02:50:00,12.75736015347367,out
2025-01-04T02:51:00,11.711411458308106,out
2025-01-04T02:52:00,11.797884855670853,out
2025-01-04T02:53:00,11.72317071665342,out
2025-01-04T02:54:00,12.259513474542766,out
2025-01-04T02:55:00,11.599858070866162,out
2025-01-04T02:56:00,11.976538824850866,out
2025-01-04T02:57:00,11.32579642990836,out
2025-01-04T02:58:00,12.301624127450337,out
2025-01-04T02:59:00,12.024002403233304,out
2025-01-04T03:00:00,11.647417989546545,out
2025-01-04T03:01:00,12.695356014929324,out
2025-01-04T03:02:00,11.756435935571105,out
2025-01-04T03:03:00,12.616589136559204,out
2025-01-04T03:04:00,12.035622472436781,out
2025-01-04T03:05:00,12.974812323516703,out
2025-01-04T03:06:00,12.652066441644186,out
2025-01-04T03:07:00,11.967006670944778,out
2025-01-04T03:08:00,12.021289188830892,out
2025-01-04T03:09:00,12.648145138703832,out
2025-01-04T03:10:00,12.318712768576674,out
2025-01-04T03:11:00,12.373571762112446,out
2025-01-04T03:12:00,12.967764497573206,out
2025-01-04T03:13:00,12.176868701022203,out
2025-01-04T03:14:00,12.530251833604186,out
2025-01-04T03:15:00,12.892889962334781,out
2025-01-04T03:16:00,12.85190447669087,out
2025-01-04T03:17:00,12.481544839296028,out
2025-01-04T03:18:00,12.446873441259124,out
2025-01-04T03:19:00,11.883868633686792,out
2025-01-04T03:20:00,12.173768661647784,out
2025-01-04T03:21:00,12.740394683070646,out
2025-01-04T03:22:00,12.574594624749423,out
2025-01-04T03:23:00,12.676326695919604,out
2025-01-04T03:24:00,13.07857721259544,out
2025-01-04T03:25:00,12.204377654932372,out
2025-01-04T03:26:00,12.601176820221417,out
2025-01-04T03:27:00,12.787385970648952,out
2025-01-04T03:28:00,12.446400546610525,out
2025-01-04T03:29:00,13.316728288034026,out
2025-01-04T03:30:00,13.12355476239266,out
2025-01-04T03:31:00,12.892065346043227,out
2025-01-04T03:32:00,13.509505772015185,out
2025-01-04T03:33:00,12.207964764302304,out
2025-01-04T03:34:00,12.820050651261031,out
2025-01-04T03:35:00,12.985202413178522,out
2025-01-04T03:36:00,12.488279947532106,out
2025-01-04T03:37:00,12.989729708517158,out
2025-01-04T03:38:00,12.442060112622759,out
2025-01-04T03:39:00,13.176072258279772,out
2025-01-04T03:40:00,13.338046172985512,out
2025-01-04T03:41:00,13.038814988104315,out
2025-01-04T03:42:00,12.203638005706107,out
2025-01-04T03:43:00,12.572821086296713,out
2025-01-04T03:44:00,13.200109436615511,out
2025-01-04T03:45:00,12.997297131220217,out
2025-01-04T03:46:00,11.925713885326015,out
2025-01-04T03:47:00,13.514849088633856,out
2025-01-04T03:48:00,13.08668601017407,out
2025-01-04T03:49:00,12.71860421218633,out
2025-01-04T03:50:00,13.458330913903977,out
2025-01-04T03:51:00,12.803350925061078,out
2025-01-04T03:52:00,12.812907729896871,out
2025-01-04T03:53:00,13.245454410378983,out
2025-01-04T03:54:00,13.828256369821464,out
2025-01-04T03:55:00,13.77890609522683,out
2025-01-04T03:56:00,13.286888403774315,out
2025-01-04T03:57:00,13.341392732548844,out
2025-01-04T03:58:00,13.486374535483085,out
2025-01-04T03:59:00,12.680219561078626,out
2025-01-04T04:00:00,13.45381175756742,out
2025-01-04T04:01:00,12.91556349967744,out
2025-01-04T04:02:00,13.34952540235803,out
2025-01-04T04:03:00,13.143988991393847,out
2025-01-04T04:04:00,13.448201573682063,out
2025-01-04T04:05:00,13.307601920247624,out
2025-01-04T04:06:00,12.043690567643267,out
2025-01-04T04:07:00,13.356901113914383,out
2025-01-04T04:08:00,13.554546738073265,out
2025-01-04T04:09:00,13.488297164113632,out
2025-01-04T04:10:00,13.281030620585902,out
2025-01-04T04:11:00,13.990967525686575,out
2025-01-04T04:12:00,13.470588396778867,out
2025-01-04T04:13:00,13.53294298054406,out
2025-01-04T04:14:00,13.787402927232376,out
2025-01-04T04:15:00,13.52627364907477,out
2025-01-04T04:16:00,13.033557176429314,out
2025-01-04T04:17:00,12.428854470423673,out
2025-01-04T04:18:00,13.224663345291928,out
2025-01-04T04:19:00,13.731109083078653,out
2025-01-04T04:20:00,13.296608189652776,out
2025-01-04T04:21:00,13.76933039186318,out
2025-01-04T04:22:00,13.519258895627363,out
2025-01-04T04:23:00,13.985798689567401,out
2025-01-04T04:24:00,13.363186063007337,out
2025-01-04T04:25:00,13.678914805343757,out
2025-01-04T04:26:00,13.704714472124886,out
2025-01-04T04:27:00,14.113388009945869,out
2025-01-04T04:28:00,12.840374198180925,out
2025-01-04T04:29:00,13.349842520201443,out
2025-01-04T04:30:00,13.88268363722312,out
2025-01-04T04:31:00,14.171601616016856,out
2025-01-04T04:32:00,13.659131732457556,out
2025-01-04T04:33:00,13.455775651462952,out
2025-01-04T04:34:00,13.88535275536192,out
2025-01-04T04:35:00,13.93952828578946,out
2025-01-04T04:36:00,13.457617887516285,out
2025-01-04T04:37:00,13.742934182987087,out
2025-01-04T04:38:00,14.092244040455174,out
2025-01-04T04:39:00,14.385331612844679,out
2025-01-04T04:40:00,13.935197708409563,out
2025-01-04T04:41:00,13.66471165020446,out
2025-01-04T04:42:00,13.634218876137904,out
2025-01-04T04:43:00,13.887492745234153,out
2025-01-04T04:44:00,13.62684231660412,out
2025-01-04T04:45:00,13.757436976579584,out
2025-01-04T04:46:00,13.266791425424842,out
2025-01-04T04:47:00,14.217017635807723,out
2025-01-04T04:48:00,13.250265206911449,out
2025-01-04T04:49:00,13.541530093678464,out
2025-01-04T04:50:00,13.761339008830088,out
2025-01-04T04:51:00,14.52651441869857,out
2025-01-04T04:52:00,13.568755341837278,out
2025-01-04T04:53:00,13.479021839244725,out
2025-01-04T04:54:00,13.532591642275639,out
2025-01-04T04:55:00,14.423857993360098,out
2025-01-04T04:56:00,12.642631378227504,out
2025-01-04T04:57:00,13.373636213862445,out
2025-01-04T04:58:00,14.874298202915556,out
2025-01-04T04:59:00,14.02507677236953,out
2025-01-04T05:00:00,13.353160977998723,out
2025-01-04T05:01:00,13.785508440613752,out
2025-01-04T05:02:00,13.835867668695787,out
2025-01-04T05:03:00,14.153835556602766,out
2025-01-04T05:04:00,14.557575158785003,out
2025-01-04T05:05:00,13.983473091391254,out
2025-01-04T05:06:00,13.618304201180875,out
2025-01-04T05:07:00,14.155109327601972,out
2025-01-04T05:08:00,13.566919309966265,out
2025-01-04T05:09:00,13.438718924655461,out
2025-01-04T05:10:00,13.15381249393702,out
2025-01-04T05:11:00,13.237335280975913,out
2025-01-04T05:12:00,13.510307541953125,out
2025-01-04T05:13:00,13.403156927827157,out
2025-01-04T05:14:00,14.004842838674861,out
2025-01-04T05:15:00,13.404950952089767,out
2025-01-04T05:16:00,12.632296579876085,out
2025-01-04T05:17:00,13.47713767651727,out
2025-01-04T05:18:00,13.71078558629516,out
2025-01-04T05:19:00,13.66206439072896,out
2025-01-04T05:20:00,14.516656389796921,out
2025-01-04T05:21:00,13.667919330632804,out
2025-01-04T05:22:00,14.270082994503067,out
2025-01-04T05:23:00,13.914385159489045,out
2025-01-04T05:24:00,13.909208153301787,out
2025-01-04T05:25:00,13.596016947267348,out
2025-01-04T05:26:00,13.910582119539193,out
2025-01-04T05:27:00,13.631869870159052,out
2025-01-04T05:28:00,14.009618138151248,out
2025-01-04T05:29:00,13.850695531271818,out
2025-01-04T05:30:00,13.570817994966221,out
2025-01-04T05:31:00,14.348787433958526,out
2025-01-04T05:32:00,14.126013101856502,out
2025-01-04T05:33:00,13.779185648072657,out
2025-01-04T05:34:00,14.019628352873648,out
2025-01-04T05:35:00,13.93080902073313,out
2025-01-04T05:36:00,13.62009499730433,out
2025-01-04T05:37:00,13.998009601113933,out
2025-01-04T05:38:00,13.723972488280124,out
2025-01-04T05:39:00,13.596856031199929,out
2025-01-04T05:40:00,13.328061256443862,out
2025-01-04T05:41:00,13.835950073571116,out
2025-01-04T05:42:00,14.208292266232258,out
2025-01-04T05:43:00,13.70563736924537,out
2025-01-04T05:44:00,14.993667778422132,out
2025-01-04T05:45:00,14.341427800892713,out
2025-01-04T05:46:00,14.510540843595393,out
2025-01-04T05:47:00,14.308447228173595,out
2025-01-04T05:48:00,14.73292319850287,out
2025-01-04T05:49:00,13.678289525520688,out
2025-01-04T05:50:00,12.969994375227698,out
2025-01-04T05:51:00,13.816923974103183,out
2025-01-04T05:52:00,14.219632392333589,out
2025-01-04T05:53:00,14.05780833371947,out
2025-01-04T05:54:00,14.108132994240457,out
2025-01-04T05:55:00,14.526936163547404,out
2025-01-04T05:56:00,14.151909200723347,out
2025-01-04T05:57:00,14.31905113648045,out
2025-01-04T05:58:00,13.623946441643925,out
2025-01-04T05:59:00,13.561785408637991,out
2025-01-04T06:00:00,14.645645569209796,out
2025-01-04T06:01:00,14.040303498383233,out
2025-01-04T06:02:00,13.750479865006573,out
2025-01-04T06:03:00,13.750928168025194,out
2025-01-04T06:04:00,13.739436922283044,out
2025-01-04T06:05:00,13.714988554061119,out
2025-01-04T06:06:00,13.48468482881188,out
2025-01-04T06:07:00,13.397033384132074,out
2025-01-04T06:08:00,13.918343211052806,out
2025-01-04T06:09:00,13.758203869316178,out
2025-01-04T06:10:00,14.437153043668463,out
2025-01-04T06:11:00,14.110320980216471,out
2025-01-04T06:12:00,14.097904280558636,out
2025-01-04T06:13:00,13.693101860322312,out
2025-01-04T06:14:00,13.940397424219212,out
2025-01-04T06:15:00,14.131553980884197,out
2025-01-04T06:16:00,14.271862597444015,out
2025-01-04T06:17:00,13.94594437998957,out
2025-01-04T06:18:00,14.413153514128451,out
2025-01-04T06:19:00,13.982588738549747,out
2025-01-04T06:20:00,14.294307035957546,out
2025-01-04T06:21:00,13.77888868201231,out
2025-01-04T06:22:00,13.247341843575615,out
2025-01-04T06:23:00,14.07715470471288,out
2025-01-04T06:24:00,14.257260997468292,out
2025-01-04T06:25:00,14.194476962056946,out
2025-01-04T06:26:00,14.1303057986345,out
2025-01-04T06:27:00,13.818975955347563,out
2025-01-04T06:28:00,13.632578409269694,out
2025-01-04T06:29:00,14.172721005695804,out
2025-01-04T06:30:00,14.119248134722174,out
2025-01-04T06:31:00,13.720835747983765,out
2025-01-04T06:32:00,14.385378088126245,out
2025-01-04T06:33:00,13.58476211509898,out
2025-01-04T06:34:00,13.700685828655084,out
2025-01-04T06:35:00,14.584739147743232,out
2025-01-04T06:36:00,14.273562818664393,out
2025-01-04T06:37:00,13.778774477004983,out
2025-01-04T06:38:00,14.032665893080809,out
2025-01-04T06:39:00,13.975253252158002,out
2025-01-04T06:40:00,12.8106009720823,out
2025-01-04T06:41:00,13.541654606088395,out
2025-01-04T06:42:00,13.879190798540016,out
2025-01-04T06:43:00,13.752057795729337,out
2025-01-04T06:44:00,13.988604126618153,out
2025-01-04T06:45:00,14.33650460759855,out
2025-01-04T06:46:00,13.750933913863411,out
2025-01-04T06:47:00,13.45121091645836,out
2025-01-04T06:48:00,13.998826267807255,out
2025-01-04T06:49:00,13.732737305348953,out
2025-01-04T06:50:00,13.795350642390838,out
2025-01-04T06:51:00,13.735344435389845,out
2025-01-04T06:52:00,14.74295550871581,out
2025-01-04T06:53:00,12.943993846363517,out
2025-01-04T06:54:00,13.678885961133002,out
2025-01-04T06:55:00,13.826576808620212,out
2025-01-04T06:56:00,13.509317360742868,out
2025-01-04T06:57:00,14.175315791091839,out
2025-01-04T06:58:00,14.134188913756507,out
2025-01-04T06:59:00,13.783173786088243,out
2025-01-04T07:00:00,13.687285455596932,out
2025-01-04T07:01:00,13.743941209280221,out
2025-01-04T07:02:00,13.739868057792613,out
2025-01-04T07:03:00,13.743382207471583,out
2025-01-04T07:04:00,13.692370535023198,out
2025-01-04T07:05:00,13.861278852152532,out
2025-01-04T07:06:00,14.054203235140307,out
2025-01-04T07:07:00,13.253324105789456,out
2025-01-04T07:08:00,13.317562976084954,out
2025-01-04T07:09:00,13.030712454949715,out
2025-01-04T07:10:00,14.068860664632405,out
2025-01-04T07:11:00,13.814504115135858,out
2025-01-04T07:12:00,13.908446104144032,out
2025-01-04T07:13:00,13.126395461865874,out
2025-01-04T07:14:00,14.40392118038925,out
2025-01-04T07:15:00,13.438040413712496,out
2025-01-04T07:16:00,13.740393776440406,out
2025-01-04T07:17:00,14.006287986628056,out
2025-01-04T07:18:00,13.261057044234642,out
2025-01-04T07:19:00,13.428526348133156,out
2025-01-04T07:20:00,13.709824434555799,out
2025-01-04T07:21:00,14.772137245720792,out
2025-01-04T07:22:00,13.7404830326312,out
2025-01-04T07:23:00,14.25335571836836,out
2025-01-04T07:24:00,14.083751817059992,out
2025-01-04T07:25:00,13.739251230294599,out
2025-01-04T07:26:00,13.186827099239881,out
2025-01-04T07:27:00,13.996758761558844,out
2025-01-04T07:28:00,12.963858990741508,out
2025-01-04T07:29:00,14.193593073576237,out
2025-01-04T07:30:00,13.623279318355022,out
2025-01-04T07:31:00,12.473116411103438,out
2025-01-04T07:32:00,13.386826682701912,out
2025-01-04T07:33:00,13.774326389262571,out
2025-01-04T07:34:00,13.407550897094842,out
2025-01-04T07:35:00,13.777871199114115,out
2025-01-04T07:36:00,13.141263078770688,out
2025-01-04T07:37:00,12.948179312347488,out
2025-01-04T07:38:00,13.431189464040221,out
2025-01-04T07:39:00,13.461485309866458,out
2025-01-04T07:40:00,13.298492981794974,out
2025-01-04T07:41:00,13.917647331383087,out
2025-01-04T07:42:00,13.075428756043541,out
2025-01-04T07:43:00,13.529455678868464,out
2025-01-04T07:44:00,13.419952266260458,out
2025-01-04T07:45:00,12.7585500683417,out
2025-01-04T07:46:00,12.841994096144749,out
2025-01-04T07:47:00,13.362638066966277,out
2025-01-04T07:48:00,14.138519144604992,out
2025-01-04T07:49:00,13.56581077367395,out
2025-01-04T07:50:00,12.631811069011484,out
2025-01-04T07:51:00,12.065730598730521,out
2025-01-04T07:52:00,13.590906994355315,out
2025-01-04T07:53:00,13.246859036061034,out
2025-01-04T07:54:00,13.72940906377594,out
2025-01-04T07:55:00,12.908073365960478,out
2025-01-04T07:56:00,13.38780324197979,out
2025-01-04T07:57:00,13.573445427647933,out
2025-01-04T07:58:00,13.043148720356808,out
2025-01-04T07:59:00,13.038758658842427,out
2025-01-04T08:00:00,13.206257555145989,out
2025-01-04T08:01:00,13.400083569850514,out
2025-01-04T08:02:00,13.164041360844397,out
2025-01-04T08:03:00,13.546037004112515,out
2025-01-04T08:04:00,12.958229728505863,out
2025-01-04T08:05:00,12.598113141852435,out
2025-01-04T08:06:00,13.906631133369823,out
2025-01-04T08:07:00,12.860259855356405,out
2025-01-04T08:08:00,12.860911743451462,out
2025-01-04T08:09:00,13.048045601794968,out
2025-01-04T08:10:00,13.087221118738908,out
2025-01-04T08:11:00,12.891560620791042,out
2025-01-04T08:12:00,13.02504984889295,out
2025-01-04T08:13:00,13.001812042515295,out
2025-01-04T08:14:00,13.073242663211337,out
2025-01-04T08:15:00,12.045822690220348,out
2025-01-04T08:16:00,13.72657595813339,out
2025-01-04T08:17:00,12.900623169349307,out
2025-01-04T08:18:00,13.177006179510897,out
2025-01-04T08:19:00,12.378641091039379,out
2025-01-04T08:20:00,12.726512161234258,out
2025-01-04T08:21:00,12.630922984441911,out
2025-01-04T08:22:00,13.472582615941334,out
2025-01-04T08:23:00,12.635118449055721,out
2025-01-04T08:24:00,13.15733396102573,out
2025-01-04T08:25:00,12.578499444535623,out
2025-01-04T08:26:00,12.64209358784173,out
2025-01-04T08:27:00,12.709302810066092,out
2025-01-04T08:28:00,13.305351111015478,out
2025-01-04T08:29:00,12.020070951595683,out
2025-01-04T08:30:00,12.233854619637647,out
2025-01-04T08:31:00,11.96521537618714,out
2025-01-04T08:32:00,12.293063673735755,out
2025-01-04T08:33:00,12.38726156480763,out
2025-01-04T08:34:00,12.04985643947833,out
2025-01-04T08:35:00,12.385647799911421,out
2025-01-04T08:36:00,11.856989976368467,out
2025-01-04T08:37:00,12.239160374986048,out
2025-01-04T08:38:00,13.109915660290405,out
2025-01-04T08:39:00,12.7744862205532,out
2025-01-04T08:40:00,12.67125372758288,out
2025-01-04T08:41:00,12.17828339618354,out
2025-01-04T08:42:00,11.948001809982305,out
2025-01-04T08:43:00,12.089727476090593,out
2025-01-04T08:44:00,12.510973550578228,out
2025-01-04T08:45:00,12.858309556764533,out
2025-01-04T08:46:00,12.85468129158814,out
2025-01-04T08:47:00,12.72858919536354,out
2025-01-04T08:48:00,12.163846207237196,out
2025-01-04T08:49:00,12.451128697882591,out
2025-01-04T08:50:00,12.29512700884585,out
2025-01-04T08:51:00,12.325459151216213,out
2025-01-04T08:52:00,13.202973368498947,out
2025-01-04T08:53:00,11.665425724492966,out
2025-01-04T08:54:00,12.25837549970483,out
2025-01-04T08:55:00,12.818883335237002,out
2025-01-04T08:56:00,11.729682204018493,out
2025-01-04T08:57:00,12.040312690441425,out
2025-01-04T08:58:00,12.067887295898032,out
2025-01-04T08:59:00,12.171796364918128,out
2025-01-04T09:00:00,11.604257823276805,out
2025-01-04T09:01:00,12.46220277087103,out
2025-01-04T09:02:00,12.471970498804366,out
2025-01-04T09:03:00,12.390092889057259,out
2025-01-04T09:04:00,11.819800753037564,out
2025-01-04T09:05:00,12.183682651008544,out
2025-01-04T09:06:00,11.770351358334894,out
2025-01-04T09:07:00,11.978059277649553,out
2025-01-04T09:08:00,12.953377331243344,out
2025-01-04T09:09:00,12.111082624236152,out
2025-01-04T09:10:00,11.578530615299103,out
2025-01-04T09:11:00,12.106334980873584,out
2025-01-04T09:12:00,11.47406526772783,out
2025-01-04T09:13:00,11.515685838999005,out
2025-01-04T09:14:00,11.559271034914909,out
2025-01-04T09:15:00,11.77835110972214,out
2025-01-04T09:16:00,12.311141772178736,out
2025-01-04T09:17:00,12.14791779398308,out
2025-01-04T09:18:00,12.105886421280038,out
2025-01-04T09:19:00,11.437174051621568,out
2025-01-04T09:20:00,11.640199915944978,out
2025-01-04T09:21:00,11.94543445463678,out
2025-01-04T09:22:00,11.56514132751123,out
2025-01-04T09:23:00,11.684885395254664,out
2025-01-04T09:24:00,11.952465823311009,out
2025-01-04T09:25:00,11.616031760623835,out
2025-01-04T09:26:00,11.825511655466526,out
2025-01-04T09:27:00,12.351655078266845,out
2025-01-04T09:28:00,11.625225332359163,out
2025-01-04T09:29:00,12.145038804094387,out
2025-01-04T09:30:00,11.87631660097527,out
2025-01-04T09:31:00,11.044867130862661,out
2025-01-04T09:32:00,11.170035327206879,out
2025-01-04T09:33:00,11.25650925019601,out
2025-01-04T09:34:00,11.227002753734943,out
2025-01-04T09:35:00,11.511741991738775,out
2025-01-04T09:36:00,11.772569132987572,out
2025-01-04T09:37:00,12.007561360506498,out
2025-01-04T09:38:00,11.607487769755672,out
2025-01-04T09:39:00,11.284599317802131,out
2025-01-04T09:40:00,10.608562120654335,out
2025-01-04T09:41:00,11.448216405744759,out
2025-01-04T09:42:00,11.408745499026997,out
2025-01-04T09:43:00,11.450001067585994,out
2025-01-04T09:44:00,12.197653539905811,out
2025-01-04T09:45:00,11.829660016594854,out
2025-01-04T09:46:00,11.625646279172352,out
2025-01-04T09:47:00,10.904928525090847,out
2025-01-04T09:48:00,11.062636310411467,out
2025-01-04T09:49:00,11.207908985436562,out
2025-01-04T09:50:00,10.913634800476816,out
2025-01-04T09:51:00,11.401872905487728,out
2025-01-04T09:52:00,11.322279125085519,out
2025-01-04T09:53:00,10.721960424689346,out
2025-01-04T09:54:00,11.613718071934144,out
2025-01-04T09:55:00,11.153563682486672,out
2025-01-04T09:56:00,10.398599990763438,out
2025-01-04T09:57:00,11.047221373124335,out
2025-01-04T09:58:00,11.157712760133395,out
2025-01-04T09:59:00,11.41176080684746,out
2025-01-04T10:00:00,10.865009438749356,out
2025-01-04T10:01:00,11.308474329030131,out
2025-01-04T10:02:00,11.029398155328902,out
2025-01-04T10:03:00,10.405705605366707,out
2025-01-04T10:04:00,10.342791012085023,out
2025-01-04T10:05:00,11.33495656157607,out
2025-01-04T10:06:00,11.34134623291036,out
2025-01-04T10:07:00,10.969081695270946,out
2025-01-04T10:08:00,11.415112065187369,out
2025-01-04T10:09:00,11.216331061567322,out
2025-01-04T10:10:00,11.043943171202098,out
2025-01-04T10:11:00,10.382718895208274,out
2025-01-04T10:12:00,11.416514498850217,out
2025-01-04T10:13:00,10.915111219107935,out
2025-01-04T10:14:00,10.522851368814218,out
2025-01-04T10:15:00,10.386424139191897,out
2025-01-04T10:16:00,10.732940393340014,out
2025-01-04T10:17:00,9.938247910491123,out
2025-01-04T10:18:00,10.862935890990915,out
2025-01-04T10:19:00,10.177984113531155,out
2025-01-04T10:20:00,10.683952813973923,out
2025-01-04T10:21:00,10.303310290281313,out
2025-01-04T10:22:00,10.382391970847557,out
2025-01-04T10:23:00,10.161549166574838,out
2025-01-04T10:24:00,10.375928085982478,out
2025-01-04T10:25:00,11.17223195755938,out
2025-01-04T10:26:00,10.946518264370946,out
2025-01-04T10:27:00,10.510254720303793,out
2025-01-04T10:28:00,10.334269064709666,out
2025-01-04T10:29:00,10.657946246098078,out
2025-01-04T10:30:00,10.748088751833558,out
2025-01-04T10:31:00,9.9399643512316,out
2025-01-04T10:32:00,10.216664013442601,out
2025-01-04T10:33:00,9.494561333231792,out
2025-01-04T10:34:00,10.648248204450145,out
2025-01-04T10:35:00,11.000637932782551,out
2025-01-04T10:36:00,10.182240747121051,out
2025-01-04T10:37:00,9.275742178025101,out
2025-01-04T10:38:00,10.344800494187625,out
2025-01-04T10:39:00,9.715066676005332,out
2025-01-04T10:40:00,9.786781083288233,out
2025-01-04T10:41:00,10.278130863936363,out
2025-01-04T10:42:00,10.104662805607731,out
2025-01-04T10:43:00,9.782900361441294,out
2025-01-04T10:44:00,9.693566673702282,out
2025-01-04T10:45:00,9.978971213907307,out
2025-01-04T10:46:00,9.740041717425607,out
2025-01-04T10:47:00,9.435287985461292,out
2025-01-04T10:48:00,9.721076693658356,out
2025-01-04T10:49:00,9.96502284347015,out
2025-01-04T10:50:00,9.732993410297793,out
2025-01-04T10:51:00,9.213846010554157,out
2025-01-04T10:52:00,10.149856076886637,out
2025-01-04T10:53:00,8.633653034027201,out
2025-01-04T10:54:00,9.525546006212176,out
2025-01-04T10:55:00,9.430894702364396,out
2025-01-04T10:56:00,9.713095686050568,out
2025-01-04T10:57:00,9.853307422311543,out
2025-01-04T10:58:00,10.054136179773955,out
2025-01-04T10:59:00,9.293225337407002,out
2025-01-04T11:00:00,9.787547205548531,out
2025-01-04T11:01:00,9.60593904438576,out
2025-01-04T11:02:00,8.817664274253366,out
2025-01-04T11:03:00,10.237135860347605,out
2025-01-04T11:04:00,8.876021322701925,out
2025-01-04T11:05:00,9.593914262880942,out
2025-01-04T11:06:00,9.556656160814544,out
2025-01-04T11:07:00,9.485457058466125,out
2025-01-04T11:08:00,9.151875573198552,out
2025-01-04T11:09:00,9.65508567058521,out
2025-01-04T11:10:00,8.674490694051379,out
2025-01-04T11:11:00,9.246734517469124,out
2025-01-04T11:12:00,9.021920274285584,out
2025-01-04T11:13:00,8.950931330014262,out
2025-01-04T11:14:00,9.367706721484607,out
2025-01-04T11:15:00,9.601533349184646,out
2025-01-04T11:16:00,9.00755166752452,out
2025-01-04T11:17:00,9.431416652022733,out
2025-01-04T11:18:00,9.113309419130736,out
2025-01-04T11:19:00,8.710568389147854,out
2025-01-04T11:20:00,8.93870822870516,out
2025-01-04T11:21:00,8.896302666777501,out
2025-01-04T11:22:00,8.711621670161882,out
2025-01-04T11:23:00,9.135848565085304,out
2025-01-04T11:24:00,9.0324652653233,out
2025-01-04T11:25:00,8.27648043783174,out
2025-01-04T11:26:00,8.226246068681924,out
2025-01-04T11:27:00,9.030829513229378,out
2025-01-04T11:28:00,8.508924034242597,out
2025-01-04T11:29:00,8.929922043682481,out
2025-01-04T11:30:00,9.095529784563995,out
2025-01-04T11:31:00,8.24881267985276,out
2025-01-04T11:32:00,8.166601158600413,out
2025-01-04T11:33:00,9.374997057705142,out
2025-01-04T11:34:00,8.819847595792439,out
2025-01-04T11:35:00,8.485504986442491,out
2025-01-04T11:36:00,8.253594598547425,out
2025-01-04T11:37:00,8.396952030109551,out
2025-01-04T11:38:00,8.098845580676022,out
2025-01-04T11:39:00,8.902374581616648,out
2025-01-04T11:40:00,8.212233995043437,out
2025-01-04T11:41:00,8.934263080359743,out
2025-01-04T11:42:00,8.310503006459074,out
2025-01-04T11:43:00,8.027310867725474,out
2025-01-04T11:44:00,8.248018207259232,out
2025-01-04T11:45:00,7.342752064380289,out
2025-01-04T11:46:00,8.317983806539553,out
2025-01-04T11:47:00,8.272109048928211,out
2025-01-04T11:48:00,8.643912836076856,out
2025-01-04T11:49:00,7.533346799934716,out
2025-01-04T11:50:00,8.726462868537434,out
2025-01-04T11:51:00,8.56379861255349,out
2025-01-04T11:52:00,8.710214405694483,out
2025-01-04T11:53:00,8.16214252885729,out
2025-01-04T11:54:00,8.562620423488347,out
2025-01-04T11:55:00,7.542391696244607,out
2025-01-04T11:56:00,8.389933464705514,out
2025-01-04T11:57:00,7.770072468588104,out
2025-01-04T11:58:00,7.391798480021081,out
2025-01-04T11:59:00,7.576523648442744,out
2025-01-04T12:00:00,8.002212455451714,out
2025-01-04T12:01:00,7.644100461004481,out
2025-01-04T12:02:00,8.098070199688074,out
2025-01-04T12:03:00,7.198167404570341,out
2025-01-04T12:04:00,7.044446543929966,out
2025-01-04T12:05:00,8.418065663450072,out
2025-01-04T12:06:00,8.204458361913339,out
2025-01-04T12:07:00,7.397050186375542,out
2025-01-04T12:08:00,7.789403162396775,out
2025-01-04T12:09:00,8.172243929526132,out
2025-01-04T12:10:00,7.905963919124237,out
2025-01-04T12:11:00,7.771420467345334,out
2025-01-04T12:12:00,8.124045895067379,out
2025-01-04T12:13:00,7.367558284539246,out
2025-01-04T12:14:00,7.6461801422567275,out
2025-01-04T12:15:00,7.600441769302198,out
2025-01-04T12:16:00,7.472356338466841,out
2025-01-04T12:17:00,7.3994268542593105,out
2025-01-04T12:18:00,7.5583927207643296,out
2025-01-04T12:19:00,7.516913753320983,out
2025-01-04T12:20:00,7.057694486500257,out
2025-01-04T12:21:00,7.771708651979777,out
2025-01-04T12:22:00,7.034371401772162,out
2025-01-04T12:23:00,7.311578252508678,out
2025-01-04T12:24:00,7.25471703130606,out
2025-01-04T12:25:00,7.490040195951896,out
2025-01-04T12:26:00,6.473139141305642,out
2025-01-04T12:27:00,7.65113954122477,out
2025-01-04T12:28:00,6.997987800524257,out
2025-01-04T12:29:00,7.730791503095848,out
2025-01-04T12:30:00,7.02557687687323,out
2025-01-04T12:31:00,7.1713569840640545,out
2025-01-04T12:32:00,7.930475810266992,out
2025-01-04T12:33:00,7.028108984535467,out
2025-01-04T12:34:00,7.608683487091727,out
2025-01-04T12:35:00,7.1028777170863275,out
2025-01-04T12:36:00,7.227560741876011,out
2025-01-04T12:37:00,7.06352804214161,out
2025-01-04T12:38:00,7.348855015355998,out
2025-01-04T12:39:00,6.709690331764642,out
2025-01-04T12:40:00,6.56449152479075,out
2025-01-04T12:41:00,6.676908251006143,out
2025-01-04T12:42:00,6.946470997576751,out
2025-01-04T12:43:00,6.792528269727477,out
2025-01-04T12:44:00,7.139255978329215,out
2025-01-04T12:45:00,7.351350747831847,out
2025-01-04T12:46:00,6.413457058602819,out
2025-01-04T12:47:00,6.484569976513364,out
2025-01-04T12:48:00,6.1780340877683,out
2025-01-04T12:49:00,7.539083163364979,out
2025-01-04T12:50:00,6.823230116020126,out
2025-01-04T12:51:00,6.867736317891632,out
2025-01-04T12:52:00,6.114210319924395,out
2025-01-04T12:53:00,6.624329658862766,out
2025-01-04T12:54:00,6.803027010629799,out
2025-01-04T12:55:00,6.472781569829206,out
2025-01-04T12:56:00,6.978750876332563,out
2025-01-04T12:57:00,7.447812692083181,out
2025-01-04T12:58:00,6.118894844835775,out
2025-01-04T12:59:00,6.063553412376155,out
2025-01-04T13:00:00,6.095983303173462,out
2025-01-04T13:01:00,7.06429237725876,out
2025-01-04T13:02:00,6.813511870342342,out
2025-01-04T13:03:00,6.317146173692102,out
2025-01-04T13:04:00,6.360799730858358,out
2025-01-04T13:05:00,5.994408465335359,out
2025-01-04T13:06:00,6.651918794873755,out
2025-01-04T13:07:00,6.118861661552056,out
2025-01-04T13:08:00,6.14173915588159,out
2025-01-04T13:09:00,6.464266458758282,out
2025-01-04T13:10:00,6.120567227741075,out
2025-01-04T13:11:00,6.076827808432794,out
2025-01-04T13:12:00,6.1501281159619605,out
2025-01-04T13:13:00,6.439159326614745,out
2025-01-04T13:14:00,6.754769291762988,out
2025-01-04T13:15:00,6.305557701079468,out
2025-01-04T13:16:00,6.367916762706768,out
2025-01-04T13:17:00,5.941914503582824,out
2025-01-04T13:18:00,5.714039699329901,out
2025-01-04T13:19:00,6.2340941848740945,out
2025-01-04T13:20:00,6.016375469886223,out
2025-01-04T13:21:00,5.354246198035146,out
2025-01-04T13:22:00,5.7675278630729565,out
2025-01-04T13:23:00,5.8410949626211,out
2025-01-04T13:24:00,5.645609155916819,out
2025-01-04T13:25:00,6.41806600811465,out
2025-01-04T13:26:00,5.992928254415109,out
2025-01-04T13:27:00,6.325925342096444,out
2025-01-04T13:28:00,5.857730544165391,out
2025-01-04T13:29:00,5.760663430455449,out
2025-01-04T13:30:00,5.329260278765374,out
2025-01-04T13:31:00,5.684506043457711,out
2025-01-04T13:32:00,5.6608347993345385,out
2025-01-04T13:33:00,5.084691308080705,out
2025-01-04T13:34:00,5.391694598540363,out
2025-01-04T13:35:00,5.454206821441046,out
2025-01-04T13:36:00,5.724971959167498,out
2025-01-04T13:37:00,5.7202269291134265,out
2025-01-04T13:38:00,5.279313151276488,out
2025-01-04T13:39:00,5.675589415792187,out
2025-01-04T13:40:00,5.391458857816394,out
2025-01-04T13:41:00,4.292739550649281,out
2025-01-04T13:42:00,5.223052606369623,out
2025-01-04T13:43:00,5.824923911630456,out
2025-01-04T13:44:00,4.6970508166144675,out
2025-01-04T13:45:00,5.391344338852209,out
2025-01-04T13:46:00,5.956917607015259,out
2025-01-04T13:47:00,4.995164172571211,out
2025-01-04T13:48:00,5.276916633733803,out
2025-01-04T13:49:00,4.731150006407097,out
2025-01-04T13:50:00,5.880400777255228,out
2025-01-04T13:51:00,5.1729798272506855,out
2025-01-04T13:52:00,5.201821360402278,out
2025-01-04T13:53:00,5.701802183093201,out
2025-01-04T13:54:00,5.40163879630055,out
2025-01-04T13:55:00,4.763815893484983,out
2025-01-04T13:56:00,4.832231108887054,out
2025-01-04T13:57:00,5.266245072827589,out
2025-01-04T13:58:00,4.795810217354035,out
2025-01-04T13:59:00,4.175803653100552,out
2025-01-04T14:00:00,4.978703680544376,out
2025-01-04T14:01:00,4.385271073276924,out
2025-01-04T14:02:00,5.601282523661267,out
2025-01-04T14:03:00,5.002956538642946,out
2025-01-04T14:04:00,4.547701527842258,out
2025-01-04T14:05:00,4.6079074851719,out
2025-01-04T14:06:00,4.109249576554745,out
2025-01-04T14:07:00,4.402931703376585,out
2025-01-04T14:08:00,5.22701369561705,out
2025-01-04T14:09:00,5.691027362703285,out
2025-01-04T14:10:00,5.066760955198653,out
2025-01-04T14:11:00,4.7173361563436345,out
2025-01-04T14:12:00,4.559382039648277,out
2025-01-04T14:13:00,4.327642297449975,out
2025-01-04T14:14:00,5.512284447863546,out
2025-01-04T14:15:00,4.5910791211366515,out
2025-01-04T14:16:00,5.491094511200532,out
2025-01-04T14:17:00,5.180578237673622,out
2025-01-04T14:18:00,3.9052440059124987,out
2025-01-04T14:19:00,4.313638466118467,out
2025-01-04T14:20:00,4.290923332224193,out
2025-01-04T14:21:00,4.505190314134316,out
2025-01-04T14:22:00,4.491656564488871,out
2025-01-04T14:23:00,5.692997644334658,out
2025-01-04T14:24:00,4.042397336455261,out
2025-01-04T14:25:00,4.543730084084263,out
2025-01-04T14:26:00,4.677666376479071,out
2025-01-04T14:27:00,4.40942359478838,out
2025-01-04T14:28:00,4.433182092200263,out
2025-01-04T14:29:00,3.950312514020006,out
2025-01-04T14:30:00,4.390025903788752,out
2025-01-04T14:31:00,4.531255918263054,out
2025-01-04T14:32:00,4.4370713817544996,out
2025-01-04T14:33:00,4.513516665705843,out
2025-01-04T14:34:00,4.829955340428784,out
2025-01-04T14:35:00,4.6192457836613885,out
2025-01-04T14:36:00,4.252595499099952,out
2025-01-04T14:37:00,3.735064687871592,out
2025-01-04T14:38:00,3.943528568448982,out
2025-01-04T14:39:00,4.075513527349536,out
2025-01-04T14:40:00,4.2442126744173505,out
2025-01-04T14:41:00,3.9319230175424633,out
2025-01-04T14:42:00,3.7290184303451595,out
2025-01-04T14:43:00,3.60816200957553,out
2025-01-04T14:44:00,3.4031747224347564,out
2025-01-04T14:45:00,3.949944827889769,out
2025-01-04T14:46:00,3.4364135338774604,out
2025-01-04T14:47:00,3.6044997303320416,out
2025-01-04T14:48:00,3.8276556127091315,out
2025-01-04T14:49:00,3.4314322316354167,out
2025-01-04T14:50:00,4.098359629705529,out
2025-01-04T14:51:00,4.223284752244633,out
2025-01-04T14:52:00,3.6882390317148555,out
2025-01-04T14:53:00,3.714091134997848,out
2025-01-04T14:54:00,4.0848444538931075,out
2025-01-04T14:55:00,3.5653236264125105,out
2025-01-04T14:56:00,3.518956212607109,out
2025-01-04T14:57:00,4.291856632224444,out
2025-01-04T14:58:00,4.148219509686014,out
2025-01-04T14:59:00,4.016531654201761,out
2025-01-04T15:00:00,4.1276171614383514,out
2025-01-04T15:01:00,2.9479762561133547,out
2025-01-04T15:02:00,4.262031523792164,out
2025-01-04T15:03:00,3.859013186085579,out
2025-01-04T15:04:00,4.088273751570391,out
2025-01-04T15:05:00,3.820680939288013,out
2025-01-04T15:06:00,3.6673237037983366,out
2025-01-04T15:07:00,3.519650495760788,out
2025-01-04T15:08:00,3.758735541039468,out
2025-01-04T15:09:00,3.4693657798240727,out
2025-01-04T15:10:00,3.9234864191653047,out
2025-01-04T15:11:00,2.924108577258129,out
2025-01-04T15:12:00,3.324500702417922,out
2025-01-04T15:13:00,4.341585049020472,out
2025-01-04T15:14:00,3.255833489837038,out
2025-01-04T15:15:00,3.39348766590075,out
2025-01-04T15:16:00,3.11871014532334,out
2025-01-04T15:17:00,3.588948362850032,out
2025-01-04T15:18:00,3.1430582503429347,out
2025-01-04T15:19:00,3.346360807382016,out
2025-01-04T15:20:00,3.743279955700168,out
2025-01-04T15:21:00,3.1074436400333214,out
2025-01-04T15:22:00,3.685696947379771,out
2025-01-04T15:23:00,3.6825358617310293,out
2025-01-04T15:24:00,3.7591066691459036,out
2025-01-04T15:25:00,3.3769094994099347,out
2025-01-04T15:26:00,4.600854689676237,out
2025-01-04T15:27:00,3.709911893332367,out
2025-01-04T15:28:00,3.4018865281224007,out
2025-01-04T15:29:00,2.905492791904246,out
2025-01-04T15:30:00,3.201056307902943,out
2025-01-04T15:31:00,3.794518775552289,out
2025-01-04T15:32:00,3.892000785966756,out
2025-01-04T15:33:00,3.7838087640297315,out
2025-01-04T15:34:00,3.4909357589885457,out
2025-01-04T15:35:00,2.659068291876874,out
2025-01-04T15:36:00,3.340762760880592,out
2025-01-04T15:37:00,2.6339951569887345,out
2025-01-04T15:38:00,2.520318412509787,out
2025-01-04T15:39:00,3.195814142860825,out
2025-01-04T15:40:00,3.2943675131739507,out
2025-01-04T15:41:00,3.431469211739338,out
2025-01-04T15:42:00,3.2540973644223516,out
2025-01-04T15:43:00,3.2530958995339745,out
2025-01-04T15:44:00,2.6319135306728043,out
2025-01-04T15:45:00,2.969191652310864,out
2025-01-04T15:46:00,2.3938383533431953,out
2025-01-04T15:47:00,2.180935413153375,out
2025-01-04T15:48:00,3.2642336762646935,out
2025-01-04T15:49:00,2.6525161646972677,out
2025-01-04T15:50:00,3.2886507259799105,out
2025-01-04T15:51:00,3.3689721009281777,out
2025-01-04T15:52:00,2.663984493212165,out
2025-01-04T15:53:00,3.134011087848751,out
2025-01-04T15:54:00,2.6196963224299976,out
2025-01-04T15:55:00,2.132177226111596,out
2025-01-04T15:56:00,2.9063199575643126,out
2025-01-04T15:57:00,2.6552119791049806,out
2025-01-04T15:58:00,2.654189433115992,out
2025-01-04T15:59:00,3.6071242159118437,out
2025-01-04T16:00:00,2.1935047842003055,out
2025-01-04T16:01:00,2.9439555672137385,out
2025-01-04T16:02:00,2.3799429295027044,out
2025-01-04T16:03:00,3.1283285212701473,out
2025-01-04T16:04:00,2.8716542516336507,out
2025-01-04T16:05:00,2.8913772054272067,out
2025-01-04T16:06:00,2.3491414769873087,out
2025-01-04T16:07:00,2.408420405452361,out
2025-01-04T16:08:00,3.073214645784794,out
2025-01-04T16:09:00,3.3983932639127743,out
2025-01-04T16:10:00,2.870058127820353,out
2025-01-04T16:11:00,2.306928862777015,out
2025-01-04T16:12:00,2.789536263854625,out
2025-01-04T16:13:00,3.613115157268225,out
2025-01-04T16:14:00,2.6713629546754163,out
2025-01-04T16:15:00,3.2034998945613093,out
2025-01-04T16:16:00,2.3111039758695213,out
2025-01-04T16:17:00,2.5789761434099243,out
2025-01-04T16:18:00,2.832314376351058,out
2025-01-04T16:19:00,2.7322004505789406,out
2025-01-04T16:20:00,2.255597805735637,out
2025-01-04T16:21:00,2.227333974197272,out
2025-01-04T16:22:00,2.9355461359818107,out
2025-01-04T16:23:00,3.006048063597532,out
2025-01-04T16:24:00,3.123584677393166,out
2025-01-04T16:25:00,3.2297033185844666,out
2025-01-04T16:26:00,2.551487328218295,out
2025-01-04T16:27:00,2.362773041413972,out
2025-01-04T16:28:00,3.017367254796752,out
2025-01-04T16:29:00,2.7520218827179286,out
2025-01-04T16:30:00,2.063740701465245,out
2025-01-04T16:31:00,2.0333027096870393,out
2025-01-04T16:32:00,2.6336689531418,out
2025-01-04T16:33:00,2.3562328181748535,out
2025-01-04T16:34:00,2.4069226102115784,out
2025-01-04T16:35:00,2.8369661301872906,out
2025-01-04T16:36:00,2.702132299010806,out
2025-01-04T16:37:00,2.9211380412513037,out
2025-01-04T16:38:00,1.607352421960267,out
2025-01-04T16:39:00,2.472211151353582,out
2025-01-04T16:40:00,2.6397196842434365,out
2025-01-04T16:41:00,1.7423095657867056,out
2025-01-04T16:42:00,2.082192796922943,out
2025-01-04T16:43:00,1.9992718127117284,out
2025-01-04T16:44:00,2.3355678148280656,out
2025-01-04T16:45:00,2.969560810506997,out
2025-01-04T16:46:00,3.1190938306287688,out
2025-01-04T16:47:00,1.976090221559428,out
2025-01-04T16:48:00,2.5042838024265097,out
2025-01-04T16:49:00,2.509144342997257,out
2025-01-04T16:50:00,2.4327486041165365,out
2025-01-04T16:51:00,2.4294721871525784,out
2025-01-04T16:52:00,2.3836684652023217,out
2025-01-04T16:53:00,2.9295998834936845,out
2025-01-04T16:54:00,2.6880681965380666,out
2025-01-04T16:55:00,1.815639314645122,out
2025-01-04T16:56:00,2.5507182567223055,out
2025-01-04T16:57:00,2.5822179310827016,out
2025-01-04T16:58:00,2.34420419560898,out
2025-01-04T16:59:00,2.663845805228216,out
2025-01-04T17:00:00,2.2796746559852066,out
2025-01-04T17:01:00,2.277911454946842,out
2025-01-04T17:02:00,2.239610375602175,out
2025-01-04T17:03:00,1.3773169074396097,out
2025-01-04T17:04:00,2.146066284781674,out
2025-01-04T17:05:00,1.9046473513386046,out
2025-01-04T17:06:00,1.6912012863369181,out
2025-01-04T17:07:00,2.733331763133118,out
2025-01-04T17:08:00,2.3554626187023753,out
2025-01-04T17:09:00,2.1360136445711073,out
2025-01-04T17:10:00,1.9163026168394315,out
2025-01-04T17:11:00,2.255081195075424,out
2025-01-04T17:12:00,2.527688832924172,out
2025-01-04T17:13:00,1.7949408276737202,out
2025-01-04T17:14:00,2.1185204233643815,out
2025-01-04T17:15:00,2.462514917121088,out
2025-01-04T17:16:00,1.3358364476803664,out
2025-01-04T17:17:00,2.082269708684781,out
2025-01-04T17:18:00,1.928754006397257,out
2025-01-04T17:19:00,2.0422238710202407,out
2025-01-04T17:20:00,1.8905020593779935,out
2025-01-04T17:21:00,2.141713487734454,out
2025-01-04T17:22:00,2.8517372789457,out
2025-01-04T17:23:00,1.9484528110671888,out
2025-01-04T17:24:00,2.190554360066816,out
2025-01-04T17:25:00,2.867729504557084,out
2025-01-04T17:26:00,1.8458985884794787,out
2025-01-04T17:27:00,2.7879618186535673,out
2025-01-04T17:28:00,2.060520790201422,out
2025-01-04T17:29:00,2.7675631060246775,out
2025-01-04T17:30:00,2.3514112817356656,out
2025-01-04T17:31:00,2.170813646954681,out
2025-01-04T17:32:00,2.0184708173974344,out
2025-01-04T17:33:00,1.7919726823187592,out
2025-01-04T17:34:00,2.0688854859262173,out
2025-01-04T17:35:00,2.3946065542740924,out
2025-01-04T17:36:00,2.0276240553916915,out
2025-01-04T17:37:00,1.9035397684697883,out
2025-01-04T17:38:00,1.927309796125819,out
2025-01-04T17:39:00,2.422161079985252,out
2025-01-04T17:40:00,2.5128963934894695,out
2025-01-04T17:41:00,1.7537467795060835,out
2025-01-04T17:42:00,1.7510608546222366,out
2025-01-04T17:43:00,2.1682424572699315,out
2025-01-04T17:44:00,2.6256285243439574,out
2025-01-04T17:45:00,2.4712425838934036,out
2025-01-04T17:46:00,1.5104503245968335,out
2025-01-04T17:47:00,1.9040195886591629,out
2025-01-04T17:48:00,1.6359813695967527,out
2025-01-04T17:49:00,1.899904672324193,out
2025-01-04T17:50:00,2.647474668922996,out
2025-01-04T17:51:00,1.435585523042456,out
2025-01-04T17:52:00,1.3561089205733494,out
2025-01-04T17:53:00,1.6713767936062816,out
2025-01-04T17:54:00,2.1169802911770534,out
2025-01-04T17:55:00,2.2497297657768485,out
2025-01-04T17:56:00,2.1758932030062663,out
2025-01-04T17:57:00,2.470788195848365,out
2025-01-04T17:58:00,1.2949942239214,out
2025-01-04T17:59:00,2.4753917310191684,out
2025-01-04T18:00:00,1.8751618719814833,out
2025-01-04T18:01:00,2.2926548395975406,out
2025-01-04T18:02:00,1.4708582909096901,out
2025-01-04T18:03:00,2.002496713359586,out
2025-01-04T18:04:00,2.0954221372972572,out
2025-01-04T18:05:00,2.4637282525199122,out
2025-01-04T18:06:00,1.36795420110355,out
2025-01-04T18:07:00,2.015099474393683,out
2025-01-04T18:08:00,1.5695609214285684,out
2025-01-04T18:09:00,2.206824200238972,out
2025-01-04T18:10:00,2.316597285091304,out
2025-01-04T18:11:00,2.5217777780935307,out
2025-01-04T18:12:00,1.794211009749207,out
2025-01-04T18:13:00,2.380540570931423,out
2025-01-04T18:14:00,2.5555518444596195,out
2025-01-04T18:15:00,1.355547672626192,out
2025-01-04T18:16:00,2.2595536664804357,out
2025-01-04T18:17:00,2.399903390915127,out
2025-01-04T18:18:00,1.9150054430462558,out
2025-01-04T18:19:00,1.5362975540033874,out
2025-01-04T18:20:00,2.4000141138933917,out
2025-01-04T18:21:00,1.5453669035289264,out
2025-01-04T18:22:00,1.9562822359925665,out
2025-01-04T18:23:00,2.014139267373197,out
2025-01-04T18:24:00,2.3190838484719585,out
2025-01-04T18:25:00,1.7850093468610688,out
2025-01-04T18:26:00,1.7647353904093326,out
2025-01-04T18:27:00,2.081155449775687,out
2025-01-04T18:28:00,2.447279281199968,out
2025-01-04T18:29:00,2.9629503021829673,out
2025-01-04T18:30:00,1.4483383518456263,out
2025-01-04T18:31:00,2.1809414227933366,out
2025-01-04T18:32:00,1.6237775770568605,out
2025-01-04T18:33:00,2.469616176364676,out
2025-01-04T18:34:00,1.6904870009048032,out
2025-01-04T18:35:00,1.799971649920504,out
2025-01-04T18:36:00,1.838161612803574,out
2025-01-04T18:37:00,2.047542225150686,out
2025-01-04T18:38:00,2.211565429520094,out
2025-01-04T18:39:00,2.280144203094939,out
2025-01-04T18:40:00,2.0888464634536352,out
2025-01-04T18:41:00,1.5637994051460202,out
2025-01-04T18:42:00,2.3915850147403463,out
2025-01-04T18:43:00,2.0841141481817296,out
2025-01-04T18:44:00,2.5749308153198953,out
2025-01-04T18:45:00,1.8321928057886427,out
2025-01-04T18:46:00,1.4795418813346213,out
2025-01-04T18:47:00,2.1121167640192637,out
2025-01-04T18:48:00,2.6494954709108702,out
2025-01-04T18:49:00,2.2009902158703465,out
2025-01-04T18:50:00,2.0623560376112566,out
2025-01-04T18:51:00,1.7998072698859504,out
2025-01-04T18:52:00,2.856886197960914,out
2025-01-04T18:53:00,1.747883411283395,out
2025-01-04T18:54:00,1.8756227745626424,out
2025-01-04T18:55:00,2.3999612595540394,out
2025-01-04T18:56:00,1.435817366389305,out
2025-01-04T18:57:00,2.6944508079120104,out
2025-01-04T18:58:00,2.4407914034182916,out
2025-01-04T18:59:00,2.557416795240782,out
2025-01-04T19:00:00,2.4276918470454496,out
2025-01-04T19:01:00,2.1468266500445727,out
2025-01-04T19:02:00,1.792957796686093,out
2025-01-04T19:03:00,2.1692384047881275,out
2025-01-04T19:04:00,1.8423352996690292,out
2025-01-04T19:05:00,2.434162997714979,out
2025-01-04T19:06:00,2.5697935230100803,out
2025-01-04T19:07:00,2.845295287650396,out
2025-01-04T19:08:00,2.410878520442933,out
2025-01-04T19:09:00,2.6397104758949497,out
2025-01-04T19:10:00,2.158840400618578,out
2025-01-04T19:11:00,2.094314346937049,out
2025-01-04T19:12:00,2.483129658555797,out
2025-01-04T19:13:00,2.147216093701974,out
2025-01-04T19:14:00,2.417732384293868,out
2025-01-04T19:15:00,1.8939423472951924,out
2025-01-04T19:16:00,1.9742374734135741,out
2025-01-04T19:17:00,2.5896295980506085,out
2025-01-04T19:18:00,2.698827083609366,out
2025-01-04T19:19:00,1.9586814408751045,out
2025-01-04T19:20:00,2.6300899994871187,out
2025-01-04T19:21:00,2.15775771525098,out
2025-01-04T19:22:00,2.386568934989734,out
2025-01-04T19:23:00,2.9559665082001865,out
2025-01-04T19:24:00,2.721512334625968,out
2025-01-04T19:25:00,2.726301579512086,out
2025-01-04T19:26:00,3.1810107354906334,out
2025-01-04T19:27:00,2.1455909463485305,out
2025-01-04T19:28:00,2.0425468826022537,out
2025-01-04T19:29:00,2.157908067803163,out
2025-01-04T19:30:00,2.3549223835696322,out
2025-01-04T19:31:00,1.5249739242605318,out
2025-01-04T19:32:00,2.3939995846066275,out
2025-01-04T19:33:00,2.26942444634864,out
2025-01-04T19:34:00,2.811143460648372,out
2025-01-04T19:35:00,2.649098876887331,out
2025-01-04T19:36:00,2.2784486030366597,out
2025-01-04T19:37:00,2.765412076682631,out
2025-01-04T19:38:00,2.829537598670242,out
2025-01-04T19:39:00,2.243722641132943,out
2025-01-04T19:40:00,2.364943575627129,out
2025-01-04T19:41:00,1.6831238524345964,out
2025-01-04T19:42:00,2.1482243041531217,out
2025-01-04T19:43:00,2.298822739895043,out
2025-01-04T19:44:00,2.6369021928474,out
2025-01-04T19:45:00,2.240610479059939,out
2025-01-04T19:46:00,2.4250130355682025,out
2025-01-04T19:47:00,2.1519940669001363,out
2025-01-04T19:48:00,2.722406414282301,out
2025-01-04T19:49:00,2.8361829889195365,out
2025-01-04T19:50:00,2.838881140298592,out
2025-01-04T19:51:00,2.6950186279838477,out
2025-01-04T19:52:00,2.0858852442458775,out
2025-01-04T19:53:00,2.466674105210545,out
2025-01-04T19:54:00,2.5641746551008144,out
2025-01-04T19:55:00,2.578321340586695,out
2025-01-04T19:56:00,2.7822742443595536,out
2025-01-04T19:57:00,3.3352405065116204,out
2025-01-04T19:58:00,3.1027043094344395,out
2025-01-04T19:59:00,2.395800001125667,out
2025-01-04T20:00:00,3.075208727412022,out
2025-01-04T20:01:00,3.073107915839912,out
2025-01-04T20:02:00,2.5077980481702133,out
2025-01-04T20:03:00,3.1831079000454543,out
2025-01-04T20:04:00,2.7928455414092177,out
2025-01-04T20:05:00,2.3065473799565415,out
2025-01-04T20:06:00,3.0662401037303044,out
2025-01-04T20:07:00,2.984671379472425,out
2025-01-04T20:08:00,2.8206403713871078,out
2025-01-04T20:09:00,2.910651835782836,out
2025-01-04T20:10:00,2.6520171335672993,out
2025-01-04T20:11:00,3.1978181237324885,out
2025-01-04T20:12:00,2.9505963385238756,out
2025-01-04T20:13:00,3.0488626024927266,out
2025-01-04T20:14:00,3.139541837368534,out
2025-01-04T20:15:00,2.5493480804141946,out
2025-01-04T20:16:00,2.6680613559169277,out
2025-01-04T20:17:00,2.1564837213903845,out
2025-01-04T20:18:00,3.2811397716640593,out
2025-01-04T20:19:00,2.585234362848304,out
2025-01-04T20:20:00,3.138115618224305,out
2025-01-04T20:21:00,3.248545959005744,out
2025-01-04T20:22:00,3.356248025419091,out
2025-01-04T20:23:00,2.648949342675503,out
2025-01-04T20:24:00,3.11983338649403,out
2025-01-04T20:25:00,3.8294445427101973,out
2025-01-04T20:26:00,3.8625847082904174,out
2025-01-04T20:27:00,3.5874063614644127,out
2025-01-04T20:28:00,3.343184195243778,out
2025-01-04T20:29:00,2.821945429254118,out
2025-01-04T20:30:00,3.5273286084090008,out
2025-01-04T20:31:00,3.1926540660381963,out
2025-01-04T20:32:00,3.496146788468801,out
2025-01-04T20:33:00,3.0349610327746808,out
2025-01-04T20:34:00,3.235177813749544,out
2025-01-04T20:35:00,3.386352045473268,out
2025-01-04T20:36:00,3.4356354678557093,out
2025-01-04T20:37:00,3.551133221290979,out
2025-01-04T20:38:00,3.138574505863716,out
2025-01-04T20:39:00,2.8496352267151597,out
2025-01-04T20:40:00,4.053647357246049,out
2025-01-04T20:41:00,4.416306848914159,out
2025-01-04T20:42:00,3.6165324908807572,out
2025-01-04T20:43:00,2.925013255803651,out
2025-01-04T20:44:00,3.1624644719262127,out
2025-01-04T20:45:00,3.6926081827465214,out
2025-01-04T20:46:00,4.042711919938502,out
2025-01-04T20:47:00,3.038499495813049,out
2025-01-04T20:48:00,3.4913979187960655,out
2025-01-04T20:49:00,3.6370640608565887,out
2025-01-04T20:50:00,3.9221673596536015,out
2025-01-04T20:51:00,3.4566245056257334,out
2025-01-04T20:52:00,2.9863519137562085,out
2025-01-04T20:53:00,3.8782532044867484,out
2025-01-04T20:54:00,4.097672159994762,out
2025-01-04T20:55:00,3.6327796429433965,out
2025-01-04T20:56:00,3.8460572344906625,out
2025-01-04T20:57:00,3.5123918476812457,out
2025-01-04T20:58:00,3.382188187184539,out
2025-01-04T20:59:00,4.149458018479165,out
2025-01-04T21:00:00,3.9123576520064915,out
2025-01-04T21:01:00,3.9720590930249378,out
2025-01-04T21:02:00,4.395390473398738,out
2025-01-04T21:03:00,3.3913203072224904,out
2025-01-04T21:04:00,3.611239269982235,out
2025-01-04T21:05:00,3.9140950048402514,out
2025-01-04T21:06:00,3.644147250732972,out
2025-01-04T21:07:00,4.202156672150821,out
2025-01-04T21:08:00,3.833050151263414,out
2025-01-04T21:09:00,3.5301824038034746,out
2025-01-04T21:10:00,3.972767424381091,out
2025-01-04T21:11:00,4.033934663714697,out
2025-01-04T21:12:00,4.359089187005376,out
2025-01-04T21:13:00,4.16196636525396,out
2025-01-04T21:14:00,4.208738267249508,out
2025-01-04T21:15:00,4.172041783002478,out
2025-01-04T21:16:00,3.9883568175401725,out
2025-01-04T21:17:00,3.7969538391791495,out
2025-01-04T21:18:00,4.218847050682641,out
2025-01-04T21:19:00,3.990006215788757,out
2025-01-04T21:20:00,4.81920339005717,out
2025-01-04T21:21:00,4.700238906025765,out
2025-01-04T21:22:00,4.436666331274048,out
2025-01-04T21:23:00,4.355154804342089,out
2025-01-04T21:24:00,4.188894033308499,out
2025-01-04T21:25:00,3.7400096743567888,out
2025-01-04T21:26:00,4.178443290845497,out
2025-01-04T21:27:00,4.325996317503085,out
2025-01-04T21:28:00,4.3978137378239035,out
2025-01-04T21:29:00,4.514510866599626,out
2025-01-04T21:30:00,4.7159635050987445,out
2025-01-04T21:31:00,4.091374443065484,out
2025-01-04T21:32:00,4.115879618204106,out
2025-01-04T21:33:00,4.990395068473296,out
2025-01-04T21:34:00,4.739455915169201,out
2025-01-04T21:35:00,4.2958337329651695,out
2025-01-04T21:36:00,4.4304040186642615,out
2025-01-04T21:37:00,4.453416427505432,out
2025-01-04T21:38:00,4.528411914646916,out
2025-01-04T21:39:00,4.72620209667203,out
2025-01-04T21:40:00,5.572538480333646,out
2025-01-04T21:41:00,4.655922048887235,out
2025-01-04T21:42:00,4.866601838621099,out
2025-01-04T21:43:00,3.94857975135353,out
2025-01-04T21:44:00,4.450882582063987,out
2025-01-04T21:45:00,5.158104602969017,out
2025-01-04T21:46:00,4.8493042446702885,out
2025-01-04T21:47:00,2.9545947889345756,out
2025-01-04T21:48:00,5.001775070836312,out
2025-01-04T21:49:00,5.521418929643544,out
2025-01-04T21:50:00,3.9778393154711242,out
2025-01-04T21:51:00,5.4060679747645235,out
2025-01-04T21:52:00,3.71170216235039,out
2025-01-04T21:53:00,5.217916036110142,out
2025-01-04T21:54:00,4.861549161299408,out
2025-01-04T21:55:00,3.9473719649390255,out
2025-01-04T21:56:00,5.088226681435575,out
2025-01-04T21:57:00,5.392577383198501,out
2025-01-04T21:58:00,5.100324623764395,out
2025-01-04T21:59:00,5.211287192550682,out
2025-01-04T22:00:00,4.835329555064374,out
2025-01-04T22:01:00,4.278145075860343,out
2025-01-04T22:02:00,5.322204248314009,out
2025-01-04T22:03:00,5.768174118796778,out
2025-01-04T22:04:00,5.542974620212954,out
2025-01-04T22:05:00,4.318917054643132,out
2025-01-04T22:06:00,4.531089675557975,out
2025-01-04T22:07:00,4.821694900172005,out
2025-01-04T22:08:00,4.545980442772585,out
2025-01-04T22:09:00,5.223988845871737,out
2025-01-04T22:10:00,5.386874642661999,out
2025-01-04T22:11:00,4.680655196001309,out
2025-01-04T22:12:00,5.58690838527293,out
2025-01-04T22:13:00,5.53985093138338,out
2025-01-04T22:14:00,5.103549471403653,out
2025-01-04T22:15:00,5.277259064292389,out
2025-01-04T22:16:00,4.5898526490043166,out
2025-01-04T22:17:00,5.260423593058665,out
2025-01-04T22:18:00,5.41988740880236,out
2025-01-04T22:19:00,5.50808659868251,out
2025-01-04T22:20:00,5.615841194363861,out
2025-01-04T22:21:00,5.585738272067652,out
2025-01-04T22:22:00,5.406103065156292,out
2025-01-04T22:23:00,5.650164861340861,out
2025-01-04T22:24:00,5.960392938869299,out
2025-01-04T22:25:00,5.545320631523704,out
2025-01-04T22:26:00,5.734543542781181,out
2025-01-04T22:27:00,5.557068436628741,out
2025-01-04T22:28:00,5.396909662472524,out
2025-01-04T22:29:00,5.888886096946116,out
2025-01-04T22:30:00,5.481809028141381,out
2025-01-04T22:31:00,5.882567056282264,out
2025-01-04T22:32:00,5.763662588108535,out
2025-01-04T22:33:00,5.655081504332918,out
2025-01-04T22:34:00,5.669735506795548,out
2025-01-04T22:35:00,5.622123373331515,out
2025-01-04T22:36:00,5.191471833892575,out
2025-01-04T22:37:00,6.027411810078369,out
2025-01-04T22:38:00,5.9913744425545135,out
2025-01-04T22:39:00,6.263165758514433,out
2025-01-04T22:40:00,5.735296379123266,out
2025-01-04T22:41:00,6.730653142170706,out
2025-01-04T22:42:00,5.845264465457505,out
2025-01-04T22:43:00,5.671812271545385,out
2025-01-04T22:44:00,5.649117105319984,out
2025-01-04T22:45:00,5.3777942468891595,out
2025-01-04T22:46:00,6.709223218526696,out
2025-01-04T22:47:00,6.669444117404968,out
2025-01-04T22:48:00,6.386196098904202,out
2025-01-04T22:49:00,5.8123786827216115,out
2025-01-04T22:50:00,6.920272275598,out
2025-01-04T22:51:00,6.080062885537907,out
2025-01-04T22:52:00,6.1381594391729175,out
2025-01-04T22:53:00,6.845726023369896,out
2025-01-04T22:54:00,6.559472165568798,out
2025-01-04T22:55:00,7.201467171315874,out
2025-01-04T22:56:00,6.445664769225605,out
2025-01-04T22:57:00,6.212544980978061,out
2025-01-04T22:58:00,6.151847790146539,out
2025-01-04T22:59:00,5.683014242375883,out
2025-01-04T23:00:00,6.335647420262379,out
2025-01-04T23:01:00,6.930225646297775,out
2025-01-04T23:02:00,6.737253644735772,out
2025-01-04T23:03:00,6.531203444450201,out
2025-01-04T23:04:00,6.1504948488754625,out
2025-01-04T23:05:00,6.66463385324804,out
2025-01-04T23:06:00,7.004453298942703,out
2025-01-04T23:07:00,6.797085357053499,out
2025-01-04T23:08:00,6.716987741790147,out
2025-01-04T23:09:00,6.357032328558509,out
2025-01-04T23:10:00,7.048235042016189,out
2025-01-04T23:11:00,5.4741720395636335,out
2025-01-04T23:12:00,6.90566813863949,out
2025-01-04T23:13:00,7.806278285536766,out
2025-01-04T23:14:00,6.200443038564073,out
2025-01-04T23:15:00,6.732910286022682,out
2025-01-04T23:16:00,6.851981631690842,out
2025-01-04T23:17:00,6.695822658324945,out
2025-01-04T23:18:00,7.321136544070695,out
2025-01-04T23:19:00,7.121319132899062,out
2025-01-04T23:20:00,7.019031083017341,out
2025-01-04T23:21:00,7.302812001373563,out
2025-01-04T23:22:00,7.016414648464613,out
2025-01-04T23:23:00,8.307490401906435,out
2025-01-04T23:24:00,7.121931983221301,out
2025-01-04T23:25:00,7.165372522256374,out
2025-01-04T23:26:00,6.428956313393023,out
2025-01-04T23:27:00,6.921664137131555,out
2025-01-04T23:28:00,7.623912466959514,out
2025-01-04T23:29:00,6.656711678213699,out
2025-01-04T23:30:00,6.353819976958897,out
2025-01-04T23:31:00,7.255732373660044,out
2025-01-04T23:32:00,7.817081742559104,out
2025-01-04T23:33:00,7.311728106731426,out
2025-01-04T23:34:00,7.186330876342005,out
2025-01-04T23:35:00,6.603403575791807,out
2025-01-04T23:36:00,7.553730869474947,out
2025-01-04T23:37:00,7.663381673880755,out
2025-01-04T23:38:00,6.712232485238213,out
2025-01-04T23:39:00,7.904803267498475,out
2025-01-04T23:40:00,7.783343753870879,out
2025-01-04T23:41:00,7.9560771319457,out
2025-01-04T23:42:00,7.762655462366259,out
2025-01-04T23:43:00,7.816822142352128,out
2025-01-04T23:44:00,7.7897495170159425,out
2025-01-04T23:45:00,7.954970153219602,out
2025-01-04T23:46:00,6.906205655141276,out
2025-01-04T23:47:00,7.059419501171118,out
2025-01-04T23:48:00,7.391581102466421,out
2025-01-04T23:49:00,7.6602031602029115,out
2025-01-04T23:50:00,7.893538445131256,out
2025-01-04T23:51:00,7.894313766737111,out
2025-01-04T23:52:00,8.237445344367393,out
2025-01-04T23:53:00,8.276167040173194,out
2025-01-04T23:54:00,7.493984266835237,out
2025-01-04T23:55:00,7.964541133812818,out
2025-01-04T23:56:00,7.556152942287564,out
2025-01-04T23:57:00,7.84616361123049,out
2025-01-04T23:58:00,8.076357334629142,out
2025-01-04T23:59:00,6.6103353137028344,out
2025-01-05T00:00:00,8.964497615855867,out
2025-01-05T00:01:00,8.252743326667467,out
2025-01-05T00:02:00,7.814077902824883,out
2025-01-05T00:03:00,8.849485475520142,out
2025-01-05T00:04:00,7.96574197042921,out
2025-01-05T00:05:00,8.18389706453858,out
2025-01-05T00:06:00,7.962215365688183,out
2025-01-05T00:07:00,8.84402781423627,out
2025-01-05T00:08:00,8.167403097692656,out
2025-01-05T00:09:00,8.295352534850199,out
2025-01-05T00:10:00,8.743229185402184,out
2025-01-05T00:11:00,8.521924554112486,out
2025-01-05T00:12:00,8.29227651140403,out
2025-01-05T00:13:00,8.78431311432325,out
2025-01-05T00:14:00,9.381684528980305,out
2025-01-05T00:15:00,8.519382954900612,out
2025-01-05T00:16:00,8.465242877613768,out
2025-01-05T00:17:00,8.512901774620023,out
2025-01-05T00:18:00,8.994926374699673,out
2025-01-05T00:19:00,8.257170151060057,out
2025-01-05T00:20:00,8.411607432601267,out
2025-01-05T00:21:00,7.934032532329745,out
2025-01-05T00:22:00,8.101527370065345,out
2025-01-05T00:23:00,8.394008368593264,out
2025-01-05T00:24:00,8.60479598198175,out
2025-01-05T00:25:00,9.360834579419835,out
2025-01-05T00:26:00,8.893616404577513,out
2025-01-05T00:27:00,8.340392980671096,out
2025-01-05T00:28:00,8.44002386628523,out
2025-01-05T00:29:00,9.307093288107236,out
2025-01-05T00:30:00,9.233801292771986,out
2025-01-05T00:31:00,8.820365545732022,out
2025-01-05T00:32:00,8.658028019544846,out
2025-01-05T00:33:00,9.31092886622892,out
2025-01-05T00:34:00,8.489525616087782,out
2025-01-05T00:35:00,9.069552476362505,out
2025-01-05T00:36:00,9.847670386598718,out
2025-01-05T00:37:00,9.046597666523521,out
2025-01-05T00:38:00,8.68004184345941,out
2025-01-05T00:39:00,9.180244504162753,out
2025-01-05T00:40:00,8.853885578395436,out
2025-01-05T00:41:00,8.510014935341681,out
2025-01-05T00:42:00,9.373827563701727,out
2025-01-05T00:43:00,9.56627797627228,out
2025-01-05T00:44:00,9.020491303430227,out
2025-01-05T00:45:00,9.019647662458251,out
2025-01-05T00:46:00,8.811581450054446,out
2025-01-05T00:47:00,9.161876266654035,out
2025-01-05T00:48:00,9.02252279173728,out
2025-01-05T00:49:00,8.868652958257359,out
2025-01-05T00:50:00,10.055505215788449,out
2025-01-05T00:51:00,9.510781736828802,out
2025-01-05T00:52:00,9.578664369274925,out
2025-01-05T00:53:00,9.728562173107454,out
2025-01-05T00:54:00,9.709086669839357,out
2025-01-05T00:55:00,9.260871372838338,out
2025-01-05T00:56:00,9.560552422786582,out
2025-01-05T00:57:00,9.369307564469686,out
2025-01-05T00:58:00,9.677665474237308,out
2025-01-05T00:59:00,9.66428804361643,out
2025-01-05T01:00:00,9.399850166269426,out
2025-01-05T01:01:00,9.046467797579114,out
2025-01-05T01:02:00,9.661925079255735,out
2025-01-05T01:03:00,9.546934904067518,out
2025-01-05T01:04:00,8.897675235818488,out
2025-01-05T01:05:00,9.88203879174144,out
2025-01-05T01:06:00,10.09022891312063,out
2025-01-05T01:07:00,10.740520198888102,out
2025-01-05T01:08:00,9.597751227008146,out
2025-01-05T01:09:00,9.563764691233793,out
2025-01-05T01:10:00,9.36046638484994,out
2025-01-05T01:11:00,9.912642556762869,out
2025-01-05T01:12:00,9.93502923847301,out
2025-01-05T01:13:00,9.554464304987786,out
2025-01-05T01:14:00,9.833855985629008,out
2025-01-05T01:15:00,9.13717052506322,out
2025-01-05T01:16:00,10.323959625876237,out
2025-01-05T01:17:00,9.669872167707858,out
2025-01-05T01:18:00,9.988978614837418,out
2025-01-05T01:19:00,9.456822939500839,out
2025-01-05T01:20:00,9.819179420169377,out
2025-01-05T01:21:00,9.964865881057943,out
2025-01-05T01:22:00,10.096727948772472,out
2025-01-05T01:23:00,10.317639234195283,out
2025-01-05T01:24:00,10.725837730666276,out
2025-01-05T01:25:00,10.467712606809943,out
2025-01-05T01:26:00,10.583873177604275,out
2025-01-05T01:27:00,10.801786269036269,out
2025-01-05T01:28:00,10.475522713104551,out
2025-01-05T01:29:00,10.257208825866984,out
2025-01-05T01:30:00,10.699745356692548,out
2025-01-05T01:31:00,10.749469484205576,out
2025-01-05T01:32:00,10.60381310612205,out
2025-01-05T01:33:00,9.786612099491158,out
2025-01-05T01:34:00,10.055910352313619,out
2025-01-05T01:35:00,10.306538497540215,out
2025-01-05T01:36:00,10.752268266749148,out
2025-01-05T01:37:00,10.455774548052633,out
2025-01-05T01:38:00,10.942906909317655,out
2025-01-05T01:39:00,11.03805307672228,out
2025-01-05T01:40:00,11.01537775791508,out
2025-01-05T01:41:00,11.04162866520085,out
2025-01-05T01:42:00,10.168269018986273,out
2025-01-05T01:43:00,10.799725744208805,out
2025-01-05T01:44:00,10.387215264352294,out
2025-01-05T01:45:00,9.994105608770328,out
2025-01-05T01:46:00,10.562198425836502,out
2025-01-05T01:47:00,11.230485432475499,out
2025-01-05T01:48:00,10.908239802484655,out
2025-01-05T01:49:00,11.554367239344092,out
2025-01-05T01:50:00,10.841383737517443,out
2025-01-05T01:51:00,11.772808223387832,out
2025-01-05T01:52:00,10.88783786692215,out
2025-01-05T01:53:00,10.848910121570542,out
2025-01-05T01:54:00,10.351196526389042,out
2025-01-05T01:55:00,11.330157709633427,out
2025-01-05T01:56:00,10.708007669901829,out
2025-01-05T01:57:00,10.67290839321824,out
2025-01-05T01:58:00,11.467033586125815,out
2025-01-05T01:59:00,11.440588089569621,out
2025-01-05T02:00:00,11.452820546884263,out
2025-01-05T02:01:00,10.87776740865116,out
2025-01-05T02:02:00,11.024839831642122,out
2025-01-05T02:03:00,11.043816757383972,out
2025-01-05T02:04:00,11.403235721729272,out
2025-01-05T02:05:00,11.73406541636081,out
2025-01-05T02:06:00,11.282250010375048,out
2025-01-05T02:07:00,11.947239976054156,out
2025-01-05T02:08:00,11.538393352612454,out
2025-01-05T02:09:00,11.107767337847886,out
2025-01-05T02:10:00,11.55528221253252,out
2025-01-05T02:11:00,11.928222939691464,out
2025-01-05T02:12:00,12.06714980342669,out
2025-01-05T02:13:00,11.76451591495911,out
2025-01-05T02:14:00,11.321891693335548,out
2025-01-05T02:15:00,11.246744096495231,out
2025-01-05T02:16:00,11.585585222249025,out
2025-01-05T02:17:00,12.04641936427882,out
2025-01-05T02:18:00,11.571945070434772,out
2025-01-05T02:19:00,11.60179332432534,out
2025-01-05T02:20:00,11.462017759833115,out
2025-01-05T02:21:00,11.331714715170904,out
2025-01-05T02:22:00,11.41936393160806,out
2025-01-05T02:23:00,11.55966838792281,out
2025-01-05T02:24:00,12.213951512250762,out
2025-01-05T02:25:00,11.45197237876917,out
2025-01-05T02:26:00,11.5899815508726,out
2025-01-05T02:27:00,11.243796539261337,out
2025-01-05T02:28:00,11.89754256550154,out
2025-01-05T02:29:00,12.178435599744674,out
2025-01-05T02:30:00,12.302367712435023,out
2025-01-05T02:31:00,11.754649490084978,out
2025-01-05T02:32:00,11.923710565265646,out
2025-01-05T02:33:00,11.653143566990977,out
2025-01-05T02:34:00,11.946295291703517,out
2025-01-05T02:35:00,11.881126894104034,out
2025-01-05T02:36:00,11.799228101199617,out
2025-01-05T02:37:00,11.85133344828595,out
2025-01-05T02:38:00,11.99723823502403,out
2025-01-05T02:39:00,11.718973037945272,out
2025-01-05T02:40:00,11.759726941288013,out
2025-01-05T02:41:00,12.559688683326398,out
2025-01-05T02:42:00,12.980906997519654,out
2025-01-05T02:43:00,11.434811735362716,out
2025-01-05T02:44:00,11.432565692192608,out
2025-01-05T02:45:00,11.573213759477143,out
2025-01-05T02:46:00,11.934404923278997,out
2025-01-05T02:47:00,12.353602200419903,out
2025-01-05T02:48:00,12.251284814972456,out
2025-01-05T02:49:00,12.103013299320196,out
2025-01-05T02:50:00,12.265115464477109,out
2025-01-05T02:51:00,11.795970010546293,out
2025-01-05T02:52:00,11.994341051673937,out
2025-01-05T02:53:00,12.10306012260783,out
2025-01-05T02:54:00,11.496440918613782,out
2025-01-05T02:55:00,11.68455425280458,out
2025-01-05T02:56:00,11.71932379824291,out
2025-01-05T02:57:00,12.492386048523583,out
2025-01-05T02:58:00,12.303597565228067,out
2025-01-05T02:59:00,12.468512826765384,out
2025-01-05T03:00:00,11.506778691198297,out
2025-01-05T03:01:00,11.667685579319059,out
2025-01-05T03:02:00,12.544788871027677,out
2025-01-05T03:03:00,11.186343803881497,out
2025-01-05T03:04:00,12.805890545071822,out
2025-01-05T03:05:00,11.604856914949416,out
2025-01-05T03:06:00,12.689584182843717,out
2025-01-05T03:07:00,12.014791969391606,out
2025-01-05T03:08:00,12.807683695783647,out
2025-01-05T03:09:00,13.689199422180705,out
2025-01-05T03:10:00,11.51439296881229,out
2025-01-05T03:11:00,12.71945962406525,out
2025-01-05T03:12:00,11.73560386742687,out
2025-01-05T03:13:00,12.647051819257188,out
2025-01-05T03:14:00,12.411025459313247,out
2025-01-05T03:15:00,12.562951773858597,out
2025-01-05T03:16:00,12.163582970805335,out
2025-01-05T03:17:00,12.857606350102898,out
2025-01-05T03:18:00,11.983092658412035,out
2025-01-05T03:19:00,13.07604972385466,out
2025-01-05T03:20:00,12.432566536069787,out
2025-01-05T03:21:00,12.051974721479516,out
2025-01-05T03:22:00,13.267722229662597,out
2025-01-05T03:23:00,12.619418803369452,out
2025-01-05T03:24:00,13.425930156918623,out
2025-01-05T03:25:00,13.16784935028262,out
2025-01-05T03:26:00,12.376390659199902,out
2025-01-05T03:27:00,12.677905664909765,out
2025-01-05T03:28:00,12.776479697505758,out
2025-01-05T03:29:00,13.354658722457636,out
2025-01-05T03:30:00,12.935127127094248,out
2025-01-05T03:31:00,12.846529063646306,out
2025-01-05T03:32:00,12.711861225444428,out
2025-01-05T03:33:00,12.787300061804505,out
2025-01-05T03:34:00,13.344977997974631,out
2025-01-05T03:35:00,12.840149765923885,out
2025-01-05T03:36:00,12.696103057730406,out
2025-01-05T03:37:00,12.643641025544591,out
2025-01-05T03:38:00,12.663187048603445,out
2025-01-05T03:39:00,12.339010932552965,out
2025-01-05T03:40:00,12.614762142403357,out
2025-01-05T03:41:00,13.529249737913112,out
2025-01-05T03:42:00,12.862117427505087,out
2025-01-05T03:43:00,13.241303162185565,out
2025-01-05T03:44:00,11.982722828169912,out
2025-01-05T03:45:00,13.216142197401622,out
2025-01-05T03:46:00,12.938773850655362,out
2025-01-05T03:47:00,12.825140925930343,out
2025-01-05T03:48:00,13.104407390640988,out
2025-01-05T03:49:00,12.847903976261538,out
2025-01-05T03:50:00,12.210798706921969,out
2025-01-05T03:51:00,13.443266106692612,out
2025-01-05T03:52:00,13.185495601477832,out
2025-01-05T03:53:00,12.976536368074228,out
2025-01-05T03:54:00,12.72936683729557,out
2025-01-05T03:55:00,12.54152821759482,out
2025-01-05T03:56:00,13.232560887039893,out
2025-01-05T03:57:00,13.80181485309886,out
2025-01-05T03:58:00,13.251041553345571,out
2025-01-05T03:59:00,12.629908388789236,out
2025-01-05T04:00:00,13.286199113521986,out
2025-01-05T04:01:00,13.187855702036158,out
2025-01-05T04:02:00,13.567751626069088,out
2025-01-05T04:03:00,13.47766931340147,out
2025-01-05T04:04:00,12.053389229192407,out
2025-01-05T04:05:00,13.47845741601642,out
2025-01-05T04:06:00,12.871510912170152,out
2025-01-05T04:07:00,12.716652932652831,out
2025-01-05T04:08:00,13.222296193004135,out
2025-01-05T04:09:00,13.474314268390255,out
2025-01-05T04:10:00,12.665771154954593,out
2025-01-05T04:11:00,13.615933415737432,out
2025-01-05T04:12:00,13.651374684142842,out
2025-01-05T04:13:00,13.376664138986618,out
2025-01-05T04:14:00,13.022556717521327,out
2025-01-05T04:15:00,12.989485247520413,out
2025-01-05T04:16:00,13.803137130427086,out
2025-01-05T04:17:00,12.799700361337159,out
2025-01-05T04:18:00,13.841299890426832,out
2025-01-05T04:19:00,13.36065120907403,out
2025-01-05T04:20:00,13.399512922362756,out
2025-01-05T04:21:00,12.765623960785158,out
2025-01-05T04:22:00,13.401080973207817,out
2025-01-05T04:23:00,13.716006467867075,out
2025-01-05T04:24:00,12.946708710714809,out
2025-01-05T04:25:00,13.691323221617418,out
2025-01-05T04:26:00,13.537965347782352,out
2025-01-05T04:27:00,13.255245015360469,out
2025-01-05T04:28:00,13.864898355311158,out
2025-01-05T04:29:00,12.652303122431283,out
2025-01-05T04:30:00,13.6819494945652,out
2025-01-05T04:31:00,14.201017087334712,out
2025-01-05T04:32:00,14.139080383040987,out
2025-01-05T04:33:00,13.728780005446946,out
2025-01-05T04:34:00,13.461833097439804,out
2025-01-05T04:35:00,13.337726193077735,out
2025-01-05T04:36:00,13.48031224142095,out
2025-01-05T04:37:00,13.828334157283232,out
2025-01-05T04:38:00,13.297135613306619,out
2025-01-05T04:39:00,13.932117542755051,out
2025-01-05T04:40:00,14.491419931916775,out
2025-01-05T04:41:00,13.622302797487263,out
2025-01-05T04:42:00,13.118091025239746,out
2025-01-05T04:43:00,13.12663622383014,out
2025-01-05T04:44:00,13.983737674280531,out
2025-01-05T04:45:00,13.657682305386452,out
2025-01-05T04:46:00,14.040674289662812,out
2025-01-05T04:47:00,13.484741057547518,out
2025-01-05T04:48:00,14.038588516786852,out
2025-01-05T04:49:00,13.65105512847978,out
2025-01-05T04:50:00,13.42930008235978,out
2025-01-05T04:51:00,13.56972027522216,out
2025-01-05T04:52:00,13.259006793608915,out
2025-01-05T04:53:00,14.541171988261528,out
2025-01-05T04:54:00,13.714365683785761,out
2025-01-05T04:55:00,14.01810476178845,out
2025-01-05T04:56:00,13.552822522481588,out
2025-01-05T04:57:00,13.353960289929951,out
2025-01-05T04:58:00,13.68823051488456,out
2025-01-05T04:59:00,14.229200956324556,out
2025-01-05T05:00:00,13.587262241175095,out
2025-01-05T05:01:00,13.454062844391892,out
2025-01-05T05:02:00,13.871071540016299,out
2025-01-05T05:03:00,14.014994498527619,out
2025-01-05T05:04:00,14.478913625197249,out
2025-01-05T05:05:00,13.969552610228565,out
2025-01-05T05:06:00,14.091816593798553,out
2025-01-05T05:07:00,14.127985645530819,out
2025-01-05T05:08:00,13.385014235938357,out
2025-01-05T05:09:00,13.466721094863257,out
2025-01-05T05:10:00,13.424217526877339,out
2025-01-05T05:11:00,13.330528336499414,out
2025-01-05T05:12:00,14.187069554350996,out
2025-01-05T05:13:00,13.990292871573004,out
2025-01-05T05:14:00,13.911346652961555,out
2025-01-05T05:15:00,12.847625076258472,out
2025-01-05T05:16:00,14.71195384413343,out
2025-01-05T05:17:00,13.536993584691634,out
2025-01-05T05:18:00,14.72025454775931,out
2025-01-05T05:19:00,13.324547593617218,out
2025-01-05T05:20:00,13.58388605465063,out
2025-01-05T05:21:00,13.032196601344612,out
2025-01-05T05:22:00,14.062563599600466,out
2025-01-05T05:23:00,13.481475471036898,out
2025-01-05T05:24:00,13.496929981931483,out
2025-01-05T05:25:00,13.381163375936802,out
2025-01-05T05:26:00,14.245037205266645,out
2025-01-05T05:27:00,14.222493781545039,out
2025-01-05T05:28:00,14.666421968880934,out
2025-01-05T05:29:00,13.670912735892104,out
2025-01-05T05:30:00,14.036196916661583,out
2025-01-05T05:31:00,13.436295619117507,out
2025-01-05T05:32:00,13.821261300753804,out
2025-01-05T05:33:00,13.750872616417086,out
2025-01-05T05:34:00,14.147211117057692,out
2025-01-05T05:35:00,14.371146751901193,out
2025-01-05T05:36:00,14.36355804854224,out
2025-01-05T05:37:00,13.632686200618423,out
2025-01-05T05:38:00,14.371764352052272,out
2025-01-05T05:39:00,13.95719551060485,out
2025-01-05T05:40:00,13.847329430191666,out
2025-01-05T05:41:00,13.695988420259,out
2025-01-05T05:42:00,13.757529684654148,out
2025-01-05T05:43:00,14.680426649075407,out
2025-01-05T05:44:00,14.108348608156554,out
2025-01-05T05:45:00,14.056998278432102,out
2025-01-05T05:46:00,13.883910047116423,out
2025-01-05T05:47:00,14.968741467919303,out
2025-01-05T05:48:00,14.51378140406601,out
2025-01-05T05:49:00,13.704665472990188,out
2025-01-05T05:50:00,13.884843307609296,out
2025-01-05T05:51:00,13.909676400095972,out
2025-01-05T05:52:00,14.054693753427614,out
2025-01-05T05:53:00,13.716711147967704,out
2025-01-05T05:54:00,14.173470559198023,out
2025-01-05T05:55:00,14.579407415295181,out
2025-01-05T05:56:00,13.473634927336683,out
2025-01-05T05:57:00,13.548227270607214,out
2025-01-05T05:58:00,13.806508116266105,out
2025-01-05T05:59:00,13.825224660281275,out
2025-01-05T06:00:00,14.799386349898372,out
2025-01-05T06:01:00,14.400626572330342,out
2025-01-05T06:02:00,14.377500479232333,out
2025-01-05T06:03:00,13.89373968803868,out
2025-01-05T06:04:00,13.884560808223622,out
2025-01-05T06:05:00,13.417889996973296,out
2025-01-05T06:06:00,14.310640041072471,out
2025-01-05T06:07:00,14.193623386943793,out
2025-01-05T06:08:00,14.510743907985887,out
2025-01-05T06:09:00,13.911042332101871,out
2025-01-05T06:10:00,13.937577671010986,out
2025-01-05T06:11:00,14.061108530333959,out
2025-01-05T06:12:00,14.348536238730283,out
2025-01-05T06:13:00,13.402263774505101,out
2025-01-05T06:14:00,14.283231244026553,out
2025-01-05T06:15:00,13.978955314562489,out
2025-01-05T06:16:00,13.561929394377467,out
2025-01-05T06:17:00,13.149658809535289,out
2025-01-05T06:18:00,13.926914517647427,out
2025-01-05T06:19:00,14.558478208296199,out
2025-01-05T06:20:00,14.64704205524703,out
2025-01-05T06:21:00,14.116980049716009,out
2025-01-05T06:22:00,14.757179455739973,out
2025-01-05T06:23:00,13.952634676322774,out
2025-01-05T06:24:00,14.348452792866755,out
2025-01-05T06:25:00,13.783845673771348,out
2025-01-05T06:26:00,13.755591598345866,out
2025-01-05T06:27:00,13.687407094977305,out
2025-01-05T06:28:00,13.131065330998206,out
2025-01-05T06:29:00,14.466866602057056,out
2025-01-05T06:30:00,13.692016192587657,out
2025-01-05T06:31:00,13.624619872419217,out
2025-01-05T06:32:00,13.469619739804353,out
2025-01-05T06:33:00,13.856164546303509,out
2025-01-05T06:34:00,14.639492104395401,out
2025-01-05T06:35:00,14.767680603135654,out
2025-01-05T06:36:00,13.261783293249994,out
2025-01-05T06:37:00,13.78019900097088,out
2025-01-05T06:38:00,13.50397050118591,out
2025-01-05T06:39:00,14.308671450833074,out
2025-01-05T06:40:00,14.023483936990822,out
2025-01-05T06:41:00,13.649616454925813,out
2025-01-05T06:42:00,13.928558677620137,out
2025-01-05T06:43:00,13.703734937789976,out
2025-01-05T06:44:00,14.535461538435943,out
2025-01-05T06:45:00,14.103495488425798,out
2025-01-05T06:46:00,14.147477596091557,out
2025-01-05T06:47:00,12.807505843694347,out
2025-01-05T06:48:00,13.842170132871312,out
2025-01-05T06:49:00,14.696671022399688,out
2025-01-05T06:50:00,14.388227670734274,out
2025-01-05T06:51:00,13.113218088682956,out
2025-01-05T06:52:00,13.720850055637978,out
2025-01-05T06:53:00,13.359667764395205,out
2025-01-05T06:54:00,14.51866014653121,out
2025-01-05T06:55:00,13.925763731789932,out
2025-01-05T06:56:00,13.514656133763404,out
2025-01-05T06:57:00,13.829048635656846,out
2025-01-05T06:58:00,12.765939630641258,out
2025-01-05T06:59:00,13.368291112101032,out
2025-01-05T07:00:00,13.810132448064936,out
2025-01-05T07:01:00,14.12699409035421,out
2025-01-05T07:02:00,13.005257071012803,out
2025-01-05T07:03:00,13.622269295640917,out
2025-01-05T07:04:00,14.171444471037447,out
2025-01-05T07:05:00,13.179717796566266,out
2025-01-05T07:06:00,13.84459154312283,out
2025-01-05T07:07:00,13.77181796607129,out
2025-01-05T07:08:00,14.423580663920854,out
2025-01-05T07:09:00,13.63806518949847,out
2025-01-05T07:10:00,13.653661465139336,out
2025-01-05T07:11:00,14.056358699125548,out
2025-01-05T07:12:00,13.175799630551186,out
2025-01-05T07:13:00,13.609841474590919,out
2025-01-05T07:14:00,13.50765192690099,out
2025-01-05T07:15:00,13.6260160518886,out
2025-01-05T07:16:00,14.01247403318104,out
2025-01-05T07:17:00,13.886198716389579,out
2025-01-05T07:18:00,13.356376023141602,out
2025-01-05T07:19:00,13.70173577286911,out
2025-01-05T07:20:00,14.234332370355666,out
2025-01-05T07:21:00,13.296601736015987,out
2025-01-05T07:22:00,13.678099847649195,out
2025-01-05T07:23:00,13.533546987340621,out
2025-01-05T07:24:00,13.5762805526485,out
2025-01-05T07:25:00,12.93978416679703,out
2025-01-05T07:26:00,14.146810549617035,out
2025-01-05T07:27:00,13.263116556876277,out
2025-01-05T07:28:00,13.973531915462141,out
2025-01-05T07:29:00,13.304692380886395,out
2025-01-05T07:30:00,13.293075334309417,out
2025-01-05T07:31:00,14.018455130208897,out
2025-01-05T07:32:00,13.92058296210582,out
2025-01-05T07:33:00,13.596213620478988,out
2025-01-05T07:34:00,13.806820666233275,out
2025-01-05T07:35:00,13.376447762614125,out
2025-01-05T07:36:00,13.47792569476805,out
2025-01-05T07:37:00,13.205922504477003,out
2025-01-05T07:38:00,13.82139360497937,out
2025-01-05T07:39:00,13.171493710483553,out
2025-01-05T07:40:00,14.031909260195045,out
2025-01-05T07:41:00,13.30039720539828,out
2025-01-05T07:42:00,13.423715131705697,out
2025-01-05T07:43:00,13.70768064419726,out
2025-01-05T07:44:00,13.402310046270843,out
2025-01-05T07:45:00,13.26207312348201,out
2025-01-05T07:46:00,13.357596790488767,out
2025-01-05T07:47:00,13.715401001889857,out
2025-01-05T07:48:00,13.080898256275525,out
2025-01-05T07:49:00,13.28360804600512,out
2025-01-05T07:50:00,13.326179690004327,out
2025-01-05T07:51:00,13.655759902989319,out
2025-01-05T07:52:00,13.257747407604992,out
2025-01-05T07:53:00,14.008664067029805,out
2025-01-05T07:54:00,13.210287244885755,out
2025-01-05T07:55:00,13.165287078882944,out
2025-01-05T07:56:00,13.179305394189289,out
2025-01-05T07:57:00,12.708319470973583,out
2025-01-05T07:58:00,12.807443436935927,out
2025-01-05T07:59:00,12.996926131039217,out
2025-01-05T08:00:00,13.650484362246685,out
2025-01-05T08:01:00,13.169762607481578,out
2025-01-05T08:02:00,12.975917286802877,out
2025-01-05T08:03:00,13.647052367251359,out
2025-01-05T08:04:00,13.763474657369581,out
2025-01-05T08:05:00,13.631624208400785,out
2025-01-05T08:06:00,12.77460498723049,out
2025-01-05T08:07:00,12.904013901895924,out
2025-01-05T08:08:00,13.813783005064451,out
2025-01-05T08:09:00,13.170822807023853,out
2025-01-05T08:10:00,12.953297848918886,out
2025-01-05T08:11:00,13.33357326231869,out
2025-01-05T08:12:00,13.434943034615799,out
2025-01-05T08:13:00,12.789137106715259,out
2025-01-05T08:14:00,13.091090915850987,out
2025-01-05T08:15:00,13.3594417015021,out
2025-01-05T08:16:00,12.51011057694631,out
2025-01-05T08:17:00,12.964476677733588,out
2025-01-05T08:18:00,12.499001270511817,out
2025-01-05T08:19:00,12.536449428882264,out
2025-01-05T08:20:00,12.689672234741835,out
2025-01-05T08:21:00,13.090697146121865,out
2025-01-05T08:22:00,12.755884058682662,out
2025-01-05T08:23:00,12.610076641802712,out
2025-01-05T08:24:00,12.874723791579678,out
2025-01-05T08:25:00,12.37988253429833,out
2025-01-05T08:26:00,12.994662450836874,out
2025-01-05T08:27:00,13.260077580929693,out
2025-01-05T08:28:00,12.760131443888554,out
2025-01-05T08:29:00,12.694952417887649,out
2025-01-05T08:30:00,12.909496183033648,out
2025-01-05T08:31:00,11.932749674930449,out
2025-01-05T08:32:00,12.942791504279485,out
2025-01-05T08:33:00,13.952655906782418,out
2025-01-05T08:34:00,12.646578452668596,out
2025-01-05T08:35:00,12.631656885070772,out
2025-01-05T08:36:00,12.960318568781707,out
2025-01-05T08:37:00,13.304488931772305,out
2025-01-05T08:38:00,13.019734638099978,out
2025-01-05T08:39:00,11.75080824100734,out
2025-01-05T08:40:00,12.821626193778968,out
2025-01-05T08:41:00,13.608166876791856,out
2025-01-05T08:42:00,12.81141221230398,out
2025-01-05T08:43:00,12.083549140995604,out
2025-01-05T08:44:00,12.640989331104082,out
2025-01-05T08:45:00,11.998763944337439,out
2025-01-05T08:46:00,12.986855800441555,out
2025-01-05T08:47:00,12.093991215159038,out
2025-01-05T08:48:00,12.488566406741183,out
2025-01-05T08:49:00,12.09819676412426,out
2025-01-05T08:50:00,12.205084797841552,out
2025-01-05T08:51:00,13.000395314958313,out
2025-01-05T08:52:00,12.4295050756725,out
2025-01-05T08:53:00,12.146544829804125,out
2025-01-05T08:54:00,11.894155037719045,out
2025-01-05T08:55:00,11.585503177798765,out
2025-01-05T08:56:00,11.815526548622834,out
2025-01-05T08:57:00,12.342595357125678,out
2025-01-05T08:58:00,12.671596202414168,out
2025-01-05T08:59:00,12.036971656770843,out
2025-01-05T09:00:00,12.870858127406901,out
2025-01-05T09:01:00,11.937088177844524,out
2025-01-05T09:02:00,12.110250896647155,out
2025-01-05T09:03:00,11.754912070915179,out
2025-01-05T09:04:00,12.56425491658114,out
2025-01-05T09:05:00,12.988082580311454,out
2025-01-05T09:06:00,11.425400669788052,out
2025-01-05T09:07:00,11.972633114504282,out
2025-01-05T09:08:00,12.597902099195009,out
2025-01-05T09:09:00,11.49402626462741,out
2025-01-05T09:10:00,12.280214808482409,out
2025-01-05T09:11:00,12.522789724691048,out
2025-01-05T09:12:00,12.04607516389589,out
2025-01-05T09:13:00,12.215395224381062,out
2025-01-05T09:14:00,12.68008124374547,out
2025-01-05T09:15:00,12.73544551224087,out
2025-01-05T09:16:00,11.911567288729263,out
2025-01-05T09:17:00,11.70360737505665,out
2025-01-05T09:18:00,11.52869624555163,out
2025-01-05T09:19:00,12.267529538029272,out
2025-01-05T09:20:00,11.30801543500285,out
2025-01-05T09:21:00,11.735604396687043,out
2025-01-05T09:22:00,11.857545230048382,out
2025-01-05T09:23:00,11.595030966287604,out
2025-01-05T09:24:00,11.88785045230668,out
2025-01-05T09:25:00,12.781346160421462,out
2025-01-05T09:26:00,11.686448383687102,out
2025-01-05T09:27:00,11.540401444888063,out
2025-01-05T09:28:00,12.100101581706703,out
2025-01-05T09:29:00,11.769137137864913,out
2025-01-05T09:30:00,12.22830288253688,out
2025-01-05T09:31:00,11.697638976185257,out
2025-01-05T09:32:00,11.511520855723877,out
2025-01-05T09:33:00,10.876457648186147,out
2025-01-05T09:34:00,10.921042842983363,out
2025-01-05T09:35:00,10.813578414010662,out
2025-01-05T09:36:00,11.67844718026854,out
2025-01-05T09:37:00,10.960598201877625,out
2025-01-05T09:38:00,11.98644868063339,out
2025-01-05T09:39:00,11.474969766165799,out
2025-01-05T09:40:00,11.34378385046562,out
2025-01-05T09:41:00,11.08243854549609,out
2025-01-05T09:42:00,11.647340920857085,out
2025-01-05T09:43:00,11.055030438353448,out
2025-01-05T09:44:00,10.961006219196545,out
2025-01-05T09:45:00,11.808761366359764,out
2025-01-05T09:46:00,11.453470376182366,out
2025-01-05T09:47:00,11.19578760582018,out
2025-01-05T09:48:00,11.524407403983654,out
2025-01-05T09:49:00,11.249419577452244,out
2025-01-05T09:50:00,11.377002910261632,out
2025-01-05T09:51:00,10.8749479345435,out
2025-01-05T09:52:00,12.00767502896349,out
2025-01-05T09:53:00,10.925435554840734,out
2025-01-05T09:54:00,11.757397919075686,out
2025-01-05T09:55:00,11.037092009241338,out
2025-01-05T09:56:00,11.413067295722326,out
2025-01-05T09:57:00,11.361447916072777,out
2025-01-05T09:58:00,11.503970879824251,out
2025-01-05T09:59:00,10.686394379407506,out
2025-01-05T10:00:00,11.430254160511549,out
2025-01-05T10:01:00,11.715874962415825,out
2025-01-05T10:02:00,10.851064168924074,out
2025-01-05T10:03:00,10.94560987583859,out
2025-01-05T10:04:00,10.699479064485969,out
2025-01-05T10:05:00,10.747358112642292,out
2025-01-05T10:06:00,11.547521681130648,out
2025-01-05T10:07:00,10.438224192656994,out
2025-01-05T10:08:00,10.43998184797505,out
2025-01-05T10:09:00,11.43804749651643,out
2025-01-05T10:10:00,11.020311049765557,out
2025-01-05T10:11:00,11.595391590318755,out
2025-01-05T10:12:00,10.543767543306942,out
2025-01-05T10:13:00,10.751103101119654,out
2025-01-05T10:14:00,10.412916101150143,out
2025-01-05T10:15:00,10.711052608773096,out
2025-01-05T10:16:00,9.92058820182075,out
2025-01-05T10:17:00,10.88065336708851,out
2025-01-05T10:18:00,10.712456214246705,out
2025-01-05T10:19:00,10.5363905744224,out
2025-01-05T10:20:00,10.379563840604344,out
2025-01-05T10:21:00,10.154056830277337,out
2025-01-05T10:22:00,10.779244620750545,out
2025-01-05T10:23:00,9.995877121399504,out
2025-01-05T10:24:00,10.645178223274499,out
2025-01-05T10:25:00,11.246260697076222,out
2025-01-05T10:26:00,10.986703009009208,out
2025-01-05T10:27:00,9.76641196123735,out
2025-01-05T10:28:00,10.129691546798327,out
2025-01-05T10:29:00,10.488846066043061,out
2025-01-05T10:30:00,10.267987825384798,out
2025-01-05T10:31:00,9.712129416801643,out
2025-01-05T10:32:00,10.40176594108488,out
2025-01-05T10:33:00,10.219337867012506,out
2025-01-05T10:34:00,10.964737523787301,out
2025-01-05T10:35:00,10.073336748655233,out
2025-01-05T10:36:00,10.617409051402456,out
2025-01-05T10:37:00,9.618910866734318,out
2025-01-05T10:38:00,9.690040568398212,out
2025-01-05T10:39:00,10.365367126388762,out
2025-01-05T10:40:00,10.485613172196965,out
2025-01-05T10:41:00,9.644543217590206,out
2025-01-05T10:42:00,10.012472117996207,out
2025-01-05T10:43:00,9.425512202165105,out
2025-01-05T10:44:00,9.880920996220759,out
2025-01-05T10:45:00,10.263405906068627,out
2025-01-05T10:46:00,9.729844538776097,out
2025-01-05T10:47:00,9.779368956524975,out
2025-01-05T10:48:00,9.40218380693128,out
2025-01-05T10:49:00,9.569842428718108,out
2025-01-05T10:50:00,10.507479163511384,out
2025-01-05T10:51:00,9.808419406540285,out
2025-01-05T10:52:00,9.353307121676185,out
2025-01-05T10:53:00,9.603268828837336,out
2025-01-05T10:54:00,9.065121019756926,out
2025-01-05T10:55:00,9.27331020732988,out
2025-01-05T10:56:00,10.197960030520584,out
2025-01-05T10:57:00,9.571649729435808,out
2025-01-05T10:58:00,10.359722326910026,out
2025-01-05T10:59:00,9.540048151349446,out
2025-01-05T11:00:00,9.538522792138542,out
2025-01-05T11:01:00,9.783969352650027,out
2025-01-05T11:02:00,8.433244991438897,out
2025-01-05T11:03:00,9.558895487635393,out
2025-01-05T11:04:00,9.431936778373625,out
2025-01-05T11:05:00,10.020530911363116,out
2025-01-05T11:06:00,9.786543940800893,out
2025-01-05T11:07:00,8.921725671315775,out
2025-01-05T11:08:00,9.84656177351423,out
2025-01-05T11:09:00,9.219258799896611,out
2025-01-05T11:10:00,8.936856393110197,out
2025-01-05T11:11:00,9.351907333287176,out
2025-01-05T11:12:00,9.166362402641042,out
2025-01-05T11:13:00,9.837236632452484,out
2025-01-05T11:14:00,9.332456417899675,out
2025-01-05T11:15:00,9.252805500451174,out
2025-01-05T11:16:00,9.505112805401444,out
2025-01-05T11:17:00,9.556292863289508,out
2025-01-05T11:18:00,9.406855190671818,out
2025-01-05T11:19:00,9.635446661969041,out
2025-01-05T11:20:00,9.285362031167104,out
2025-01-05T11:21:00,9.08315760898483,out
2025-01-05T11:22:00,9.485954459999297,out
2025-01-05T11:23:00,8.928096937590116,out
2025-01-05T11:24:00,8.951905396779262,out
2025-01-05T11:25:00,9.601371084058275,out
2025-01-05T11:26:00,9.535626117959762,out
2025-01-05T11:27:00,8.857685409177748,out
2025-01-05T11:28:00,8.653617974838165,out
2025-01-05T11:29:00,9.394374981725752,out
2025-01-05T11:30:00,9.103324496486406,out
2025-01-05T11:31:00,8.883426316493932,out
2025-01-05T11:32:00,8.602466976354911,out
2025-01-05T11:33:00,8.837903016232865,out
2025-01-05T11:34:00,8.670535898652377,out
2025-01-05T11:35:00,8.387465977282602,out
2025-01-05T11:36:00,8.678787711040826,out
2025-01-05T11:37:00,8.707297987928307,out
2025-01-05T11:38:00,8.424916488353254,out
2025-01-05T11:39:00,8.91053998742422,out
2025-01-05T11:40:00,9.038467413410363,out
2025-01-05T11:41:00,8.884808322535404,out
2025-01-05T11:42:00,8.360255220281482,out
2025-01-05T11:43:00,8.74697954284775,out
2025-01-05T11:44:00,8.44972340144877,out
2025-01-05T11:45:00,7.898120383954498,out
2025-01-05T11:46:00,8.635382988608256,out
2025-01-05T11:47:00,8.398609381763057,out
2025-01-05T11:48:00,9.351434938285394,out
2025-01-05T11:49:00,8.870777116439491,out
2025-01-05T11:50:00,8.546176386965827,out
2025-01-05T11:51:00,8.335227095069701,out
2025-01-05T11:52:00,8.274885882238227,out
2025-01-05T11:53:00,7.781755317805704,out
2025-01-05T11:54:00,7.461466798967282,out
2025-01-05T11:55:00,7.7818656665747445,out
2025-01-05T11:56:00,8.085627631355528,out
2025-01-05T11:57:00,7.236321862144491,out
2025-01-05T11:58:00,7.834630496081158,out
2025-01-05T11:59:00,7.92713464245872,out
2025-01-05T12:00:00,7.913829378605824,out
2025-01-05T12:01:00,7.709130705016266,out
2025-01-05T12:02:00,7.811035261257196,out
2025-01-05T12:03:00,8.611019957821496,out
2025-01-05T12:04:00,8.160143673972554,out
2025-01-05T12:05:00,7.644990379033382,out
2025-01-05T12:06:00,7.815599194807981,out
2025-01-05T12:07:00,7.805443586480159,out
2025-01-05T12:08:00,7.483420846288953,out
2025-01-05T12:09:00,7.456789018348062,out
2025-01-05T12:10:00,8.14249328393868,out
2025-01-05T12:11:00,7.544217477865218,out
2025-01-05T12:12:00,7.2481057077299935,out
2025-01-05T12:13:00,7.642587136991959,out
2025-01-05T12:14:00,7.680912664042528,out
2025-01-05T12:15:00,6.818499534941623,out
2025-01-05T12:16:00,7.565162614408382,out
2025-01-05T12:17:00,7.9025410325669165,out
2025-01-05T12:18:00,7.709737179841668,out
2025-01-05T12:19:00,8.395068801004763,out
2025-01-05T12:20:00,7.97750933643894,out
2025-01-05T12:21:00,8.030563897919942,out
2025-01-05T12:22:00,8.544959859244397,out
2025-01-05T12:23:00,7.702134135037388,out
2025-01-05T12:24:00,7.438057303567162,out
2025-01-05T12:25:00,7.736294868260744,out
2025-01-05T12:26:00,7.097086144034579,out
2025-01-05T12:27:00,7.337850143050975,out
2025-01-05T12:28:00,7.0096928823377995,out
2025-01-05T12:29:00,7.40200000821018,out
2025-01-05T12:30:00,6.9560792114717644,out
2025-01-05T12:31:00,6.9161230184129945,out
2025-01-05T12:32:00,7.330350711481825,out
2025-01-05T12:33:00,7.083959691740709,out
2025-01-05T12:34:00,6.342135078935646,out
2025-01-05T12:35:00,6.505036914335669,out
2025-01-05T12:36:00,6.602486613174031,out
2025-01-05T12:37:00,6.6823558439314725,out
2025-01-05T12:38:00,7.1754836966274045,out
2025-01-05T12:39:00,7.071478515734518,out
2025-01-05T12:40:00,7.384222682678105,out
2025-01-05T12:41:00,7.233459456333661,out
2025-01-05T12:42:00,7.335348029520179,out
2025-01-05T12:43:00,7.124214260531259,out
2025-01-05T12:44:00,6.9390177513773414,out
2025-01-05T12:45:00,7.269198764818303,out
2025-01-05T12:46:00,7.171557510192864,out
2025-01-05T12:47:00,6.928587640180535,out
2025-01-05T12:48:00,7.260958603437501,out
2025-01-05T12:49:00,5.78861867005998,out
2025-01-05T12:50:00,6.585177046715216,out
2025-01-05T12:51:00,6.55349920361031,out
2025-01-05T12:52:00,7.111366824929444,out
2025-01-05T12:53:00,7.253355653245825,out
2025-01-05T12:54:00,6.019256068780461,out
2025-01-05T12:55:00,7.138351515702688,out
2025-01-05T12:56:00,6.079890551991498,out
2025-01-05T12:57:00,6.066594143601721,out
2025-01-05T12:58:00,6.404005694742412,out
2025-01-05T12:59:00,6.345105721913802,out
2025-01-05T13:00:00,5.8237188174981425,out
2025-01-05T13:01:00,6.681763902649193,out
2025-01-05T13:02:00,6.668330713421112,out
2025-01-05T13:03:00,6.79297393927503,out
2025-01-05T13:04:00,6.172793733186863,out
2025-01-05T13:05:00,6.305192829825069,out
2025-01-05T13:06:00,6.283737065815425,out
2025-01-05T13:07:00,6.946020567782864,out
2025-01-05T13:08:00,5.112071858610303,out
2025-01-05T13:09:00,5.83797281055094,out
2025-01-05T13:10:00,6.197981540091083,out
2025-01-05T13:11:00,5.7365861118657335,out
2025-01-05T13:12:00,6.042569890841885,out
2025-01-05T13:13:00,6.070586946549552,out
2025-01-05T13:14:00,5.833097618052469,out
2025-01-05T13:15:00,6.0971507786221055,out
2025-01-05T13:16:00,6.297850784360187,out
2025-01-05T13:17:00,5.927349550410875,out
2025-01-05T13:18:00,5.815880951009896,out
2025-01-05T13:19:00,5.906193725318501,out
2025-01-05T13:20:00,5.944904601387761,out
2025-01-05T13:21:00,5.2271698314012776,out
2025-01-05T13:22:00,6.083377279627709,out
2025-01-05T13:23:00,5.693853280235006,out
2025-01-05T13:24:00,6.354406332652633,out
2025-01-05T13:25:00,6.0617931605547914,out
2025-01-05T13:26:00,6.269019201342086,out
2025-01-05T13:27:00,5.372253857455023,out
2025-01-05T13:28:00,5.603805783029558,out
2025-01-05T13:29:00,5.231124900902455,out
2025-01-05T13:30:00,5.4218229222377445,out
2025-01-05T13:31:00,6.180576399982523,out
2025-01-05T13:32:00,6.250609460233362,out
2025-01-05T13:33:00,5.1722835437726165,out
2025-01-05T13:34:00,5.42419451912161,out
2025-01-05T13:35:00,5.553041592038014,out
2025-01-05T13:36:00,5.793822398269124,out
2025-01-05T13:37:00,4.831762778904549,out
2025-01-05T13:38:00,4.870640511451196,out
2025-01-05T13:39:00,5.683892032324394,out
2025-01-05T13:40:00,4.684675001988633,out
2025-01-05T13:41:00,5.261868598135717,out
2025-01-05T13:42:00,5.481770142573777,out
2025-01-05T13:43:00,5.559594843546753,out
2025-01-05T13:44:00,5.313085881048007,out
2025-01-05T13:45:00,5.1999651710669825,out
2025-01-05T13:46:00,5.660641465227757,out
2025-01-05T13:47:00,5.413491724321707,out
2025-01-05T13:48:00,5.017250352782146,out
2025-01-05T13:49:00,5.267845667971162,out
2025-01-05T13:50:00,5.382775929652278,out
2025-01-05T13:51:00,5.893607774629885,out
2025-01-05T13:52:00,5.497700090601304,out
2025-01-05T13:53:00,5.64590473927253,out
2025-01-05T13:54:00,4.892804479922507,out
2025-01-05T13:55:00,4.90439422398168,out
2025-01-05T13:56:00,4.996990281396785,out
2025-01-05T13:57:00,5.010843492363005,out
2025-01-05T13:58:00,4.642248656258056,out
2025-01-05T13:59:00,5.52907442857149,out
2025-01-05T14:00:00,5.353340655103525,out
2025-01-05T14:01:00,4.855084993206245,out
2025-01-05T14:02:00,5.211454081841318,out
2025-01-05T14:03:00,5.021401148739223,out
2025-01-05T14:04:00,5.19770274291224,out
2025-01-05T14:05:00,4.349637601626631,out
2025-01-05T14:06:00,4.806744182425342,out
2025-01-05T14:07:00,4.81950104692647,out
2025-01-05T14:08:00,5.069941254445433,out
2025-01-05T14:09:00,4.546937864033495,out
2025-01-05T14:10:00,3.7762300602861125,out
2025-01-05T14:11:00,4.321473284718878,out
2025-01-05T14:12:00,4.707746595625482,out
2025-01-05T14:13:00,4.735794313081854,out
2025-01-05T14:14:00,5.361877337177646,out
2025-01-05T14:15:00,4.899677178145642,out
2025-01-05T14:16:00,4.677454690868127,out
2025-01-05T14:17:00,4.610213923117023,out
2025-01-05T14:18:00,5.043235931318886,out
2025-01-05T14:19:00,4.34397524355921,out
2025-01-05T14:20:00,4.502427866797484,out
2025-01-05T14:21:00,4.101425611721292,out
2025-01-05T14:22:00,5.083344685212494,out
2025-01-05T14:23:00,4.651501580976047,out
2025-01-05T14:24:00,4.190279167843588,out
2025-01-05T14:25:00,4.406360105691185,out
2025-01-05T14:26:00,4.634923584774463,out
2025-01-05T14:27:00,4.309764831487149,out
2025-01-05T14:28:00,4.175321612402681,out
2025-01-05T14:29:00,4.106526597348909,out
2025-01-05T14:30:00,4.483016185644127,out
2025-01-05T14:31:00,4.183474608109033,out
2025-01-05T14:32:00,4.124528054140968,out
2025-01-05T14:33:00,3.751011602118847,out
2025-01-05T14:34:00,4.29596841078516,out
2025-01-05T14:35:00,4.1719697913788885,out
2025-01-05T14:36:00,4.095418314244193,out
2025-01-05T14:37:00,4.2832762996203915,out
2025-01-05T14:38:00,4.482731583427791,out
2025-01-05T14:39:00,4.44399217689269,out
2025-01-05T14:40:00,4.364365742240678,out
2025-01-05T14:41:00,4.026988010687934,out
2025-01-05T14:42:00,3.8765123756424043,out
2025-01-05T14:43:00,3.6658752286946905,out
2025-01-05T14:44:00,3.826383223121737,out
2025-01-05T14:45:00,4.0517851474542255,out
2025-01-05T14:46:00,3.70976526204459,out
2025-01-05T14:47:00,4.043132859641976,out
2025-01-05T14:48:00,3.5990336906821074,out
2025-01-05T14:49:00,3.3014023997891826,out
2025-01-05T14:50:00,4.274221202651969,out
2025-01-05T14:51:00,3.7374296886560217,out
2025-01-05T14:52:00,3.57319637833546,out
2025-01-05T14:53:00,3.451363201522874,out
2025-01-05T14:54:00,4.039086935729638,out
2025-01-05T14:55:00,4.400884749893585,out
2025-01-05T14:56:00,3.670820232843571,out
2025-01-05T14:57:00,3.727031891084896,out
2025-01-05T14:58:00,4.22319715015653,out
2025-01-05T14:59:00,3.0517333715208688,out
2025-01-05T15:00:00,4.544106770045783,out
2025-01-05T15:01:00,4.716527867190848,out
2025-01-05T15:02:00,2.6379622933068885,out
2025-01-05T15:03:00,3.6631870478853794,out
2025-01-05T15:04:00,3.3963823852202735,out
2025-01-05T15:05:00,3.559907519279576,out
2025-01-05T15:06:00,3.4803997460799057,out
2025-01-05T15:07:00,3.9544778200973543,out
2025-01-05T15:08:00,3.566849827497791,out
2025-01-05T15:09:00,3.2297020577059117,out
2025-01-05T15:10:00,3.507461914621211,out
2025-01-05T15:11:00,3.764604929863974,out
2025-01-05T15:12:00,3.0676425160295215,out
2025-01-05T15:13:00,2.8651622740418228,out
2025-01-05T15:14:00,4.303362795600124,out
2025-01-05T15:15:00,3.231990483242768,out
2025-01-05T15:16:00,3.416801323895563,out
2025-01-05T15:17:00,3.295491931365475,out
2025-01-05T15:18:00,3.6567992880326705,out
2025-01-05T15:19:00,4.129721150541254,out
2025-01-05T15:20:00,3.6357068779778534,out
2025-01-05T15:21:00,2.7796029485432525,out
2025-01-05T15:22:00,2.8166031288702715,out
2025-01-05T15:23:00,3.194058225376121,out
2025-01-05T15:24:00,3.2298309514448804,out
2025-01-05T15:25:00,2.631912593624079,out
2025-01-05T15:26:00,3.6320874269553,out
2025-01-05T15:27:00,2.853570191562944,out
2025-01-05T15:28:00,3.869256103209973,out
2025-01-05T15:29:00,3.984115596419228,out
2025-01-05T15:30:00,3.140578545199729,out
2025-01-05T15:31:00,3.3995770409595503,out
2025-01-05T15:32:00,2.7154080508825684,out
2025-01-05T15:33:00,3.4419476544452863,out
2025-01-05T15:34:00,2.9775818669229506,out
2025-01-05T15:35:00,2.7264382457597636,out
2025-01-05T15:36:00,3.0301640384491324,out
2025-01-05T15:37:00,2.9442569048477885,out
2025-01-05T15:38:00,2.9852431286605885,out
2025-01-05T15:39:00,3.480022630156473,out
2025-01-05T15:40:00,2.770964697211757,out
2025-01-05T15:41:00,3.7641275722565686,out
2025-01-05T15:42:00,2.5252190151377736,out
2025-01-05T15:43:00,3.686633614508313,out
2025-01-05T15:44:00,2.619170315907077,out
2025-01-05T15:45:00,3.0107770331700863,out
2025-01-05T15:46:00,2.8006066222057844,out
2025-01-05T15:47:00,2.844791596298311,out
2025-01-05T15:48:00,3.288519486869684,out
2025-01-05T15:49:00,3.553696641105176,out
2025-01-05T15:50:00,3.415861207104947,out
2025-01-05T15:51:00,2.763690536839424,out
2025-01-05T15:52:00,2.9854135120232663,out
2025-01-05T15:53:00,2.5850555005592875,out
2025-01-05T15:54:00,2.487538888845576,out
2025-01-05T15:55:00,2.412008413670859,out
2025-01-05T15:56:00,2.6819668729936783,out
2025-01-05T15:57:00,2.9434037833972626,out
2025-01-05T15:58:00,2.065498973450244,out
2025-01-05T15:59:00,2.7984454877413283,out
2025-01-05T16:00:00,3.410257627113185,out
2025-01-05T16:01:00,3.239571540694802,out
2025-01-05T16:02:00,2.5437921937499386,out
2025-01-05T16:03:00,2.206274793850105,out
2025-01-05T16:04:00,2.936213879749556,out
2025-01-05T16:05:00,1.8126681656719619,out
2025-01-05T16:06:00,3.171158970381285,out
2025-01-05T16:07:00,2.629220587614395,out
2025-01-05T16:08:00,3.434834571077401,out
2025-01-05T16:09:00,1.9992879809911637,out
2025-01-05T16:10:00,3.0451934910138125,out
2025-01-05T16:11:00,2.6256936163599094,out
2025-01-05T16:12:00,2.5215406422809665,out
2025-01-05T16:13:00,2.0941889534483233,out
2025-01-05T16:14:00,2.868692993072539,out
2025-01-05T16:15:00,2.8892185047146137,out
2025-01-05T16:16:00,3.3212868429913622,out
2025-01-05T16:17:00,2.9990306692087167,out
2025-01-05T16:18:00,2.346930162318547,out
2025-01-05T16:19:00,2.1717240938267888,out
2025-01-05T16:20:00,2.014756704371147,out
2025-01-05T16:21:00,3.1404306953053007,out
2025-01-05T16:22:00,2.228962661029602,out
2025-01-05T16:23:00,3.121519686125998,out
2025-01-05T16:24:00,2.7287560704892257,out
2025-01-05T16:25:00,2.6400922779209046,out
2025-01-05T16:26:00,2.3748922286651384,out
2025-01-05T16:27:00,2.7515219043075105,out
2025-01-05T16:28:00,2.4707825741506433,out
2025-01-05T16:29:00,2.3191088533897704,out
2025-01-05T16:30:00,2.7351247195915627,out
2025-01-05T16:31:00,2.3891681322061515,out
2025-01-05T16:32:00,2.1175629611037454,out
2025-01-05T16:33:00,2.6670733929527226,out
2025-01-05T16:34:00,2.391900329856432,out
2025-01-05T16:35:00,2.6035167890063353,out
2025-01-05T16:36:00,2.2169734976751183,out
2025-01-05T16:37:00,1.9055402200115497,out
2025-01-05T16:38:00,3.0739964495153247,out
2025-01-05T16:39:00,2.989496548770531,out
2025-01-05T16:40:00,2.715358259789339,out
2025-01-05T16:41:00,2.197819634312071,out
2025-01-05T16:42:00,2.224023864182503,out
2025-01-05T16:43:00,2.888396856001882,out
2025-01-05T16:44:00,2.185356531377134,out
2025-01-05T16:45:00,2.0653968084904526,out
2025-01-05T16:46:00,3.0589519390173896,out
2025-01-05T16:47:00,2.282734170143192,out
2025-01-05T16:48:00,3.001031033634619,out
2025-01-05T16:49:00,1.7262684378643298,out
2025-01-05T16:50:00,2.4849722486244388,out
2025-01-05T16:51:00,3.0983133729435317,out
2025-01-05T16:52:00,2.274071762085335,out
2025-01-05T16:53:00,2.148970038263998,out
2025-01-05T16:54:00,1.7799808237514756,out
2025-01-05T16:55:00,2.672638095458528,out
2025-01-05T16:56:00,1.9243785913138178,out
2025-01-05T16:57:00,2.187345157522125,out
2025-01-05T16:58:00,1.724416368831221,out
2025-01-05T16:59:00,2.834033897066097,out
2025-01-05T17:00:00,2.666399166555865,out
2025-01-05T17:01:00,2.1850904668310895,out
2025-01-05T17:02:00,1.729454583496587,out
2025-01-05T17:03:00,2.7989773614565308,out
2025-01-05T17:04:00,2.0318529515251647,out
2025-01-05T17:05:00,1.7298656447934255,out
2025-01-05T17:06:00,1.4609332726249233,out
2025-01-05T17:07:00,1.9013383964797994,out
2025-01-05T17:08:00,1.5719243622766164,out
2025-01-05T17:09:00,1.8988177423397965,out
2025-01-05T17:10:00,2.4399874507594883,out
2025-01-05T17:11:00,1.9864532956338343,out
2025-01-05T17:12:00,2.273391748442652,out
2025-01-05T17:13:00,1.8363933012796045,out
2025-01-05T17:14:00,2.146519398820718,out
2025-01-05T17:15:00,2.8836486464150286,out
2025-01-05T17:16:00,1.9708424681032597,out
2025-01-05T17:17:00,2.259069388694806,out
2025-01-05T17:18:00,1.4742596636288972,out
2025-01-05T17:19:00,2.7037982630890074,out
2025-01-05T17:20:00,1.9002708303488087,out
2025-01-05T17:21:00,2.506877105614136,out
2025-01-05T17:22:00,2.0330142724730504,out
2025-01-05T17:23:00,2.322653546646932,out
2025-01-05T17:24:00,2.3422749273135746,out
2025-01-05T17:25:00,1.8888548013883522,out
2025-01-05T17:26:00,2.502667394133242,out
2025-01-05T17:27:00,1.7584977334847407,out
2025-01-05T17:28:00,2.3695652755615964,out
2025-01-05T17:29:00,1.8987224980120945,out
2025-01-05T17:30:00,2.191154011209962,out
2025-01-05T17:31:00,1.8631731009800077,out
2025-01-05T17:32:00,2.0647134800347073,out
2025-01-05T17:33:00,1.6117117775937366,out
2025-01-05T17:34:00,2.137591659815994,out
2025-01-05T17:35:00,2.053337104649917,out
2025-01-05T17:36:00,1.8168072061613716,out
2025-01-05T17:37:00,2.0081777039384137,out
2025-01-05T17:38:00,2.0812246002640924,out
2025-01-05T17:39:00,1.778627613245986,out
2025-01-05T17:40:00,1.9713283811576594,out
2025-01-05T17:41:00,1.6183862086554632,out
2025-01-05T17:42:00,2.9567892131856364,out
2025-01-05T17:43:00,2.4401463534863606,out
2025-01-05T17:44:00,2.1238533406936755,out
2025-01-05T17:45:00,2.4816916315590576,out
2025-01-05T17:46:00,1.2194902187952867,out
2025-01-05T17:47:00,0.9865780815223053,out
2025-01-05T17:48:00,1.8485063667725952,out
2025-01-05T17:49:00,1.4554840236494528,out
2025-01-05T17:50:00,1.9110684607295225,out
2025-01-05T17:51:00,2.0868884387936224,out
2025-01-05T17:52:00,2.371820837221671,out
2025-01-05T17:53:00,1.5474928612696373,out
2025-01-05T17:54:00,2.161908324610686,out
2025-01-05T17:55:00,2.007183714781439,out
2025-01-05T17:56:00,2.139917553034887,out
2025-01-05T17:57:00,1.792605254254518,out
2025-01-05T17:58:00,2.55348251755982,out
2025-01-05T17:59:00,1.958653656303703,out
2025-01-05T18:00:00,2.7096728894015074,out
2025-01-05T18:01:00,1.683901654202704,out
2025-01-05T18:02:00,2.2973593975971935,out
2025-01-05T18:03:00,1.9766466423317466,out
2025-01-05T18:04:00,1.8698168623949465,out
2025-01-05T18:05:00,2.2543539737075635,out
2025-01-05T18:06:00,1.8823866584708204,out
2025-01-05T18:07:00,0.9380123201167905,out
2025-01-05T18:08:00,0.7785077886157026,out
2025-01-05T18:09:00,2.5135946466692816,out
2025-01-05T18:10:00,2.497814053660732,out
2025-01-05T18:11:00,2.7618460595926733,out
2025-01-05T18:12:00,2.001211492159685,out
2025-01-05T18:13:00,1.4925960558567501,out
2025-01-05T18:14:00,1.8433576724083975,out
2025-01-05T18:15:00,2.0174162667129036,out
2025-01-05T18:16:00,1.6118004087270106,out
2025-01-05T18:17:00,2.6759287785926316,out
2025-01-05T18:18:00,2.9142971494587253,out
2025-01-05T18:19:00,2.211919265305502,out
2025-01-05T18:20:00,2.0184863127702477,out
2025-01-05T18:21:00,1.5071836431622563,out
2025-01-05T18:22:00,2.646196368259348,out
2025-01-05T18:23:00,2.060711614834146,out
2025-01-05T18:24:00,1.917202868426113,out
2025-01-05T18:25:00,2.228131606135897,out
2025-01-05T18:26:00,1.8042842543447994,out
2025-01-05T18:27:00,2.100339327519169,out
2025-01-05T18:28:00,1.4677363498138043,out
2025-01-05T18:29:00,2.482805177622682,out
2025-01-05T18:30:00,2.0095664153028667,out
2025-01-05T18:31:00,2.51832495993231,out
2025-01-05T18:32:00,1.9779371164139297,out
2025-01-05T18:33:00,2.0076117955683874,out
2025-01-05T18:34:00,1.5809778485117134,out
2025-01-05T18:35:00,2.373733726400691,out
2025-01-05T18:36:00,1.723533974819935,out
2025-01-05T18:37:00,1.8834528513589162,out
2025-01-05T18:38:00,2.0827052652096256,out
2025-01-05T18:39:00,2.1351533191272765,out
2025-01-05T18:40:00,1.4087147058396448,out
2025-01-05T18:41:00,2.0034334679270454,out
2025-01-05T18:42:00,2.418562642073756,out
2025-01-05T18:43:00,1.9539623998373785,out
2025-01-05T18:44:00,2.020344197628687,out
2025-01-05T18:45:00,2.180250737917708,out
2025-01-05T18:46:00,2.0700675992562187,out
2025-01-05T18:47:00,1.713520964137452,out
2025-01-05T18:48:00,2.116575946130402,out
2025-01-05T18:49:00,2.5342426292262843,out
2025-01-05T18:50:00,1.7217535783735631,out
2025-01-05T18:51:00,1.9981533211545965,out
2025-01-05T18:52:00,1.6011270817145533,out
2025-01-05T18:53:00,2.536277229433445,out
2025-01-05T18:54:00,2.128837194878786,out
2025-01-05T18:55:00,1.831867727678085,out
2025-01-05T18:56:00,2.215131882401292,out
2025-01-05T18:57:00,1.703174455801288,out
2025-01-05T18:58:00,1.777715945147187,out
2025-01-05T18:59:00,1.613670954575626,out
2025-01-05T19:00:00,1.7777333472426282,out
2025-01-05T19:01:00,2.7542110906270434,out
2025-01-05T19:02:00,1.9249699482352227,out
2025-01-05T19:03:00,2.4117586303387024,out
2025-01-05T19:04:00,1.8979092563877145,out
2025-01-05T19:05:00,2.543514371989712,out
2025-01-05T19:06:00,1.8366487904183137,out
2025-01-05T19:07:00,2.270263006275815,out
2025-01-05T19:08:00,2.283311988169366,out
2025-01-05T19:09:00,3.2010024678275117,out
2025-01-05T19:10:00,2.5298684107027007,out
2025-01-05T19:11:00,2.048463596408617,out
2025-01-05T19:12:00,2.567680487689282,out
2025-01-05T19:13:00,3.1570750309828206,out
2025-01-05T19:14:00,1.6582036325690859,out
2025-01-05T19:15:00,1.98142640600187,out
2025-01-05T19:16:00,2.232129522758777,out
2025-01-05T19:17:00,2.168630586786511,out
2025-01-05T19:18:00,2.211048374114977,out
2025-01-05T19:19:00,1.8312510022244786,out
2025-01-05T19:20:00,2.9234266967045484,out
2025-01-05T19:21:00,1.8018085450744423,out
2025-01-05T19:22:00,2.2998817406606107,out
2025-01-05T19:23:00,2.807520978588206,out
2025-01-05T19:24:00,2.3864434981584464,out
2025-01-05T19:25:00,2.016195117542101,out
2025-01-05T19:26:00,1.8780243295582628,out
2025-01-05T19:27:00,2.335143004357336,out
2025-01-05T19:28:00,2.1340850462590852,out
2025-01-05T19:29:00,2.5288494125757897,out
2025-01-05T19:30:00,1.8961423458426054,out
2025-01-05T19:31:00,2.792008464732337,out
2025-01-05T19:32:00,2.5231906885511366,out
2025-01-05T19:33:00,2.563187296847595,out
2025-01-05T19:34:00,3.074070264985258,out
2025-01-05T19:35:00,2.3330129259345678,out
2025-01-05T19:36:00,2.2284005762511043,out
2025-01-05T19:37:00,2.3103222871987192,out
2025-01-05T19:38:00,2.46322174693143,out
2025-01-05T19:39:00,2.514754999132975,out
2025-01-05T19:40:00,2.229874183139387,out
2025-01-05T19:41:00,1.764035026060566,out
2025-01-05T19:42:00,2.3601166935492195,out
2025-01-05T19:43:00,2.739740830579221,out
2025-01-05T19:44:00,2.6617390447063882,out
2025-01-05T19:45:00,3.0985853387341953,out
2025-01-05T19:46:00,3.412588447973361,out
2025-01-05T19:47:00,2.945859848116563,out
2025-01-05T19:48:00,3.2069691118330828,out
2025-01-05T19:49:00,2.972606867990821,out
2025-01-05T19:50:00,3.361894703301616,out
2025-01-05T19:51:00,3.430415628938251,out
2025-01-05T19:52:00,3.0827805111580053,out
2025-01-05T19:53:00,2.9972076293375185,out
2025-01-05T19:54:00,2.6450044552532606,out
2025-01-05T19:55:00,2.7231045533693803,out
2025-01-05T19:56:00,2.617146824623513,out
2025-01-05T19:57:00,3.0135246019212345,out
2025-01-05T19:58:00,2.4897266094168593,out
2025-01-05T19:59:00,2.71436462915318,out
2025-01-05T20:00:00,1.861779623222048,out
2025-01-05T20:01:00,3.5062229266826206,out
2025-01-05T20:02:00,2.742035204316311,out
2025-01-05T20:03:00,3.0257937059259095,out
2025-01-05T20:04:00,3.440110873671884,out
2025-01-05T20:05:00,2.9906461509387907,out
2025-01-05T20:06:00,3.461896494712808,out
2025-01-05T20:07:00,2.401191525166068,out
2025-01-05T20:08:00,3.8706620589005185,out
2025-01-05T20:09:00,3.360477149171662,out
2025-01-05T20:10:00,3.0233323221173394,out
2025-01-05T20:11:00,3.523797655263822,out
2025-01-05T20:12:00,2.500522637931696,out
2025-01-05T20:13:00,2.866837113405636,out
2025-01-05T20:14:00,3.5743852261579363,out
2025-01-05T20:15:00,2.2643582538267375,out
2025-01-05T20:16:00,3.2499576746532686,out
2025-01-05T20:17:00,3.2533319691749294,out
2025-01-05T20:18:00,3.8429331949967596,out
2025-01-05T20:19:00,2.4369362044581155,out
2025-01-05T20:20:00,3.7289401570786955,out
2025-01-05T20:21:00,2.876362371770361,out
2025-01-05T20:22:00,2.936503105897341,out
2025-01-05T20:23:00,2.6417543534260095,out
2025-01-05T20:24:00,2.7107572187635354,out
2025-01-05T20:25:00,3.3227413133766652,out
2025-01-05T20:26:00,2.7319260703841475,out
2025-01-05T20:27:00,3.4885908573147977,out
2025-01-05T20:28:00,2.94300052092834,out
2025-01-05T20:29:00,2.738774462452809,out
2025-01-05T20:30:00,3.028756299708621,out
2025-01-05T20:31:00,3.390545434239454,out
2025-01-05T20:32:00,3.1609941735872544,out
2025-01-05T20:33:00,3.3017824620486467,out
2025-01-05T20:34:00,3.582834043619949,out
2025-01-05T20:35:00,3.7536616820894766,out
2025-01-05T20:36:00,3.2130861078223925,out
2025-01-05T20:37:00,2.9359553292764153,out
2025-01-05T20:38:00,3.400690291242681,out
2025-01-05T20:39:00,3.5752088420008685,out
2025-01-05T20:40:00,2.8194432188973506,out
2025-01-05T20:41:00,3.064361862501781,out
2025-01-05T20:42:00,3.1498894480146276,out
2025-01-05T20:43:00,3.3714812182075447,out
2025-01-05T20:44:00,3.1673289572126486,out
2025-01-05T20:45:00,3.7717774451648927,out
2025-01-05T20:46:00,2.86421239468262,out
2025-01-05T20:47:00,2.891768270752021,out
2025-01-05T20:48:00,3.4075755225310402,out
2025-01-05T20:49:00,3.4884301134230578,out
2025-01-05T20:50:00,2.9944784299960094,out
2025-01-05T20:51:00,3.3513654063268588,out
2025-01-05T20:52:00,3.4514602633173412,out
2025-01-05T20:53:00,3.4724550018967286,out
2025-01-05T20:54:00,3.7085063672419816,out
2025-01-05T20:55:00,3.4011846738720353,out
2025-01-05T20:56:00,4.275095717971398,out
2025-01-05T20:57:00,3.8974701953455013,out
2025-01-05T20:58:00,3.397651896818368,out
2025-01-05T20:59:00,3.776692343607305,out
2025-01-05T21:00:00,3.8069654403229474,out
2025-01-05T21:01:00,4.261800243063297,out
2025-01-05T21:02:00,3.5543914426343513,out
2025-01-05T21:03:00,4.120192720038148,out
2025-01-05T21:04:00,3.8487915675589934,out
2025-01-05T21:05:00,4.447548271885879,out
2025-01-05T21:06:00,4.386229126893231,out
2025-01-05T21:07:00,3.96769377987888,out
2025-01-05T21:08:00,3.803096791218582,out
2025-01-05T21:09:00,4.129837890674132,out
2025-01-05T21:10:00,3.874278743455159,out
2025-01-05T21:11:00,4.637921997783315,out
2025-01-05T21:12:00,4.016604393117647,out
2025-01-05T21:13:00,3.8424529509898537,out
2025-01-05T21:14:00,3.8404336762760023,out
2025-01-05T21:15:00,3.558710875320104,out
2025-01-05T21:16:00,4.286269477294272,out
2025-01-05T21:17:00,3.7554370041678538,out
2025-01-05T21:18:00,4.542571010893989,out
2025-01-05T21:19:00,3.606082100541583,out
2025-01-05T21:20:00,4.194170921470062,out
2025-01-05T21:21:00,4.6234554915154575,out
2025-01-05T21:22:00,3.3226318524839495,out
2025-01-05T21:23:00,5.011074246141768,out
2025-01-05T21:24:00,4.053963574821725,out
2025-01-05T21:25:00,4.300897319760497,out
2025-01-05T21:26:00,4.493491870380819,out
2025-01-05T21:27:00,4.575887926587202,out
2025-01-05T21:28:00,4.4155847233499115,out
2025-01-05T21:29:00,4.725650153275842,out
2025-01-05T21:30:00,4.555059711116395,out
2025-01-05T21:31:00,5.072588527755553,out
2025-01-05T21:32:00,4.598040878229549,out
2025-01-05T21:33:00,5.195906604529266,out
2025-01-05T21:34:00,4.791494815587003,out
2025-01-05T21:35:00,3.7298420595111925,out
2025-01-05T21:36:00,5.517729557600292,out
2025-01-05T21:37:00,4.264764362784503,out
2025-01-05T21:38:00,5.113999871815055,out
2025-01-05T21:39:00,4.54784623702436,out
2025-01-05T21:40:00,4.982977484934744,out
2025-01-05T21:41:00,4.304627860075856,out
2025-01-05T21:42:00,4.851860395686833,out
2025-01-05T21:43:00,4.521894215671824,out
2025-01-05T21:44:00,5.276443823811459,out
2025-01-05T21:45:00,4.842045868849176,out
2025-01-05T21:46:00,5.062755144648267,out
2025-01-05T21:47:00,3.8446098742912813,out
2025-01-05T21:48:00,4.6979367179943825,out
2025-01-05T21:49:00,4.918373825815354,out
2025-01-05T21:50:00,4.8656483124949235,out
2025-01-05T21:51:00,5.182775789993459,out
2025-01-05T21:52:00,4.674122716545778,out
2025-01-05T21:53:00,4.8622313001026285,out
2025-01-05T21:54:00,5.337499317470299,out
2025-01-05T21:55:00,3.9758848496587285,out
2025-01-05T21:56:00,5.145511751194996,out
2025-01-05T21:57:00,4.798687553140254,out
2025-01-05T21:58:00,4.589842572414317,out
2025-01-05T21:59:00,5.111973827437229,out
2025-01-05T22:00:00,5.490980518723458,out
2025-01-05T22:01:00,5.4383585105424235,out
2025-01-05T22:02:00,4.991413427016531,out
2025-01-05T22:03:00,5.418568936522638,out
2025-01-05T22:04:00,5.438369437900307,out
2025-01-05T22:05:00,5.079118878286402,out
2025-01-05T22:06:00,4.859815217647064,out
2025-01-05T22:07:00,4.90598838444199,out
2025-01-05T22:08:00,5.518311962831895,out
2025-01-05T22:09:00,5.1894541525642435,out
2025-01-05T22:10:00,4.811035432697553,out
2025-01-05T22:11:00,4.578811375094605,out
2025-01-05T22:12:00,5.608789582401269,out
2025-01-05T22:13:00,5.0806979848696825,out
2025-01-05T22:14:00,5.454968223603525,out
2025-01-05T22:15:00,5.842150621513632,out
2025-01-05T22:16:00,4.846203328524133,out
2025-01-05T22:17:00,5.375273503368355,out
2025-01-05T22:18:00,5.3486557606626794,out
2025-01-05T22:19:00,5.592484710842417,out
2025-01-05T22:20:00,5.959954428923964,out
2025-01-05T22:21:00,4.956260848910458,out
2025-01-05T22:22:00,5.739759723544866,out
2025-01-05T22:23:00,5.948296394316613,out
2025-01-05T22:24:00,5.485029315962486,out
2025-01-05T22:25:00,5.5285410636903105,out
2025-01-05T22:26:00,5.774885334042479,out
2025-01-05T22:27:00,5.7694636928503025,out
2025-01-05T22:28:00,5.8885542720112,out
2025-01-05T22:29:00,5.904246440739561,out
2025-01-05T22:30:00,5.311110483563183,out
2025-01-05T22:31:00,6.124214894967364,out
2025-01-05T22:32:00,6.2190737043806115,out
2025-01-05T22:33:00,5.851088532417093,out
2025-01-05T22:34:00,5.2033305170343445,out
2025-01-05T22:35:00,5.779473487897753,out
2025-01-05T22:36:00,5.927554653504408,out
2025-01-05T22:37:00,5.416413676898963,out
2025-01-05T22:38:00,5.754700487012379,out
2025-01-05T22:39:00,5.359549902511618,out
2025-01-05T22:40:00,6.190796030040561,out
2025-01-05T22:41:00,6.038881817940857,out
2025-01-05T22:42:00,5.338845578671658,out
2025-01-05T22:43:00,6.162442073056054,out
2025-01-05T22:44:00,6.0239874943009335,out
2025-01-05T22:45:00,6.277928921282785,out
2025-01-05T22:46:00,5.939559088067273,out
2025-01-05T22:47:00,5.800425400800293,out
2025-01-05T22:48:00,5.8375601831671755,out
2025-01-05T22:49:00,5.955546119212561,out
2025-01-05T22:50:00,6.203295241606771,out
2025-01-05T22:51:00,6.279933936316484,out
2025-01-05T22:52:00,6.1694818205403354,out
2025-01-05T22:53:00,6.101494571596836,out
2025-01-05T22:54:00,6.155346624574255,out
2025-01-05T22:55:00,7.324115830016808,out
2025-01-05T22:56:00,6.037885804498712,out
2025-01-05T22:57:00,6.1481684973910715,out
2025-01-05T22:58:00,7.714111386877716,out
2025-01-05T22:59:00,6.590218034236353,out
2025-01-05T23:00:00,5.8950934630233816,out
2025-01-05T23:01:00,6.809463192357728,out
2025-01-05T23:02:00,6.133704419992884,out
2025-01-05T23:03:00,6.886704844948076,out
2025-01-05T23:04:00,6.46408371465372,out
2025-01-05T23:05:00,6.39796630624718,out
2025-01-05T23:06:00,7.242993804395586,out
2025-01-05T23:07:00,6.851358195529202,out
2025-01-05T23:08:00,7.039489448916486,out
2025-01-05T23:09:00,6.849783261678968,out
2025-01-05T23:10:00,6.523584506854142,out
2025-01-05T23:11:00,6.971475735164588,out
2025-01-05T23:12:00,7.236216012167214,out
2025-01-05T23:13:00,6.832044710565945,out
2025-01-05T23:14:00,7.524449435235413,out
2025-01-05T23:15:00,7.16965294918399,out
2025-01-05T23:16:00,6.939939047649377,out
2025-01-05T23:17:00,6.9814503963547025,out
2025-01-05T23:18:00,6.9614816986341514,out
2025-01-05T23:19:00,6.431843212918943,out
2025-01-05T23:20:00,6.92208205567497,out
2025-01-05T23:21:00,7.072377571042317,out
2025-01-05T23:22:00,6.843280316329302,out
2025-01-05T23:23:00,7.170615413858905,out
2025-01-05T23:24:00,7.069916205900647,out
2025-01-05T23:25:00,7.396736439299999,out
2025-01-05T23:26:00,7.378388485648624,out
2025-01-05T23:27:00,7.205905583086858,out
2025-01-05T23:28:00,6.618076237718789,out
2025-01-05T23:29:00,7.907183513830114,out
2025-01-05T23:30:00,7.160086447251222,out
2025-01-05T23:31:00,7.210451603706961,out
2025-01-05T23:32:00,7.131775600089355,out
2025-01-05T23:33:00,7.099410952826759,out
2025-01-05T23:34:00,7.938403936592751,out
2025-01-05T23:35:00,7.90121647904263,out
2025-01-05T23:36:00,7.5505865818251365,out
2025-01-05T23:37:00,7.355871568555244,out
2025-01-05T23:38:00,7.672572678884154,out
2025-01-05T23:39:00,7.480509080727335,out
2025-01-05T23:40:00,7.4009763761847935,out
2025-01-05T23:41:00,7.638393123529292,out
2025-01-05T23:42:00,7.352782326854743,out
2025-01-05T23:43:00,7.656254764428971,out
2025-01-05T23:44:00,7.6631495277839,out
2025-01-05T23:45:00,7.848755633122291,out
2025-01-05T23:46:00,7.386053979800599,out
2025-01-05T23:47:00,7.943897815770338,out
2025-01-05T23:48:00,7.323459665362126,out
2025-01-05T23:49:00,7.483104568223435,out
2025-01-05T23:50:00,7.5267136521496845,out
2025-01-05T23:51:00,7.335620396496098,out
2025-01-05T23:52:00,8.196867933139243,out
2025-01-05T23:53:00,7.429147930265133,out
2025-01-05T23:54:00,7.563371775190084,out
2025-01-05T23:55:00,8.371273773987285,out
2025-01-05T23:56:00,7.667052480634838,out
2025-01-05T23:57:00,7.846205352516676,out
2025-01-05T23:58:00,7.542829186643127,out
2025-01-05T23:59:00,8.307000627340583,out
2025-01-06T00:00:00,8.33869449767642,out
2025-01-06T00:01:00,8.321758217357853,out
2025-01-06T00:02:00,8.267371144267821,out
2025-01-06T00:03:00,8.10797321783584,out
2025-01-06T00:04:00,7.894963771848494,out
2025-01-06T00:05:00,7.804901587540948,out
2025-01-06T00:06:00,8.6730239005519,out
2025-01-06T00:07:00,8.48915278794957,out
2025-01-06T00:08:00,7.932075289334815,out
2025-01-06T00:09:00,8.251491601843648,out
2025-01-06T00:10:00,8.141670286997998,out
2025-01-06T00:11:00,7.836584488845755,out
2025-01-06T00:12:00,8.385076288106179,out
2025-01-06T00:13:00,8.173959659684584,out
2025-01-06T00:14:00,7.985276570690848,out
2025-01-06T00:15:00,7.800765753724138,out
2025-01-06T00:16:00,7.793017442382471,out
2025-01-06T00:17:00,8.296080490094532,out
2025-01-06T00:18:00,8.436716586197099,out
2025-01-06T00:19:00,8.146728921008298,out
2025-01-06T00:20:00,8.783230227548822,out
2025-01-06T00:21:00,8.522791095267214,out
2025-01-06T00:22:00,8.805828639360794,out
2025-01-06T00:23:00,8.527964053597367,out
2025-01-06T00:24:00,8.312323725523076,out
2025-01-06T00:25:00,8.698848277567233,out
2025-01-06T00:26:00,8.174149477800094,out
2025-01-06T00:27:00,8.920999793001672,out
2025-01-06T00:28:00,8.356356377825621,out
2025-01-06T00:29:00,9.124486825428352,out
2025-01-06T00:30:00,8.64777485482354,out
2025-01-06T00:31:00,9.234118988166284,out
2025-01-06T00:32:00,8.38598933032505,out
2025-01-06T00:33:00,8.589847851655536,out
2025-01-06T00:34:00,9.039230445517083,out
2025-01-06T00:35:00,9.380939154510196,out
2025-01-06T00:36:00,9.605250353567353,out
2025-01-06T00:37:00,8.981001859095286,out
2025-01-06T00:38:00,9.725383887478753,out
2025-01-06T00:39:00,8.900231203163962,out
2025-01-06T00:40:00,9.481396114946762,out
2025-01-06T00:41:00,8.690788874059322,out
2025-01-06T00:42:00,9.261493355698185,out
2025-01-06T00:43:00,8.18246699970981,out
2025-01-06T00:44:00,8.696217567598005,out
2025-01-06T00:45:00,9.357212651329064,out
2025-01-06T00:46:00,8.671232065622966,out
2025-01-06T00:47:00,9.392630351156736,out
2025-01-06T00:48:00,9.610053393231501,out
2025-01-06T00:49:00,9.072537955851349,out
2025-01-06T00:50:00,8.911056501358924,out
2025-01-06T00:51:00,9.134509963787101,out
2025-01-06T00:52:00,8.963381398389508,out
2025-01-06T00:53:00,9.334716922328116,out
2025-01-06T00:54:00,9.441508433090645,out
2025-01-06T00:55:00,9.303711304718298,out
2025-01-06T00:56:00,10.121275069672722,out
2025-01-06T00:57:00,9.189158230299158,out
2025-01-06T00:58:00,10.058853296028767,out
2025-01-06T00:59:00,9.111115994708317,out
2025-01-06T01:00:00,9.582025298591725,out
2025-01-06T01:01:00,10.05142945016706,out
2025-01-06T01:02:00,10.055973117370856,out
2025-01-06T01:03:00,9.460539540110343,out
2025-01-06T01:04:00,9.875852022930529,out
2025-01-06T01:05:00,9.847445717651642,out
2025-01-06T01:06:00,9.48811639678642,out
2025-01-06T01:07:00,9.97555758366375,out
2025-01-06T01:08:00,10.499227097157359,out
2025-01-06T01:09:00,9.967929715878471,out
2025-01-06T01:10:00,10.030777348653903,out
2025-01-06T01:11:00,10.098047785448347,out
2025-01-06T01:12:00,9.269711323307611,out
2025-01-06T01:13:00,10.063072708185,out
2025-01-06T01:14:00,9.49712410849513,out
2025-01-06T01:15:00,9.692682015539843,out
2025-01-06T01:16:00,10.818185639218337,out
2025-01-06T01:17:00,9.87683922771318,out
2025-01-06T01:18:00,9.706771513684918,out
2025-01-06T01:19:00,10.488533339580506,out
2025-01-06T01:20:00,9.673050058817052,out
2025-01-06T01:21:00,9.89773468478908,out
2025-01-06T01:22:00,10.60086515475127,out
2025-01-06T01:23:00,10.14285325410946,out
2025-01-06T01:24:00,9.525568879221174,out
2025-01-06T01:25:00,10.392224075431244,out
2025-01-06T01:26:00,10.04042100752717,out
2025-01-06T01:27:00,10.839285219671112,out
2025-01-06T01:28:00,10.005164781441819,out
2025-01-06T01:29:00,10.69238209360495,out
2025-01-06T01:30:00,11.00637980713681,out
2025-01-06T01:31:00,9.979888480296285,out
2025-01-06T01:32:00,10.267101562632359,out
2025-01-06T01:33:00,10.52391324796338,out
2025-01-06T01:34:00,10.049556112529807,out
2025-01-06T01:35:00,10.52459811783554,out
2025-01-06T01:36:00,10.35045174345239,out
2025-01-06T01:37:00,10.366286087043507,out
2025-01-06T01:38:00,10.507734813020672,out
2025-01-06T01:39:00,10.540464311455992,out
2025-01-06T01:40:00,10.601261878074613,out
2025-01-06T01:41:00,10.319881901226022,out
2025-01-06T01:42:00,10.360997891109857,out
2025-01-06T01:43:00,10.55923650889656,out
2025-01-06T01:44:00,10.612323824240141,out
2025-01-06T01:45:00,10.478192405335358,out
2025-01-06T01:46:00,10.80676273549324,out
2025-01-06T01:47:00,9.974685946754517,out
2025-01-06T01:48:00,10.431756494873689,out
2025-01-06T01:49:00,10.635272360220592,out
2025-01-06T01:50:00,10.428045604597957,out
2025-01-06T01:51:00,11.445366327874224,out
2025-01-06T01:52:00,10.824374115405309,out
2025-01-06T01:53:00,10.910625874399408,out
2025-01-06T01:54:00,10.669660278371456,out
2025-01-06T01:55:00,10.879621045367134,out
2025-01-06T01:56:00,10.422756335756924,out
2025-01-06T01:57:00,10.863800634543699,out
2025-01-06T01:58:00,10.579737989182485,out
2025-01-06T01:59:00,10.866337588148772,out
2025-01-06T02:00:00,9.976033373478991,out
2025-01-06T02:01:00,10.571442578895741,out
2025-01-06T02:02:00,11.630800739569954,out
2025-01-06T02:03:00,11.399917616105329,out
2025-01-06T02:04:00,11.617844183826403,out
2025-01-06T02:05:00,11.667728056831486,out
2025-01-06T02:06:00,11.404186357961475,out
2025-01-06T02:07:00,10.976136067759558,out
2025-01-06T02:08:00,10.764615206892977,out
2025-01-06T02:09:00,11.66038493767353,out
2025-01-06T02:10:00,11.249624839835885,out
2025-01-06T02:11:00,12.243455954760716,out
2025-01-06T02:12:00,11.121795019685852,out
2025-01-06T02:13:00,12.078917719031669,out
2025-01-06T02:14:00,11.248905195594027,out
2025-01-06T02:15:00,11.867840837021078,out
2025-01-06T02:16:00,12.03383411571745,out
2025-01-06T02:17:00,10.967649594898115,out
2025-01-06T02:18:00,11.204438190232644,out
2025-01-06T02:19:00,11.006788885298402,out
2025-01-06T02:20:00,10.949480822802984,out
2025-01-06T02:21:00,11.729697880433385,out
2025-01-06T02:22:00,11.405566386166036,out
2025-01-06T02:23:00,11.52644452310067,out
2025-01-06T02:24:00,11.749207167744128,out
2025-01-06T02:25:00,10.804903156695508,out
2025-01-06T02:26:00,12.083643122090853,out
2025-01-06T02:27:00,11.450309938087974,out
2025-01-06T02:28:00,11.823850661407421,out
2025-01-06T02:29:00,11.880049063948777,out
2025-01-06T02:30:00,12.200887198357854,out
2025-01-06T02:31:00,11.63136072509348,out
2025-01-06T02:32:00,10.84451386833678,out
2025-01-06T02:33:00,11.73741474124043,out
2025-01-06T02:34:00,11.815370563090365,out
2025-01-06T02:35:00,11.341836489448283,out
2025-01-06T02:36:00,11.83491860807218,out
2025-01-06T02:37:00,11.651824597484563,out
2025-01-06T02:38:00,11.279367741953564,out
2025-01-06T02:39:00,12.10522796988721,out
2025-01-06T02:40:00,11.631235597760108,out
2025-01-06T02:41:00,11.71419219196295,out
2025-01-06T02:42:00,11.711656751066265,out
2025-01-06T02:43:00,12.410749953761993,out
2025-01-06T02:44:00,11.919987709233688,out
2025-01-06T02:45:00,11.987714818818747,out
2025-01-06T02:46:00,11.799465827539874,out
2025-01-06T02:47:00,12.180436724906947,out
2025-01-06T02:48:00,12.554510857533398,out
2025-01-06T02:49:00,12.293345171602596,out
2025-01-06T02:50:00,12.32828803022789,out
2025-01-06T02:51:00,12.315296555551377,out
2025-01-06T02:52:00,11.539893103050519,out
2025-01-06T02:53:00,11.760650409278494,out
2025-01-06T02:54:00,12.048132496722872,out
2025-01-06T02:55:00,11.858732717696325,out
2025-01-06T02:56:00,11.742135412851589,out
2025-01-06T02:57:00,11.437872462701858,out
2025-01-06T02:58:00,11.666843900545427,out
2025-01-06T02:59:00,12.12147812379875,out
2025-01-06T03:00:00,12.214870140391715,out
2025-01-06T03:01:00,11.943890743287469,out
2025-01-06T03:02:00,12.31107277999837,out
2025-01-06T03:03:00,12.124278204184568,out
2025-01-06T03:04:00,12.75226823698144,out
2025-01-06T03:05:00,12.269533466748594,out
2025-01-06T03:06:00,12.630778578634411,out
2025-01-06T03:07:00,12.451511324212282,out
2025-01-06T03:08:00,11.827293794017407,out
2025-01-06T03:09:00,12.369671786319248,out
2025-01-06T03:10:00,11.92941438112925,out
2025-01-06T03:11:00,12.398060429634207,out
2025-01-06T03:12:00,12.160816625972075,out
2025-01-06T03:13:00,12.629129463764109,out
2025-01-06T03:14:00,11.956792589747522,out
2025-01-06T03:15:00,12.516919574985632,out
2025-01-06T03:16:00,12.757223714361904,out
2025-01-06T03:17:00,12.908428134027892,out
2025-01-06T03:18:00,12.256768690446497,out
2025-01-06T03:19:00,12.586495207578047,out
2025-01-06T03:20:00,12.669925447878502,out
2025-01-06T03:21:00,13.231901504257845,out
2025-01-06T03:22:00,12.037215476026248,out
2025-01-06T03:23:00,12.28191484646468,out
2025-01-06T03:24:00,13.784660765836245,out
2025-01-06T03:25:00,12.57006798497489,out
2025-01-06T03:26:00,11.939251417153166,out
2025-01-06T03:27:00,12.478881527945198,out
2025-01-06T03:28:00,11.620515233054585,out
2025-01-06T03:29:00,12.840505727445521,out
2025-01-06T03:30:00,13.084033945858701,out
2025-01-06T03:31:00,12.411347064740234,out
2025-01-06T03:32:00,12.60352349138316,out
2025-01-06T03:33:00,13.176984538293912,out
2025-01-06T03:34:00,12.12305497776486,out
2025-01-06T03:35:00,12.310039140725065,out
2025-01-06T03:36:00,12.762855893563419,out
2025-01-06T03:37:00,12.56850995680334,out
2025-01-06T03:38:00,12.767146351148474,out
2025-01-06T03:39:00,12.394349203207462,out
2025-01-06T03:40:00,13.000637660102553,out
2025-01-06T03:41:00,12.870188393580987,out
2025-01-06T03:42:00,13.164433329425309,out
2025-01-06T03:43:00,13.039698294955254,out
2025-01-06T03:44:00,13.056901464328643,out
2025-01-06T03:45:00,12.41029473200321,out
2025-01-06T03:46:00,13.200351553060946,out
2025-01-06T03:47:00,12.88537037436477,out
2025-01-06T03:48:00,12.965384084612687,out
2025-01-06T03:49:00,13.465539828342672,out
2025-01-06T03:50:00,12.772574452270552,out
2025-01-06T03:51:00,13.614840661607436,out
2025-01-06T03:52:00,13.666078696687793,out
2025-01-06T03:53:00,13.403227124919129,out
2025-01-06T03:54:00,12.723592661817587,out
2025-01-06T03:55:00,12.25495392578691,out
2025-01-06T03:56:00,13.574537769916635,out
2025-01-06T03:57:00,13.200992493541134,out
2025-01-06T03:58:00,12.871695974320557,out
2025-01-06T03:59:00,13.652437968728606,out
2025-01-06T04:00:00,12.851528870355502,out
2025-01-06T04:01:00,13.03953078364247,out
2025-01-06T04:02:00,13.432090321366191,out
2025-01-06T04:03:00,12.789534909790829,out
2025-01-06T04:04:00,13.203925878993546,out
2025-01-06T04:05:00,13.696015407810393,out
2025-01-06T04:06:00,13.357346973420247,out
2025-01-06T04:07:00,13.784314963961773,out
2025-01-06T04:08:00,13.751126500355948,out
2025-01-06T04:09:00,13.313021158546889,out
2025-01-06T04:10:00,12.387368448526365,out
2025-01-06T04:11:00,12.891793930828289,out
2025-01-06T04:12:00,13.651372790083999,out
2025-01-06T04:13:00,12.737773092352704,out
2025-01-06T04:14:00,13.238929134177367,out
2025-01-06T04:15:00,13.516628694671741,out
2025-01-06T04:16:00,13.980592556099607,out
2025-01-06T04:17:00,13.174181557353764,out
2025-01-06T04:18:00,13.158116622465915,out
2025-01-06T04:19:00,13.405752566127996,out
2025-01-06T04:20:00,13.57821191014393,out
2025-01-06T04:21:00,13.387160311992039,out
2025-01-06T04:22:00,13.879474964813577,out
2025-01-06T04:23:00,13.150914728251136,out
2025-01-06T04:24:00,13.529337119207218,out
2025-01-06T04:25:00,13.669953958815487,out
2025-01-06T04:26:00,13.3422673223484,out
2025-01-06T04:27:00,13.848631235517376,out
2025-01-06T04:28:00,13.582612537211583,out
2025-01-06T04:29:00,13.848744115283623,out
2025-01-06T04:30:00,13.620918838287242,out
2025-01-06T04:31:00,13.70380485270028,out
2025-01-06T04:32:00,13.310146424660974,out
2025-01-06T04:33:00,13.320548635155049,out
2025-01-06T04:34:00,14.072263999863651,out
2025-01-06T04:35:00,13.846251393504918,out
2025-01-06T04:36:00,13.192296492494247,out
2025-01-06T04:37:00,13.683156627978002,out
2025-01-06T04:38:00,12.670522714076213,out
2025-01-06T04:39:00,13.399571950055138,out
2025-01-06T04:40:00,14.022566795363414,out
2025-01-06T04:41:00,13.596997856053763,out
2025-01-06T04:42:00,13.703014014419473,out
2025-01-06T04:43:00,12.457981623748612,out
2025-01-06T04:44:00,13.516210006341433,out
2025-01-06T04:45:00,13.816889666501513,out
2025-01-06T04:46:00,13.876057881396527,out
2025-01-06T04:47:00,14.083137041745005,out
2025-01-06T04:48:00,13.622235997061548,out
2025-01-06T04:49:00,13.64811247281001,out
2025-01-06T04:50:00,13.189454732725416,out
2025-01-06T04:51:00,13.648311051073842,out
2025-01-06T04:52:00,13.233198510819095,out
2025-01-06T04:53:00,13.006280116906709,out
2025-01-06T04:54:00,13.318846661164919,out
2025-01-06T04:55:00,14.363773089437155,out
2025-01-06T04:56:00,13.659345695024596,out
2025-01-06T04:57:00,13.862682363931226,out
2025-01-06T04:58:00,13.57638421877251,out
2025-01-06T04:59:00,13.072503535192117,out
2025-01-06T05:00:00,14.170000207706291,out
2025-01-06T05:01:00,12.933396377541422,out
2025-01-06T05:02:00,13.586968771551984,out
2025-01-06T05:03:00,13.793539505900503,out
2025-01-06T05:04:00,13.913970215027923,out
2025-01-06T05:05:00,13.537464577068015,out
2025-01-06T05:06:00,13.099034929164064,out
2025-01-06T05:07:00,13.51983823382851,out
2025-01-06T05:08:00,13.546717193663541,out
2025-01-06T05:09:00,13.54281652498904,out
2025-01-06T05:10:00,14.24579947880264,out
2025-01-06T05:11:00,13.377945527520415,out
2025-01-06T05:12:00,13.989277314178096,out
2025-01-06T05:13:00,13.937591649794669,out
2025-01-06T05:14:00,14.263730258713647,out
2025-01-06T05:15:00,13.831458933724612,out
2025-01-06T05:16:00,14.206215487565002,out
2025-01-06T05:17:00,13.825814331115414,out
2025-01-06T05:18:00,14.073286456017644,out
2025-01-06T05:19:00,13.303067750978844,out
2025-01-06T05:20:00,12.853535287556802,out
2025-01-06T05:21:00,14.064355095774804,out
2025-01-06T05:22:00,14.09018685963908,out
2025-01-06T05:23:00,14.112179132622144,out
2025-01-06T05:24:00,13.716157037668953,out
2025-01-06T05:25:00,14.526057963690715,out
2025-01-06T05:26:00,13.750144053876692,out
2025-01-06T05:27:00,14.10625992878697,out
2025-01-06T05:28:00,14.179462902451048,out
2025-01-06T05:29:00,14.632691448220935,out
2025-01-06T05:30:00,13.821857320326925,out
2025-01-06T05:31:00,13.690752535586627,out
2025-01-06T05:32:00,13.356018756081802,out
2025-01-06T05:33:00,14.579357544394545,out
2025-01-06T05:34:00,14.129995496878939,out
2025-01-06T05:35:00,14.145562471691637,out
2025-01-06T05:36:00,15.213813068739206,out
2025-01-06T05:37:00,14.099829005979991,out
2025-01-06T05:38:00,13.45144862816306,out
2025-01-06T05:39:00,13.89646813545078,out
2025-01-06T05:40:00,13.58725522501101,out
2025-01-06T05:41:00,13.821045657153457,out
2025-01-06T05:42:00,13.820468161296924,out
2025-01-06T05:43:00,13.748691354170093,out
2025-01-06T05:44:00,13.428071299416786,out
2025-01-06T05:45:00,14.624154192900539,out
2025-01-06T05:46:00,14.10834800830656,out
2025-01-06T05:47:00,13.900161209463997,out
2025-01-06T05:48:00,14.294832340333741,out
2025-01-06T05:49:00,14.181517228849462,out
2025-01-06T05:50:00,14.104565622587964,out
2025-01-06T05:51:00,14.269373446551066,out
2025-01-06T05:52:00,14.049918859618035,out
2025-01-06T05:53:00,14.265290127816913,out
2025-01-06T05:54:00,14.299188870204453,out
2025-01-06T05:55:00,14.063659656492577,out
2025-01-06T05:56:00,13.910928373539901,out
2025-01-06T05:57:00,14.611645086025604,out
2025-01-06T05:58:00,13.808610922475655,out
2025-01-06T05:59:00,14.156468324495345,out
2025-01-06T06:00:00,14.165563364295627,out
2025-01-06T06:01:00,13.756119743418953,out
2025-01-06T06:02:00,13.676642584260431,out
2025-01-06T06:03:00,13.857945157096102,out
2025-01-06T06:04:00,13.802199429668105,out
2025-01-06T06:05:00,13.41531993782391,out
2025-01-06T06:06:00,13.737345916845634,out
2025-01-06T06:07:00,14.103690738874104,out
2025-01-06T06:08:00,14.502722395774013,out
2025-01-06T06:09:00,14.21713075151379,out
2025-01-06T06:10:00,12.95447553014305,out
2025-01-06T06:11:00,14.249611804812636,out
2025-01-06T06:12:00,13.768516494169155,out
2025-01-06T06:13:00,14.171582053219197,out
2025-01-06T06:14:00,13.983154686846953,out
2025-01-06T06:15:00,13.910078488996893,out
2025-01-06T06:16:00,13.944490010374091,out
2025-01-06T06:17:00,13.974531387289003,out
2025-01-06T06:18:00,14.519265991234866,out
2025-01-06T06:19:00,13.971528940152535,out
2025-01-06T06:20:00,14.411382641822954,out
2025-01-06T06:21:00,14.350791911786233,out
2025-01-06T06:22:00,14.239195409236533,out
2025-01-06T06:23:00,13.2551635814536,out
2025-01-06T06:24:00,14.413784434674282,out
2025-01-06T06:25:00,13.781177511679681,out
2025-01-06T06:26:00,14.247722046489436,out
2025-01-06T06:27:00,13.569397608433395,out
2025-01-06T06:28:00,13.481247292526632,out
2025-01-06T06:29:00,14.742585192810772,out
2025-01-06T06:30:00,13.565875941507619,out
2025-01-06T06:31:00,14.403638039941994,out
2025-01-06T06:32:00,13.988976541024032,out
2025-01-06T06:33:00,13.769860297573953,out
2025-01-06T06:34:00,13.916163626439417,out
2025-01-06T06:35:00,13.409731264194038,out
2025-01-06T06:36:00,13.920628291727134,out
2025-01-06T06:37:00,13.488882073803012,out
2025-01-06T06:38:00,13.759536091497798,out
2025-01-06T06:39:00,14.2834561799363,out
2025-01-06T06:40:00,14.010522788696314,out
2025-01-06T06:41:00,13.311375986325539,out
2025-01-06T06:42:00,14.240124696149277,out
2025-01-06T06:43:00,13.891862481589403,out
2025-01-06T06:44:00,13.67288899332225,out
2025-01-06T06:45:00,14.183382203982955,out
2025-01-06T06:46:00,13.812665492934176,out
2025-01-06T06:47:00,13.408008298945216,out
2025-01-06T06:48:00,14.608009488982672,out
2025-01-06T06:49:00,13.856471661619684,out
2025-01-06T06:50:00,13.825221960926719,out
2025-01-06T06:51:00,13.690011854358845,out
2025-01-06T06:52:00,14.318206684494452,out
2025-01-06T06:53:00,13.630324147505878,out
2025-01-06T06:54:00,13.216227578861421,out
2025-01-06T06:55:00,13.556581354121178,out
2025-01-06T06:56:00,14.352484197837896,out
2025-01-06T06:57:00,14.148238322823374,out
2025-01-06T06:58:00,13.706879581204701,out
2025-01-06T06:59:00,14.351577690139846,out
2025-01-06T07:00:00,14.09473184926317,out
2025-01-06T07:01:00,13.682088197519041,out
2025-01-06T07:02:00,13.715418777211312,out
2025-01-06T07:03:00,13.906458511500063,out
2025-01-06T07:04:00,13.43481539576439,out
2025-01-06T07:05:00,13.762101152519318,out
2025-01-06T07:06:00,13.876323755054479,out
2025-01-06T07:07:00,13.070641669385472,out
2025-01-06T07:08:00,13.662100406751055,out
2025-01-06T07:09:00,13.608897192596844,out
2025-01-06T07:10:00,14.133528912473489,out
2025-01-06T07:11:00,12.976576000335251,out
2025-01-06T07:12:00,13.553736689889446,out
2025-01-06T07:13:00,13.505492898265436,out
2025-01-06T07:14:00,14.073970316805843,out
2025-01-06T07:15:00,13.664162149224682,out
2025-01-06T07:16:00,14.391549311856854,out
2025-01-06T07:17:00,13.929419475119264,out
2025-01-06T07:18:00,13.491759748877266,out
2025-01-06T07:19:00,13.742919570161808,out
2025-01-06T07:20:00,13.496528200967667,out
2025-01-06T07:21:00,13.972906451731072,out
2025-01-06T07:22:00,13.087154050173979,out
2025-01-06T07:23:00,13.281332867487547,out
2025-01-06T07:24:00,13.78375852640519,out
2025-01-06T07:25:00,14.082349795186246,out
2025-01-06T07:26:00,12.701717969436476,out
2025-01-06T07:27:00,14.122645803627718,out
2025-01-06T07:28:00,13.507049076029528,out
2025-01-06T07:29:00,12.799693039330537,out
2025-01-06T07:30:00,12.342586058311987,out
2025-01-06T07:31:00,12.9214514036994,out
2025-01-06T07:32:00,13.51514717837648,out
2025-01-06T07:33:00,13.486388045769834,out
2025-01-06T07:34:00,13.755640620194464,out
2025-01-06T07:35:00,13.272074003692309,out
2025-01-06T07:36:00,13.038056527277147,out
2025-01-06T07:37:00,13.305337706398182,out
2025-01-06T07:38:00,13.473211740023899,out
2025-01-06T07:39:00,13.541168160932607,out
2025-01-06T07:40:00,13.122180842510941,out
2025-01-06T07:41:00,13.787309552860354,out
2025-01-06T07:42:00,13.166952997409552,out
2025-01-06T07:43:00,13.056302491005567,out
2025-01-06T07:44:00,13.175807674007682,out
2025-01-06T07:45:00,13.81117251947717,out
2025-01-06T07:46:00,13.3164875884359,out
2025-01-06T07:47:00,13.080068259238926,out
2025-01-06T07:48:00,13.716482245309635,out
2025-01-06T07:49:00,14.191202264893926,out
2025-01-06T07:50:00,13.405938052792916,out
2025-01-06T07:51:00,13.803462809124431,out
2025-01-06T07:52:00,13.71211673738348,out
2025-01-06T07:53:00,13.043088528568983,out
2025-01-06T07:54:00,13.283556348162286,out
2025-01-06T07:55:00,12.74734268236345,out
2025-01-06T07:56:00,13.165741336291719,out
2025-01-06T07:57:00,12.984499894786488,out
2025-01-06T07:58:00,13.060979792769158,out
2025-01-06T07:59:00,12.909234874382731,out
2025-01-06T08:00:00,13.081313699428415,out
2025-01-06T08:01:00,13.39590610573235,out
2025-01-06T08:02:00,13.121978198473164,out
2025-01-06T08:03:00,12.410689189906567,out
2025-01-06T08:04:00,12.844555578253283,out
2025-01-06T08:05:00,12.52171148301438,out
2025-01-06T08:06:00,13.21346507651726,out
2025-01-06T08:07:00,13.30344029559505,out
2025-01-06T08:08:00,13.190907865680218,out
2025-01-06T08:09:00,12.759405172904101,out
2025-01-06T08:10:00,13.159090246529814,out
2025-01-06T08:11:00,12.858188375478818,out
2025-01-06T08:12:00,12.576733227772452,out
2025-01-06T08:13:00,13.314488902970139,out
2025-01-06T08:14:00,13.330526033892523,out
2025-01-06T08:15:00,13.368375866248678,out
2025-01-06T08:16:00,12.730885995317271,out
2025-01-06T08:17:00,13.431283419840366,out
2025-01-06T08:18:00,12.747324231200865,out
2025-01-06T08:19:00,13.191282156268384,out
2025-01-06T08:20:00,12.710547201027277,out
2025-01-06T08:21:00,12.810256465471783,out
2025-01-06T08:22:00,11.916221967182256,out
2025-01-06T08:23:00,12.748678606023322,out
2025-01-06T08:24:00,12.890537952963706,out
2025-01-06T08:25:00,12.674647778659368,out
2025-01-06T08:26:00,13.525616390937365,out
2025-01-06T08:27:00,12.342536442016257,out
2025-01-06T08:28:00,12.56638056544219,out
2025-01-06T08:29:00,12.414062971213392,out
2025-01-06T08:30:00,12.534609250149222,out
2025-01-06T08:31:00,13.156702667639339,out
2025-01-06T08:32:00,13.319277239371138,out
2025-01-06T08:33:00,12.43158454091691,out
2025-01-06T08:34:00,12.406445924025217,out
2025-01-06T08:35:00,12.216455439119738,out
2025-01-06T08:36:00,13.185389923349558,out
2025-01-06T08:37:00,13.094757627259643,out
2025-01-06T08:38:00,12.587354780330811,out
2025-01-06T08:39:00,12.05461131391801,out
2025-01-06T08:40:00,12.073601632531368,out
2025-01-06T08:41:00,12.647646598849008,out
2025-01-06T08:42:00,12.782170960978782,out
2025-01-06T08:43:00,11.718931984295832,out
2025-01-06T08:44:00,12.399733517121499,out
2025-01-06T08:45:00,13.158357200696836,out
2025-01-06T08:46:00,12.406730642081914,out
2025-01-06T08:47:00,13.07219948668646,out
2025-01-06T08:48:00,12.718487404446648,out
2025-01-06T08:49:00,12.007596924586858,out
2025-01-06T08:50:00,12.306595503520006,out
2025-01-06T08:51:00,12.354457361196234,out
2025-01-06T08:52:00,12.00711758247762,out
2025-01-06T08:53:00,11.982278610170022,out
2025-01-06T08:54:00,12.954953662921145,out
2025-01-06T08:55:00,11.943239524481374,out
2025-01-06T08:56:00,12.747413232595399,out
2025-01-06T08:57:00,12.123217869201936,out
2025-01-06T08:58:00,12.269246962971835,out
2025-01-06T08:59:00,12.485850021035153,out
2025-01-06T09:00:00,12.003217217957424,out
2025-01-06T09:01:00,12.45125007213363,out
2025-01-06T09:02:00,11.386883705979756,out
2025-01-06T09:03:00,12.362625714415937,out
2025-01-06T09:04:00,11.180538172925328,out
2025-01-06T09:05:00,12.058339644014229,out
2025-01-06T09:06:00,12.471824648289914,out
2025-01-06T09:07:00,12.360016064381528,out
2025-01-06T09:08:00,11.572625968790234,out
2025-01-06T09:09:00,11.60493871476026,out
2025-01-06T09:10:00,11.77807242956492,out
2025-01-06T09:11:00,12.108687189551274,out
2025-01-06T09:12:00,11.202010362135677,out
2025-01-06T09:13:00,11.990000565665587,out
2025-01-06T09:14:00,12.100292038814453,out
2025-01-06T09:15:00,11.84286001825202,out
2025-01-06T09:16:00,12.146482561164262,out
2025-01-06T09:17:00,12.006048178106813,out
2025-01-06T09:18:00,11.680026586221569,out
2025-01-06T09:19:00,11.10226813375401,out
2025-01-06T09:20:00,11.910090890747584,out
2025-01-06T09:21:00,11.455403865791535,out
2025-01-06T09:22:00,11.58513227172198,out
2025-01-06T09:23:00,11.987881658560342,out
2025-01-06T09:24:00,12.342855699672773,out
2025-01-06T09:25:00,11.740316783727556,out
2025-01-06T09:26:00,11.956713754404067,out
2025-01-06T09:27:00,11.136771959397846,out
2025-01-06T09:28:00,11.792178284351959,out
2025-01-06T09:29:00,11.649341305135824,out
2025-01-06T09:30:00,12.14425960630282,out
2025-01-06T09:31:00,11.415580537845885,out
2025-01-06T09:32:00,11.51423509204736,out
2025-01-06T09:33:00,12.013473390277086,out
2025-01-06T09:34:00,11.5321232035502,out
2025-01-06T09:35:00,11.104321337666597,out
2025-01-06T09:36:00,12.547364823070895,out
2025-01-06T09:37:00,11.074060888489917,out
2025-01-06T09:38:00,11.45833770164583,out
2025-01-06T09:39:00,11.601546402633645,out
2025-01-06T09:40:00,11.548505621718716,out
2025-01-06T09:41:00,11.344083093975286,out
2025-01-06T09:42:00,11.324533273338496,out
2025-01-06T09:43:00,11.28285681965525,out
2025-01-06T09:44:00,10.908783877387949,out
2025-01-06T09:45:00,12.193509083886719,out
2025-01-06T09:46:00,11.22362554478701,out
2025-01-06T09:47:00,11.52853177424873,out
2025-01-06T09:48:00,11.133973067017527,out
2025-01-06T09:49:00,11.103941359265773,out
2025-01-06T09:50:00,11.041620185013082,out
2025-01-06T09:51:00,10.581748780297964,out
2025-01-06T09:52:00,11.115267129350915,out
2025-01-06T09:53:00,10.994480480183471,out
2025-01-06T09:54:00,11.603601191969627,out
2025-01-06T09:55:00,10.633959501929342,out
2025-01-06T09:56:00,10.859369578438399,out
2025-01-06T09:57:00,10.708382329760694,out
2025-01-06T09:58:00,11.62224233536896,out
2025-01-06T09:59:00,10.674880484331295,out
2025-01-06T10:00:00,11.224919937890458,out
2025-01-06T10:01:00,11.365363611413642,out
2025-01-06T10:02:00,10.896092196054637,out
2025-01-06T10:03:00,10.381003048605535,out
2025-01-06T10:04:00,10.363196177972574,out
2025-01-06T10:05:00,11.229838239434782,out
2025-01-06T10:06:00,10.35871495403773,out
2025-01-06T10:07:00,10.996728647533043,out
2025-01-06T10:08:00,10.862569020643598,out
2025-01-06T10:09:00,10.944540115675093,out
2025-01-06T10:10:00,10.959125602548568,out
2025-01-06T10:11:00,10.373775176934585,out
2025-01-06T10:12:00,10.333731726831388,out
2025-01-06T10:13:00,10.986561499864768,out
2025-01-06T10:14:00,10.42544903443309,out
2025-01-06T10:15:00,9.55367274451194,out
2025-01-06T10:16:00,10.889728999888037,out
2025-01-06T10:17:00,10.19216702919902,out
2025-01-06T10:18:00,10.769920932011892,out
2025-01-06T10:19:00,11.116541179135554,out
2025-01-06T10:20:00,10.54241455334899,out
2025-01-06T10:21:00,10.91026475788999,out
2025-01-06T10:22:00,10.549678528151922,out
2025-01-06T10:23:00,11.099284846937326,out
2025-01-06T10:24:00,10.01557701495196,out
2025-01-06T10:25:00,10.413194146985825,out
2025-01-06T10:26:00,10.661759055568059,out
2025-01-06T10:27:00,10.292298435501616,out
2025-01-06T10:28:00,10.805274369596738,out
2025-01-06T10:29:00,10.147449954016633,out
2025-01-06T10:30:00,11.123849054842115,out
2025-01-06T10:31:00,11.120770705823512,out
2025-01-06T10:32:00,10.360468358986406,out
2025-01-06T10:33:00,10.444385097200874,out
2025-01-06T10:34:00,10.675675934595644,out
2025-01-06T10:35:00,9.699749270115266,out
2025-01-06T10:36:00,9.625407691440685,out
2025-01-06T10:37:00,10.628313793529344,out
2025-01-06T10:38:00,10.210839676705998,out
2025-01-06T10:39:00,9.986100244073072,out
2025-01-06T10:40:00,10.056570181106501,out
2025-01-06T10:41:00,9.073083719074356,out
2025-01-06T10:42:00,9.926616229619842,out
2025-01-06T10:43:00,9.67692517589945,out
2025-01-06T10:44:00,10.320637580188984,out
2025-01-06T10:45:00,10.32664910317258,out
2025-01-06T10:46:00,10.134500032082522,out
2025-01-06T10:47:00,10.037166298422155,out
2025-01-06T10:48:00,9.255163266761576,out
2025-01-06T10:49:00,10.065443026166808,out
2025-01-06T10:50:00,10.055993975234982,out
2025-01-06T10:51:00,10.277326511360945,out
2025-01-06T10:52:00,10.601514153308523,out
2025-01-06T10:53:00,9.052153339375913,out
2025-01-06T10:54:00,9.548701337976267,out
2025-01-06T10:55:00,9.382067429322909,out
2025-01-06T10:56:00,9.722827010256035,out
2025-01-06T10:57:00,9.634003442477669,out
2025-01-06T10:58:00,9.509797427237485,out
2025-01-06T10:59:00,9.989229031308318,out
2025-01-06T11:00:00,9.112348586142808,out
2025-01-06T11:01:00,9.111163102276116,out
2025-01-06T11:02:00,9.092589915887462,out
2025-01-06T11:03:00,9.33278872320359,out
2025-01-06T11:04:00,8.960095287233292,out
2025-01-06T11:05:00,9.40668675843735,out
2025-01-06T11:06:00,9.334476105283102,out
2025-01-06T11:07:00,9.060596299934865,out
2025-01-06T11:08:00,9.699212827685677,out
2025-01-06T11:09:00,9.300384398814316,out
2025-01-06T11:10:00,9.72369662924134,out
2025-01-06T11:11:00,9.195046092456902,out
2025-01-06T11:12:00,9.237792189614009,out
2025-01-06T11:13:00,8.99673754496837,out
2025-01-06T11:14:00,9.193388990289018,out
2025-01-06T11:15:00,9.455434454549613,out
2025-01-06T11:16:00,8.98032027935117,out
2025-01-06T11:17:00,9.326509001066292,out
2025-01-06T11:18:00,8.768314368534602,out
2025-01-06T11:19:00,9.371281499051944,out
2025-01-06T11:20:00,8.809926735076818,out
2025-01-06T11:21:00,9.35676897238577,out
2025-01-06T11:22:00,9.014676252137532,out
2025-01-06T11:23:00,9.572836886979378,out
2025-01-06T11:24:00,8.476979699739694,out
2025-01-06T11:25:00,8.322269607814782,out
2025-01-06T11:26:00,8.640369568387463,out
2025-01-06T11:27:00,8.307111352733374,out
2025-01-06T11:28:00,8.281944647989102,out
2025-01-06T11:29:00,9.057725885826304,out
2025-01-06T11:30:00,8.781485635955258,out
2025-01-06T11:31:00,8.565321424133284,out
2025-01-06T11:32:00,8.576431021508718,out
2025-01-06T11:33:00,8.466329319016491,out
2025-01-06T11:34:00,9.339366949735055,out
2025-01-06T11:35:00,8.358998966054566,out
2025-01-06T11:36:00,8.098317220372593,out
2025-01-06T11:37:00,8.919548616667019,out
2025-01-06T11:38:00,8.48877226578224,out
2025-01-06T11:39:00,9.36451918750759,out
2025-01-06T11:40:00,8.312452200968313,out
2025-01-06T11:41:00,8.835242916975957,out
2025-01-06T11:42:00,8.903633506606802,out
2025-01-06T11:43:00,8.2361166082916,out
2025-01-06T11:44:00,8.121370535301141,out
2025-01-06T11:45:00,8.68896538775322,out
2025-01-06T11:46:00,8.596248004374708,out
2025-01-06T11:47:00,7.775912685095887,out
2025-01-06T11:48:00,7.862641482935806,out
2025-01-06T11:49:00,7.273296769148889,out
2025-01-06T11:50:00,8.49987106578356,out
2025-01-06T11:51:00,8.130828017300134,out
2025-01-06T11:52:00,8.14453681182491,out
2025-01-06T11:53:00,7.506653440178208,out
2025-01-06T11:54:00,7.717820748611517,out
2025-01-06T11:55:00,7.939705745180346,out
2025-01-06T11:56:00,7.835784198564574,out
2025-01-06T11:57:00,8.125672003635117,out
2025-01-06T11:58:00,8.285746463642964,out
2025-01-06T11:59:00,8.934024883422548,out
2025-01-06T12:00:00,7.99199318798766,out
2025-01-06T12:01:00,8.419981209530325,out
2025-01-06T12:02:00,7.615651676217868,out
2025-01-06T12:03:00,7.2514839005818095,out
2025-01-06T12:04:00,7.754364902692264,out
2025-01-06T12:05:00,7.230022002642948,out
2025-01-06T12:06:00,7.84880757702041,out
2025-01-06T12:07:00,7.504587270937601,out
2025-01-06T12:08:00,7.008894465083159,out
2025-01-06T12:09:00,8.458851163789655,out
2025-01-06T12:10:00,7.523258990565824,out
2025-01-06T12:11:00,7.057083507694289,out
2025-01-06T12:12:00,8.04525297874528,out
2025-01-06T12:13:00,7.368397529604044,out
2025-01-06T12:14:00,8.069775176267143,out
2025-01-06T12:15:00,7.314223490747938,out
2025-01-06T12:16:00,7.365102081430142,out
2025-01-06T12:17:00,7.693281742618432,out
2025-01-06T12:18:00,7.76653317791458,out
2025-01-06T12:19:00,7.810544249863016,out
2025-01-06T12:20:00,7.441169088022318,out
2025-01-06T12:21:00,7.662436976641413,out
2025-01-06T12:22:00,7.723176927648015,out
2025-01-06T12:23:00,7.4790992857543115,out
2025-01-06T12:24:00,7.315765975088387,out
2025-01-06T12:25:00,6.768680771595783,out
2025-01-06T12:26:00,7.560450380104574,out
2025-01-06T12:27:00,7.311645094909449,out
2025-01-06T12:28:00,7.103337598628843,out
2025-01-06T12:29:00,7.753912730621693,out
2025-01-06T12:30:00,6.645709393514368,out
2025-01-06T12:31:00,7.848508944503616,out
2025-01-06T12:32:00,7.156052082785817,out
2025-01-06T12:33:00,7.266051539454076,out
2025-01-06T12:34:00,6.955125887410259,out
2025-01-06T12:35:00,6.420430517851195,out
2025-01-06T12:36:00,7.005549250372327,out
2025-01-06T12:37:00,7.169442569134181,out
2025-01-06T12:38:00,7.280204543396988,out
2025-01-06T12:39:00,6.904689697530305,out
2025-01-06T12:40:00,6.08109499751666,out
2025-01-06T12:41:00,6.315674189323905,out
2025-01-06T12:42:00,7.727394696552436,out
2025-01-06T12:43:00,6.4438413904387435,out
2025-01-06T12:44:00,7.425965811036409,out
2025-01-06T12:45:00,6.455823372936183,out
2025-01-06T12:46:00,6.730810029605699,out
2025-01-06T12:47:00,7.028232796998922,out
2025-01-06T12:48:00,6.424452076461116,out
2025-01-06T12:49:00,7.363820021364962,out
2025-01-06T12:50:00,6.731653659598762,out
2025-01-06T12:51:00,6.860155728390873,out
2025-01-06T12:52:00,6.543250870729167,out
2025-01-06T12:53:00,6.888285769272356,out
2025-01-06T12:54:00,7.230844912804512,out
2025-01-06T12:55:00,6.521370270993672,out
2025-01-06T12:56:00,7.240353742701681,out
2025-01-06T12:57:00,6.278441918474425,out
2025-01-06T12:58:00,6.803358391414062,out
2025-01-06T12:59:00,6.668034045264078,out
2025-01-06T13:00:00,6.019652900311947,out
2025-01-06T13:01:00,6.5073365951071,out
2025-01-06T13:02:00,6.39951611867062,out
2025-01-06T13:03:00,6.030080430298826,out
2025-01-06T13:04:00,6.4893768387756605,out
2025-01-06T13:05:00,6.379541734257457,out
2025-01-06T13:06:00,6.266873152853576,out
2025-01-06T13:07:00,6.2433914035719855,out
2025-01-06T13:08:00,6.209765668094124,out
2025-01-06T13:09:00,6.073670701648072,out
2025-01-06T13:10:00,6.251698840980379,out
2025-01-06T13:11:00,5.9132485208864445,out
2025-01-06T13:12:00,7.208621830338333,out
2025-01-06T13:13:00,5.557283862911391,out
2025-01-06T13:14:00,5.862277630675674,out
2025-01-06T13:15:00,5.869066366350261,out
2025-01-06T13:16:00,6.862788438986879,out
2025-01-06T13:17:00,5.493802268432277,out
2025-01-06T13:18:00,6.167527763791815,out
2025-01-06T13:19:00,6.0718573179986475,out
2025-01-06T13:20:00,6.081320061915837,out
2025-01-06T13:21:00,6.417834922579444,out
2025-01-06T13:22:00,6.385087456342054,out
2025-01-06T13:23:00,5.693871041405678,out
2025-01-06T13:24:00,5.927399282525811,out
2025-01-06T13:25:00,5.079730957436945,out
2025-01-06T13:26:00,5.840629843062997,out
2025-01-06T13:27:00,5.459059603808221,out
2025-01-06T13:28:00,5.6778074691203235,out
2025-01-06T13:29:00,5.053959549958723,out
2025-01-06T13:30:00,5.865848320497087,out
2025-01-06T13:31:00,5.001106751948825,out
2025-01-06T13:32:00,5.71492707178102,out
2025-01-06T13:33:00,5.140934624485401,out
2025-01-06T13:34:00,5.26764917239419,out
2025-01-06T13:35:00,6.045412701865659,out
2025-01-06T13:36:00,5.7947473199106625,out
2025-01-06T13:37:00,5.995368139387364,out
2025-01-06T13:38:00,6.135731397063089,out
2025-01-06T13:39:00,5.178906091919529,out
2025-01-06T13:40:00,6.063879094532152,out
2025-01-06T13:41:00,4.854385298119686,out
2025-01-06T13:42:00,5.715373552968184,out
2025-01-06T13:43:00,5.195993369733538,out
2025-01-06T13:44:00,4.997653062209835,out
2025-01-06T13:45:00,5.592055805607791,out
2025-01-06T13:46:00,5.700793731408852,out
2025-01-06T13:47:00,5.665516708434023,out
2025-01-06T13:48:00,5.362000957120648,out
2025-01-06T13:49:00,5.305539429829964,out
2025-01-06T13:50:00,5.440254954869763,out
2025-01-06T13:51:00,5.327818508256209,out
2025-01-06T13:52:00,5.3997129591190465,out
2025-01-06T13:53:00,5.24168178133522,out
2025-01-06T13:54:00,5.474160968244887,out
2025-01-06T13:55:00,4.463184263863529,out
2025-01-06T13:56:00,5.038632888487447,out
2025-01-06T13:57:00,4.5147339534800555,out
2025-01-06T13:58:00,5.156139446421168,out
2025-01-06T13:59:00,5.679473048290244,out
2025-01-06T14:00:00,4.810366087221223,out
2025-01-06T14:01:00,5.028256949845736,out
2025-01-06T14:02:00,5.257364508204434,out
2025-01-06T14:03:00,4.105152310831078,out
2025-01-06T14:04:00,4.700927357681998,out
2025-01-06T14:05:00,5.033166714746006,out
2025-01-06T14:06:00,3.7062107214414244,out
2025-01-06T14:07:00,4.451993060858818,out
2025-01-06T14:08:00,5.260827603953307,out
2025-01-06T14:09:00,5.199511664686638,out
2025-01-06T14:10:00,4.925929640867112,out
2025-01-06T14:11:00,5.107032227769318,out
2025-01-06T14:12:00,4.818207483678432,out
2025-01-06T14:13:00,4.932398585857448,out
2025-01-06T14:14:00,4.562116604591408,out
2025-01-06T14:15:00,4.712903675051222,out
2025-01-06T14:16:00,4.391894424609187,out
2025-01-06T14:17:00,5.128563771502508,out
2025-01-06T14:18:00,5.21018634225191,out
2025-01-06T14:19:00,5.131984544701034,out
2025-01-06T14:20:00,4.395297877222597,out
2025-01-06T14:21:00,4.1556192440305795,out
2025-01-06T14:22:00,5.026571730034439,out
2025-01-06T14:23:00,4.712064887211968,out
2025-01-06T14:24:00,4.604722222854625,out
2025-01-06T14:25:00,4.198689275840451,out
2025-01-06T14:26:00,4.601328804546659,out
2025-01-06T14:27:00,3.9759411727112695,out
2025-01-06T14:28:00,4.6427348035193186,out
2025-01-06T14:29:00,4.919790751585143,out
2025-01-06T14:30:00,4.9998496435108795,out
2025-01-06T14:31:00,4.610105941437251,out
2025-01-06T14:32:00,3.753222528197618,out
2025-01-06T14:33:00,4.364368356519418,out
2025-01-06T14:34:00,5.120784877797379,out
2025-01-06T14:35:00,3.89701453071874,out
2025-01-06T14:36:00,4.200405024536894,out
2025-01-06T14:37:00,4.769177769345296,out
2025-01-06T14:38:00,4.430384247162849,out
2025-01-06T14:39:00,5.15542851791053,out
2025-01-06T14:40:00,3.850126588589323,out
2025-01-06T14:41:00,3.727353807845911,out
2025-01-06T14:42:00,4.592961884352988,out
2025-01-06T14:43:00,3.6050900339150678,out
2025-01-06T14:44:00,3.984938630529957,out
2025-01-06T14:45:00,4.017666491455768,out
2025-01-06T14:46:00,4.4386755000599525,out
2025-01-06T14:47:00,4.250417191205099,out
2025-01-06T14:48:00,4.1680423275175995,out
2025-01-06T14:49:00,3.8048268042313254,out
2025-01-06T14:50:00,4.432460361938813,out
2025-01-06T14:51:00,5.537525143893251,out
2025-01-06T14:52:00,4.184522679194199,out
2025-01-06T14:53:00,3.928770941060601,out
2025-01-06T14:54:00,3.35072735744063,out
2025-01-06T14:55:00,3.5959290855795376,out
2025-01-06T14:56:00,3.7465656836671073,out
2025-01-06T14:57:00,3.5994171448430765,out
2025-01-06T14:58:00,3.7881132803901627,out
2025-01-06T14:59:00,4.487118083987109,out
2025-01-06T15:00:00,4.25622607982841,out
2025-01-06T15:01:00,3.6753546596729847,out
2025-01-06T15:02:00,3.237185327208563,out
2025-01-06T15:03:00,4.237135396613034,out
2025-01-06T15:04:00,3.664339488583569,out
2025-01-06T15:05:00,2.9752160574005426,out
2025-01-06T15:06:00,3.9327258213235043,out
2025-01-06T15:07:00,4.040048854398997,out
2025-01-06T15:08:00,2.64151442831112,out
2025-01-06T15:09:00,3.264243086532734,out
2025-01-06T15:10:00,3.532154374616176,out
2025-01-06T15:11:00,3.8524955996024572,out
2025-01-06T15:12:00,3.3348324132859664,out
2025-01-06T15:13:00,3.190798988840227,out
2025-01-06T15:14:00,3.797133375138096,out
2025-01-06T15:15:00,3.301632205800493,out
2025-01-06T15:16:00,3.6885643788828655,out
2025-01-06T15:17:00,3.010003831705882,out
2025-01-06T15:18:00,2.8966309987052696,out
2025-01-06T15:19:00,3.7227128443329978,out
2025-01-06T15:20:00,3.504741305413026,out
2025-01-06T15:21:00,3.7559313008537316,out
2025-01-06T15:22:00,3.1572152993051077,out
2025-01-06T15:23:00,3.0356020145149905,out
2025-01-06T15:24:00,3.8814117862745388,out
2025-01-06T15:25:00,2.711509595844918,out
2025-01-06T15:26:00,3.804935342557762,out
2025-01-06T15:27:00,3.816300297708503,out
2025-01-06T15:28:00,3.6159712840661156,out
2025-01-06T15:29:00,2.9807395507327747,out
2025-01-06T15:30:00,2.9132704235624574,out
2025-01-06T15:31:00,3.139965675592997,out
2025-01-06T15:32:00,2.69017106898369,out
2025-01-06T15:33:00,2.8077995243522027,out
2025-01-06T15:34:00,3.434752552900317,out
2025-01-06T15:35:00,3.4210720200847677,out
2025-01-06T15:36:00,2.726068103136331,out
2025-01-06T15:37:00,3.401004882329953,out
2025-01-06T15:38:00,3.297028212158002,out
2025-01-06T15:39:00,3.7041051708607853,out
2025-01-06T15:40:00,3.3127423110130723,out
2025-01-06T15:41:00,3.4935507938407815,out
2025-01-06T15:42:00,3.2460739046400007,out
2025-01-06T15:43:00,3.4324331491157514,out
2025-01-06T15:44:00,2.5109277020426455,out
2025-01-06T15:45:00,2.962484543340367,out
2025-01-06T15:46:00,2.9810919603059802,out
2025-01-06T15:47:00,2.8847830861393295,out
2025-01-06T15:48:00,3.145531244454144,out
2025-01-06T15:49:00,3.2075177840119418,out
2025-01-06T15:50:00,3.096554155951162,out
2025-01-06T15:51:00,2.8548555172876395,out
2025-01-06T15:52:00,2.6174193911234065,out
2025-01-06T15:53:00,3.336761079689127,out
2025-01-06T15:54:00,3.024052140520989,out
2025-01-06T15:55:00,2.463083232602564,out
2025-01-06T15:56:00,2.779521179127481,out
2025-01-06T15:57:00,2.146241659908342,out
2025-01-06T15:58:00,2.8443732830898236,out
2025-01-06T15:59:00,2.7376349917341867,out
2025-01-06T16:00:00,2.57406079715123,out
2025-01-06T16:01:00,3.4246471889865537,out
2025-01-06T16:02:00,2.3154041765437716,out
2025-01-06T16:03:00,3.047581138236164,out
2025-01-06T16:04:00,3.6269650215363862,out
2025-01-06T16:05:00,3.170546627241637,out
2025-01-06T16:06:00,2.7144818111891076,out
2025-01-06T16:07:00,2.261028114998361,out
2025-01-06T16:08:00,2.1574895722126595,out
2025-01-06T16:09:00,2.5254534972387415,out
2025-01-06T16:10:00,2.403134707365106,out
2025-01-06T16:11:00,2.378078387502327,out
2025-01-06T16:12:00,2.523435472681291,out
2025-01-06T16:13:00,2.6012275023789173,out
2025-01-06T16:14:00,2.824478609445981,out
2025-01-06T16:15:00,2.1236450630189085,out
2025-01-06T16:16:00,2.3343382037517872,out
2025-01-06T16:17:00,2.531941730935488,out
2025-01-06T16:18:00,2.506294216531534,out
2025-01-06T16:19:00,3.307838610239165,out
2025-01-06T16:20:00,2.655051914869645,out
2025-01-06T16:21:00,1.9057050322657436,out
2025-01-06T16:22:00,2.707504919375446,out
2025-01-06T16:23:00,2.7476932276350574,out
2025-01-06T16:24:00,2.4686760428464956,out
2025-01-06T16:25:00,2.0227724555196485,out
2025-01-06T16:26:00,3.2008614318146513,out
2025-01-06T16:27:00,2.059299173674116,out
2025-01-06T16:28:00,2.7412797618517386,out
2025-01-06T16:29:00,2.5468143816028688,out
2025-01-06T16:30:00,2.6970470245441915,out
2025-01-06T16:31:00,3.1295001455615368,out
2025-01-06T16:32:00,2.661552421455691,out
2025-01-06T16:33:00,2.203676991951042,out
2025-01-06T16:34:00,2.8598915021590354,out
2025-01-06T16:35:00,2.1555130042855586,out
2025-01-06T16:36:00,2.463940645574908,out
2025-01-06T16:37:00,1.8719552986776238,out
2025-01-06T16:38:00,1.9666543735749216,out
2025-01-06T16:39:00,2.391406652639577,out
2025-01-06T16:40:00,2.5090789587169047,out
2025-01-06T16:41:00,1.671987659385369,out
2025-01-06T16:42:00,2.543066000647198,out
2025-01-06T16:43:00,2.007694287003977,out
2025-01-06T16:44:00,2.8387637526725658,out
2025-01-06T16:45:00,2.177633451499562,out
2025-01-06T16:46:00,1.860609160942808,out
2025-01-06T16:47:00,2.332127065972436,out
2025-01-06T16:48:00,1.9271669017975968,out
2025-01-06T16:49:00,2.793203258713588,out
2025-01-06T16:50:00,2.277910378523885,out
2025-01-06T16:51:00,2.2092096840195707,out
2025-01-06T16:52:00,2.498891871794194,out
2025-01-06T16:53:00,1.8525928594909993,out
2025-01-06T16:54:00,1.7314201286594377,out
2025-01-06T16:55:00,2.4030415054610836,out
2025-01-06T16:56:00,1.792561541166563,out
2025-01-06T16:57:00,1.7852645197783326,out
2025-01-06T16:58:00,2.5529196932366154,out
2025-01-06T16:59:00,2.4213017010207065,out
2025-01-06T17:00:00,1.7029132252844326,out
2025-01-06T17:01:00,1.9500699493398126,out
2025-01-06T17:02:00,1.8296215353528305,out
2025-01-06T17:03:00,2.8951422609757103,out
2025-01-06T17:04:00,2.540629813372268,out
2025-01-06T17:05:00,2.0036096427183234,out
2025-01-06T17:06:00,2.396258353351339,out
2025-01-06T17:07:00,1.6172499748649776,out
2025-01-06T17:08:00,1.8847211508127915,out
2025-01-06T17:09:00,2.1898913833256772,out
2025-01-06T17:10:00,2.323116256938763,out
2025-01-06T17:11:00,2.0976297110185556,out
2025-01-06T17:12:00,2.2303197998828623,out
2025-01-06T17:13:00,2.1570617490737525,out
2025-01-06T17:14:00,2.0550208114660986,out
2025-01-06T17:15:00,1.9968300807042625,out
2025-01-06T17:16:00,1.9397309502429048,out
2025-01-06T17:17:00,2.1980726170983784,out
2025-01-06T17:18:00,2.264796790296055,out
2025-01-06T17:19:00,2.175099481049788,out
2025-01-06T17:20:00,1.6197146619263274,out
2025-01-06T17:21:00,1.687092505194257,out
2025-01-06T17:22:00,2.241839113155843,out
2025-01-06T17:23:00,2.666691120906964,out
2025-01-06T17:24:00,2.1348361410526797,out
2025-01-06T17:25:00,1.9051635722026412,out
2025-01-06T17:26:00,2.155641002005612,out
2025-01-06T17:27:00,1.607363110076609,out
2025-01-06T17:28:00,2.5819688501651648,out
2025-01-06T17:29:00,2.1294422734819185,out
2025-01-06T17:30:00,1.7835479464729187,out
2025-01-06T17:31:00,1.9812521154845593,out
2025-01-06T17:32:00,1.8339085973266211,out
2025-01-06T17:33:00,2.5662572489971742,out
2025-01-06T17:34:00,1.9576728301616546,out
2025-01-06T17:35:00,2.0978082691123228,out
2025-01-06T17:36:00,2.262359210450879,out
2025-01-06T17:37:00,1.7338822489887153,out
2025-01-06T17:38:00,2.105106596250992,out
2025-01-06T17:39:00,2.134944662309715,out
2025-01-06T17:40:00,1.4012002830412786,out
2025-01-06T17:41:00,2.1216855805244754,out
2025-01-06T17:42:00,2.000191171623977,out
2025-01-06T17:43:00,2.0684854062494846,out
2025-01-06T17:44:00,2.028867583837281,out
2025-01-06T17:45:00,2.1165144097484143,out
2025-01-06T17:46:00,2.546128499739263,out
2025-01-06T17:47:00,1.5378470118218648,out
2025-01-06T17:48:00,1.8713618572723896,out
2025-01-06T17:49:00,2.273557132675431,out
2025-01-06T17:50:00,2.198081017600019,out
2025-01-06T17:51:00,2.1883880038924963,out
2025-01-06T17:52:00,3.1050859241547615,out
2025-01-06T17:53:00,2.248452664626405,out
2025-01-06T17:54:00,2.454431168648666,out
2025-01-06T17:55:00,1.8785990139795417,out
2025-01-06T17:56:00,1.603748879502739,out
2025-01-06T17:57:00,1.8747870628625045,out
2025-01-06T17:58:00,2.2850125301523345,out
2025-01-06T17:59:00,2.1627882576072635,out
2025-01-06T18:00:00,2.1613005482395518,out
2025-01-06T18:01:00,1.9143193609567424,out
2025-01-06T18:02:00,1.850707414089782,out
2025-01-06T18:03:00,1.928571136838647,out
2025-01-06T18:04:00,2.290704009127737,out
2025-01-06T18:05:00,2.337718808788712,out
2025-01-06T18:06:00,1.599559390278165,out
2025-01-06T18:07:00,2.3077354787523023,out
2025-01-06T18:08:00,1.7433665455829328,out
2025-01-06T18:09:00,2.1921944432920824,out
2025-01-06T18:10:00,1.9289243735238573,out
2025-01-06T18:11:00,2.6332251007858885,out
2025-01-06T18:12:00,1.8409929398800977,out
2025-01-06T18:13:00,2.0810947130138193,out
2025-01-06T18:14:00,2.253828472492569,out
2025-01-06T18:15:00,1.6632629205192258,out
2025-01-06T18:16:00,1.9854728762702762,out
2025-01-06T18:17:00,1.9098649355538317,out
2025-01-06T18:18:00,1.8129706042388432,out
2025-01-06T18:19:00,1.8447177844201357,out
2025-01-06T18:20:00,2.4676376507042423,out
2025-01-06T18:21:00,1.785750140647894,out
2025-01-06T18:22:00,2.254185962865567,out
2025-01-06T18:23:00,2.1560268913069853,out
2025-01-06T18:24:00,1.4740765814802876,out
2025-01-06T18:25:00,2.2433297460366575,out
2025-01-06T18:26:00,1.473163582037396,out
2025-01-06T18:27:00,2.2928259895365057,out
2025-01-06T18:28:00,1.8418464328997282,out
2025-01-06T18:29:00,2.0513172032242912,out
2025-01-06T18:30:00,1.5336188519066023,out
2025-01-06T18:31:00,2.103757545120628,out
2025-01-06T18:32:00,2.429171754738822,out
2025-01-06T18:33:00,1.739305507872927,out
2025-01-06T18:34:00,1.8230379853708911,out
2025-01-06T18:35:00,2.2516793466204295,out
2025-01-06T18:36:00,2.2657172858879475,out
2025-01-06T18:37:00,1.104350081275205,out
2025-01-06T18:38:00,2.8884489362897203,out
2025-01-06T18:39:00,2.298085039070865,out
2025-01-06T18:40:00,2.3699209469079365,out
2025-01-06T18:41:00,2.0383396354574486,out
2025-01-06T18:42:00,1.3583291511953763,out
2025-01-06T18:43:00,2.3751864381470322,out
2025-01-06T18:44:00,1.8841616880216558,out
2025-01-06T18:45:00,2.3328609952539487,out
2025-01-06T18:46:00,2.032931344169927,out
2025-01-06T18:47:00,2.2209429167390446,out
2025-01-06T18:48:00,1.8211158430334662,out
2025-01-06T18:49:00,2.482368938295498,out
2025-01-06T18:50:00,1.6668723414973297,out
2025-01-06T18:51:00,3.046173847084599,out
2025-01-06T18:52:00,3.0489590652833947,out
2025-01-06T18:53:00,2.8128042834239144,out
2025-01-06T18:54:00,2.675972071923736,out
2025-01-06T18:55:00,2.1381282378269684,out
2025-01-06T18:56:00,2.644844324642899,out
2025-01-06T18:57:00,2.146143942449017,out
2025-01-06T18:58:00,1.5697071408332257,out
2025-01-06T18:59:00,2.7990049321286126,out
2025-01-06T19:00:00,2.6559748274345893,out
2025-01-06T19:01:00,2.1987404139649462,out
2025-01-06T19:02:00,1.7281435778158012,out
2025-01-06T19:03:00,1.9907883106465265,out
2025-01-06T19:04:00,1.5039715904150843,out
2025-01-06T19:05:00,2.6177332147316212,out
2025-01-06T19:06:00,1.6057580040451607,out
2025-01-06T19:07:00,2.3693041832297763,out
2025-01-06T19:08:00,1.9246941251099043,out
2025-01-06T19:09:00,1.6991989552570836,out
2025-01-06T19:10:00,2.3730403328220624,out
2025-01-06T19:11:00,2.152105448015513,out
2025-01-06T19:12:00,2.6289365443992234,out
2025-01-06T19:13:00,1.7947631352972537,out
2025-01-06T19:14:00,2.0071322105732743,out
2025-01-06T19:15:00,1.3633623396330097,out
2025-01-06T19:16:00,1.4531498734729318,out
2025-01-06T19:17:00,3.0547428416346887,out
2025-01-06T19:18:00,3.1775903510867876,out
2025-01-06T19:19:00,2.390034390551349,out
2025-01-06T19:20:00,2.032312768921938,out
2025-01-06T19:21:00,2.2514724142690463,out
2025-01-06T19:22:00,2.7293965455041547,out
2025-01-06T19:23:00,2.1834331339551083,out
2025-01-06T19:24:00,2.493570987833462,out
2025-01-06T19:25:00,2.402850364110708,out
2025-01-06T19:26:00,2.18996952407471,out
2025-01-06T19:27:00,2.2166655843717074,out
2025-01-06T19:28:00,2.5542252212734824,out
2025-01-06T19:29:00,2.056001721339613,out
2025-01-06T19:30:00,2.637414543181676,out
2025-01-06T19:31:00,2.278162586117608,out
2025-01-06T19:32:00,2.527917801144642,out
2025-01-06T19:33:00,3.040837765574028,out
2025-01-06T19:34:00,2.4303627355984703,out
2025-01-06T19:35:00,2.87605286136011,out
2025-01-06T19:36:00,1.8019141117908615,out
2025-01-06T19:37:00,2.34128253308123,out
2025-01-06T19:38:00,2.551307823171171,out
2025-01-06T19:39:00,3.320473228732098,out
2025-01-06T19:40:00,1.7781724444761302,out
2025-01-06T19:41:00,2.5347851825166683,out
2025-01-06T19:42:00,3.167163834267331,out
2025-01-06T19:43:00,2.281802401957715,out
2025-01-06T19:44:00,2.522100198034722,out
2025-01-06T19:45:00,2.75145914482608,out
2025-01-06T19:46:00,2.7041972518769564,out
2025-01-06T19:47:00,3.26843452971494,out
2025-01-06T19:48:00,2.8333503788990844,out
2025-01-06T19:49:00,3.197006309291269,out
2025-01-06T19:50:00,2.5339316580067077,out
2025-01-06T19:51:00,2.393864010721634,out
2025-01-06T19:52:00,2.6120251656385696,out
2025-01-06T19:53:00,2.251014333420633,out
2025-01-06T19:54:00,2.920502002512235,out
2025-01-06T19:55:00,2.585288220652846,out
2025-01-06T19:56:00,2.483566197172627,out
2025-01-06T19:57:00,2.964487321411612,out
2025-01-06T19:58:00,2.320379513170882,out
2025-01-06T19:59:00,3.099007998607462,out
2025-01-06T20:00:00,2.6125126218968227,out
2025-01-06T20:01:00,3.2806255464113003,out
2025-01-06T20:02:00,2.6731300060590213,out
2025-01-06T20:03:00,3.0963253976144367,out
2025-01-06T20:04:00,2.9288211452964736,out
2025-01-06T20:05:00,3.1680895254481016,out
2025-01-06T20:06:00,2.9281377707344856,out
2025-01-06T20:07:00,2.232527685089315,out
2025-01-06T20:08:00,3.315228838758289,out
2025-01-06T20:09:00,2.8905599007929923,out
2025-01-06T20:10:00,3.255457756064607,out
2025-01-06T20:11:00,3.2298645129611856,out
2025-01-06T20:12:00,2.658657999922919,out
2025-01-06T20:13:00,2.6163649028433262,out
2025-01-06T20:14:00,3.2588271081765976,out
2025-01-06T20:15:00,2.8898827144205055,out
2025-01-06T20:16:00,3.4003462764563332,out
2025-01-06T20:17:00,2.969181128091645,out
2025-01-06T20:18:00,3.46460677924721,out
2025-01-06T20:19:00,3.239440166030649,out
2025-01-06T20:20:00,3.200277731751701,out
2025-01-06T20:21:00,2.950546189533812,out
2025-01-06T20:22:00,3.208277935486689,out
2025-01-06T20:23:00,3.6076971941910094,out
2025-01-06T20:24:00,3.1242118502849894,out
2025-01-06T20:25:00,3.3738021518686505,out
2025-01-06T20:26:00,3.195402866796559,out
2025-01-06T20:27:00,3.242318740951788,out
2025-01-06T20:28:00,3.8975512424915473,out
2025-01-06T20:29:00,3.704679997208075,out
2025-01-06T20:30:00,3.2716414843308654,out
2025-01-06T20:31:00,3.3416441927113447,out
2025-01-06T20:32:00,2.9911872769392738,out
2025-01-06T20:33:00,3.2189097962095445,out
2025-01-06T20:34:00,3.428110173904961,out
2025-01-06T20:35:00,3.66093853727036,out
2025-01-06T20:36:00,3.636812590022545,out
2025-01-06T20:37:00,2.909940513145087,out
2025-01-06T20:38:00,3.7610455919451122,out
2025-01-06T20:39:00,3.3514395358082045,out
2025-01-06T20:40:00,3.0089367990151015,out
2025-01-06T20:41:00,3.9551590762775826,out
2025-01-06T20:42:00,4.022875805094985,out
2025-01-06T20:43:00,3.5601088866319586,out
2025-01-06T20:44:00,3.755259959425456,out
2025-01-06T20:45:00,3.795940838623905,out
2025-01-06T20:46:00,4.064574536390886,out
2025-01-06T20:47:00,3.8148831598024944,out
2025-01-06T20:48:00,3.010055736160211,out
2025-01-06T20:49:00,4.362614334667465,out
2025-01-06T20:50:00,4.002598734931253,out
2025-01-06T20:51:00,3.3902552612767636,out
2025-01-06T20:52:00,3.200027761341998,out
2025-01-06T20:53:00,3.8316995528672195,out
2025-01-06T20:54:00,3.5364497585792325,out
2025-01-06T20:55:00,3.797814369241043,out
2025-01-06T20:56:00,3.9813239344793936,out
2025-01-06T20:57:00,3.475611584253353,out
2025-01-06T20:58:00,3.274054108001176,out
2025-01-06T20:59:00,3.893215133409081,out
2025-01-06T21:00:00,3.5440041707699304,out
2025-01-06T21:01:00,3.8343499675571264,out
2025-01-06T21:02:00,3.257213839415969,out
2025-01-06T21:03:00,3.712384151160047,out
2025-01-06T21:04:00,4.118030533662001,out
2025-01-06T21:05:00,4.09329466836509,out
2025-01-06T21:06:00,3.554529357488159,out
2025-01-06T21:07:00,3.421596310314618,out
2025-01-06T21:08:00,3.9143153155257218,out
2025-01-06T21:09:00,4.151608645610112,out
2025-01-06T21:10:00,4.10852881038306,out
2025-01-06T21:11:00,3.760935217647472,out
2025-01-06T21:12:00,4.104346138841499,out
2025-01-06T21:13:00,4.605652192505371,out
2025-01-06T21:14:00,4.106337585629166,out
2025-01-06T21:15:00,3.390665935072122,out
2025-01-06T21:16:00,4.144925961297199,out
2025-01-06T21:17:00,4.901024273708698,out
2025-01-06T21:18:00,3.5883553847726515,out
2025-01-06T21:19:00,4.13514598687382,out
2025-01-06T21:20:00,4.052740168667907,out
2025-01-06T21:21:00,4.201719171826517,out
2025-01-06T21:22:00,4.261231539594927,out
2025-01-06T21:23:00,4.6597568230500785,out
2025-01-06T21:24:00,4.257990968261275,out
2025-01-06T21:25:00,4.755362989780442,out
2025-01-06T21:26:00,4.217849916659671,out
2025-01-06T21:27:00,4.145381594551126,out
2025-01-06T21:28:00,4.038357954830595,out
2025-01-06T21:29:00,3.599861508145233,out
2025-01-06T21:30:00,4.457743990718004,out
2025-01-06T21:31:00,5.189836187131366,out
2025-01-06T21:32:00,4.572404052002053,out
2025-01-06T21:33:00,4.684751338240718,out
2025-01-06T21:34:00,4.265850749486175,out
2025-01-06T21:35:00,4.354408753309046,out
2025-01-06T21:36:00,4.867145081578442,out
2025-01-06T21:37:00,5.2979794622913,out
2025-01-06T21:38:00,5.110961440053072,out
2025-01-06T21:39:00,4.859226711667792,out
2025-01-06T21:40:00,4.572601613649915,out
2025-01-06T21:41:00,4.663906990129101,out
2025-01-06T21:42:00,4.300159650679695,out
2025-01-06T21:43:00,4.043903425308522,out
2025-01-06T21:44:00,4.194123236071542,out
2025-01-06T21:45:00,4.686498615691165,out
2025-01-06T21:46:00,4.571581183556987,out
2025-01-06T21:47:00,4.122463940992617,out
2025-01-06T21:48:00,4.71723643828992,out
2025-01-06T21:49:00,4.6267810420056374,out
2025-01-06T21:50:00,4.307062807805407,out
2025-01-06T21:51:00,4.650241300258288,out
2025-01-06T21:52:00,4.692103214314221,out
2025-01-06T21:53:00,4.596061602118987,out
2025-01-06T21:54:00,5.235676677614678,out
2025-01-06T21:55:00,4.126199826199544,out
2025-01-06T21:56:00,4.1154519542552865,out
2025-01-06T21:57:00,4.933555797317329,out
2025-01-06T21:58:00,4.9932206979927045,out
2025-01-06T21:59:00,5.139042192134405,out
2025-01-06T22:00:00,4.784410596688339,out
2025-01-06T22:01:00,4.655531455911799,out
2025-01-06T22:02:00,5.042532186301202,out
2025-01-06T22:03:00,4.891641296879059,out
2025-01-06T22:04:00,5.711570840384246,out
2025-01-06T22:05:00,4.98437648651359,out
2025-01-06T22:06:00,5.115773377755515,out
2025-01-06T22:07:00,6.1502492527301165,out
2025-01-06T22:08:00,5.105266532592384,out
2025-01-06T22:09:00,5.428775624128974,out
2025-01-06T22:10:00,5.48803209394431,out
2025-01-06T22:11:00,5.54531716678552,out
2025-01-06T22:12:00,5.391851907727198,out
2025-01-06T22:13:00,5.376945671539575,out
2025-01-06T22:14:00,5.362946837275978,out
2025-01-06T22:15:00,5.115870297792471,out
2025-01-06T22:16:00,5.499980640401234,out
2025-01-06T22:17:00,6.204786790543329,out
2025-01-06T22:18:00,5.90120618273565,out
2025-01-06T22:19:00,5.562154769481105,out
2025-01-06T22:20:00,5.806622348798204,out
2025-01-06T22:21:00,5.140371211283178,out
2025-01-06T22:22:00,5.407635682382651,out
2025-01-06T22:23:00,5.914826821992734,out
2025-01-06T22:24:00,6.154447018928455,out
2025-01-06T22:25:00,5.275173392009409,out
2025-01-06T22:26:00,5.414070262679246,out
2025-01-06T22:27:00,6.504087179245801,out
2025-01-06T22:28:00,5.694117728971939,out
2025-01-06T22:29:00,6.409079019259224,out
2025-01-06T22:30:00,5.786642332719778,out
2025-01-06T22:31:00,5.826580408815579,out
2025-01-06T22:32:00,5.630164084440574,out
2025-01-06T22:33:00,6.153677431545044,out
2025-01-06T22:34:00,6.34410365977579,out
2025-01-06T22:35:00,5.411370878241421,out
2025-01-06T22:36:00,5.708812081840005,out
2025-01-06T22:37:00,6.240285181763377,out
2025-01-06T22:38:00,5.846936257329451,out
2025-01-06T22:39:00,5.725943470121749,out
2025-01-06T22:40:00,6.351696001593743,out
2025-01-06T22:41:00,6.413880973865039,out
2025-01-06T22:42:00,5.817302008328521,out
2025-01-06T22:43:00,6.106802739618459,out
2025-01-06T22:44:00,5.563201154895374,out
2025-01-06T22:45:00,5.713170843989522,out
2025-01-06T22:46:00,6.145838154422774,out
2025-01-06T22:47:00,6.133579876129418,out
2025-01-06T22:48:00,5.7591475970580435,out
2025-01-06T22:49:00,5.8844246359416905,out
2025-01-06T22:50:00,5.769747454992126,out
2025-01-06T22:51:00,6.402774492911851,out
2025-01-06T22:52:00,5.458714092986815,out
2025-01-06T22:53:00,5.866191499371385,out
2025-01-06T22:54:00,5.5507313126435385,out
2025-01-06T22:55:00,6.488634157357246,out
2025-01-06T22:56:00,5.625082445076094,out
2025-01-06T22:57:00,6.384048980223742,out
2025-01-06T22:58:00,7.052379349829405,out
2025-01-06T22:59:00,7.091186305760491,out
2025-01-06T23:00:00,5.724722701713329,out
2025-01-06T23:01:00,6.591752151419203,out
2025-01-06T23:02:00,6.10213145712116,out
2025-01-06T23:03:00,6.045825827541932,out
2025-01-06T23:04:00,6.503080644645962,out
2025-01-06T23:05:00,7.065201108816213,out
2025-01-06T23:06:00,6.839191366552716,out
2025-01-06T23:07:00,6.338741283072371,out
2025-01-06T23:08:00,6.932307272900781,out
2025-01-06T23:09:00,5.778332057118296,out
2025-01-06T23:10:00,6.400183996998064,out
2025-01-06T23:11:00,6.397377349180802,out
2025-01-06T23:12:00,6.7838581317890005,out
2025-01-06T23:13:00,6.697018307694924,out
2025-01-06T23:14:00,6.747203956048854,out
2025-01-06T23:15:00,6.759570255860771,out
2025-01-06T23:16:00,6.864108924136365,out
2025-01-06T23:17:00,7.0969081707308845,out
2025-01-06T23:18:00,6.966319257488075,out
2025-01-06T23:19:00,6.818598000515094,out
2025-01-06T23:20:00,7.118810245920303,out
2025-01-06T23:21:00,7.314352394366933,out
2025-01-06T23:22:00,6.787304008546862,out
2025-01-06T23:23:00,7.011783514107956,out
2025-01-06T23:24:00,7.526155834977235,out
2025-01-06T23:25:00,6.646155411953547,out
2025-01-06T23:26:00,7.8350244117247065,out
2025-01-06T23:27:00,6.603382278157091,out
2025-01-06T23:28:00,7.026815549757713,out
2025-01-06T23:29:00,6.810818419607262,out
2025-01-06T23:30:00,8.09201364542745,out
2025-01-06T23:31:00,7.04146617364613,out
2025-01-06T23:32:00,7.068447476957675,out
2025-01-06T23:33:00,7.146476119276983,out
2025-01-06T23:34:00,7.35902184055012,out
2025-01-06T23:35:00,7.215422039326392,out
2025-01-06T23:36:00,7.319674498545107,out
2025-01-06T23:37:00,5.987187649118039,out
2025-01-06T23:38:00,7.447789419279382,out
2025-01-06T23:39:00,7.458112936614242,out
2025-01-06T23:40:00,7.89249306247901,out
2025-01-06T23:41:00,8.026775134238541,out
2025-01-06T23:42:00,7.454162201076178,out
2025-01-06T23:43:00,7.881840691497158,out
2025-01-06T23:44:00,7.140833645357301,out
2025-01-06T23:45:00,7.914518161697562,out
2025-01-06T23:46:00,7.40471844313701,out
2025-01-06T23:47:00,7.1859642873677,out
2025-01-06T23:48:00,7.611748791260706,out
2025-01-06T23:49:00,8.272320207751042,out
2025-01-06T23:50:00,7.81068589050032,out
2025-01-06T23:51:00,8.36303636451694,out
2025-01-06T23:52:00,7.491109934258676,out
2025-01-06T23:53:00,8.235909362560268,out
2025-01-06T23:54:00,7.582074295257952,out
2025-01-06T23:55:00,7.959242158388287,out
2025-01-06T23:56:00,7.981958692840042,out
2025-01-06T23:57:00,8.186059120141582,out
2025-01-06T23:58:00,8.047937034974272,out
2025-01-06T23:59:00,7.678146329162781,out
2025-01-07T00:00:00,8.352122780837016,out
2025-01-07T00:01:00,8.71884249343863,out
2025-01-07T00:02:00,7.818837844087794,out
2025-01-07T00:03:00,7.344444742850055,out
2025-01-07T00:04:00,8.304442265965223,out
2025-01-07T00:05:00,7.998417152586474,out
2025-01-07T00:06:00,8.10462054746509,out
2025-01-07T00:07:00,8.405702181551314,out
2025-01-07T00:08:00,8.026840008284745,out
2025-01-07T00:09:00,8.128018106016926,out
2025-01-07T00:10:00,8.221668517417367,out
2025-01-07T00:11:00,8.87577034632206,out
2025-01-07T00:12:00,8.326043579103088,out
2025-01-07T00:13:00,7.845887293054277,out
2025-01-07T00:14:00,7.887939844752696,out
2025-01-07T00:15:00,8.448110744044703,out
2025-01-07T00:16:00,7.966767642188367,out
2025-01-07T00:17:00,7.8197295464027,out
2025-01-07T00:18:00,8.724968970740646,out
2025-01-07T00:19:00,8.770648606220659,out
2025-01-07T00:20:00,8.375679842928388,out
2025-01-07T00:21:00,8.666473428441082,out
2025-01-07T00:22:00,8.650323172799531,out
2025-01-07T00:23:00,8.842096124060083,out
2025-01-07T00:24:00,8.869070741181835,out
2025-01-07T00:25:00,7.610885814100896,out
2025-01-07T00:26:00,8.583019699214486,out
2025-01-07T00:27:00,8.912386060018285,out
2025-01-07T00:28:00,8.567033424015246,out
2025-01-07T00:29:00,8.77167487051888,out
2025-01-07T00:30:00,9.083437145991514,out
2025-01-07T00:31:00,8.84147567494318,out
2025-01-07T00:32:00,9.43820637265432,out
2025-01-07T00:33:00,9.31175023285951,out
2025-01-07T00:34:00,8.83943080558908,out
2025-01-07T00:35:00,8.833521848849582,out
2025-01-07T00:36:00,7.798477148160836,out
2025-01-07T00:37:00,8.833854514866747,out
2025-01-07T00:38:00,8.448978078079858,out
2025-01-07T00:39:00,9.104588839894404,out
2025-01-07T00:40:00,9.103037350449553,out
2025-01-07T00:41:00,9.346003575253736,out
2025-01-07T00:42:00,9.652081341732137,out
2025-01-07T00:43:00,9.108636444183599,out
2025-01-07T00:44:00,10.05702049702853,out
2025-01-07T00:45:00,9.26352251018472,out
2025-01-07T00:46:00,8.672121049016521,out
2025-01-07T00:47:00,8.997021756797011,out
2025-01-07T00:48:00,9.098371464783426,out
2025-01-07T00:49:00,9.50991689340003,out
2025-01-07T00:50:00,8.919737723536903,out
2025-01-07T00:51:00,9.204994257005215,out
2025-01-07T00:52:00,9.285290213744727,out
2025-01-07T00:53:00,9.195954022472241,out
2025-01-07T00:54:00,9.725238335807298,out
2025-01-07T00:55:00,9.682643909343163,out
2025-01-07T00:56:00,9.918158227639577,out
2025-01-07T00:57:00,9.344509685729468,out
2025-01-07T00:58:00,9.983291051385802,out
2025-01-07T00:59:00,8.982012854842344,out
2025-01-07T01:00:00,8.997560550219182,out
2025-01-07T01:01:00,9.092666612311367,out
2025-01-07T01:02:00,9.607114933522384,out
2025-01-07T01:03:00,10.109593945821517,out
2025-01-07T01:04:00,9.412967302646116,out
2025-01-07T01:05:00,9.488296722200154,out
2025-01-07T01:06:00,9.617684886099783,out
2025-01-07T01:07:00,9.958308858159581,out
2025-01-07T01:08:00,9.563180106994578,out
2025-01-07T01:09:00,9.565882666686816,out
2025-01-07T01:10:00,9.266076691682558,out
2025-01-07T01:11:00,9.600497349697216,out
2025-01-07T01:12:00,10.32508666742382,out
2025-01-07T01:13:00,9.915353242293893,out
2025-01-07T01:14:00,9.607886134331354,out
2025-01-07T01:15:00,10.423094380910516,out
2025-01-07T01:16:00,9.71932352591884,out
2025-01-07T01:17:00,10.546126103369687,out
2025-01-07T01:18:00,10.564283946562648,out
2025-01-07T01:19:00,10.049904958569815,out
2025-01-07T01:20:00,9.452701049005327,out
2025-01-07T01:21:00,10.992502588603253,out
2025-01-07T01:22:00,10.256154710062619,out
2025-01-07T01:23:00,9.996191418098059,out
2025-01-07T01:24:00,10.532658863181828,out
2025-01-07T01:25:00,10.455549344510755,out
2025-01-07T01:26:00,10.723382700300329,out
2025-01-07T01:27:00,9.958405509587033,out
2025-01-07T01:28:00,10.375028925605207,out
2025-01-07T01:29:00,9.797543612016606,out
2025-01-07T01:30:00,10.562634352487017,out
2025-01-07T01:31:00,10.311087621970037,out
2025-01-07T01:32:00,10.456790473130358,out
2025-01-07T01:33:00,10.30992324876941,out
2025-01-07T01:34:00,10.29209888531613,out
2025-01-07T01:35:00,10.069187669546539,out
2025-01-07T01:36:00,10.7565919443285,out
2025-01-07T01:37:00,11.060194730377408,out
2025-01-07T01:38:00,10.265492112373373,out
2025-01-07T01:39:00,10.733374627212983,out
2025-01-07T01:40:00,10.708583020308273,out
2025-01-07T01:41:00,10.562651563948277,out
2025-01-07T01:42:00,9.97242828750387,out
2025-01-07T01:43:00,10.086032603982256,out
2025-01-07T01:44:00,10.31783410027383,out
2025-01-07T01:45:00,9.798130251885231,out
2025-01-07T01:46:00,11.2403991706211,out
2025-01-07T01:47:00,10.847671937896498,out
2025-01-07T01:48:00,10.711958579077638,out
2025-01-07T01:49:00,9.871149162994582,out
2025-01-07T01:50:00,10.040943337402018,out
2025-01-07T01:51:00,10.792750566675863,out
2025-01-07T01:52:00,11.605025362908917,out
2025-01-07T01:53:00,10.560460324759811,out
2025-01-07T01:54:00,11.208471767322614,out
2025-01-07T01:55:00,10.693971650446333,out
2025-01-07T01:56:00,10.930953425193564,out
2025-01-07T01:57:00,11.4176009885389,out
2025-01-07T01:58:00,10.816160708554188,out
2025-01-07T01:59:00,10.7012570588304,out
2025-01-07T02:00:00,11.567228221649913,out
2025-01-07T02:01:00,11.04086699071857,out
2025-01-07T02:02:00,11.48171221399867,out
2025-01-07T02:03:00,10.793658959108418,out
2025-01-07T02:04:00,11.6528981330447,out
2025-01-07T02:05:00,11.222090458776961,out
2025-01-07T02:06:00,11.308906438781547,out
2025-01-07T02:07:00,11.20993526648288,out
2025-01-07T02:08:00,10.977325592600625,out
2025-01-07T02:09:00,11.20101397129568,out
2025-01-07T02:10:00,11.0467615548852,out
2025-01-07T02:11:00,11.629665253265884,out
2025-01-07T02:12:00,11.18661134326267,out
2025-01-07T02:13:00,10.6911564860019,out
2025-01-07T02:14:00,10.639852417876616,out
2025-01-07T02:15:00,10.642734137189425,out
2025-01-07T02:16:00,11.602345723846044,out
2025-01-07T02:17:00,10.916227841621023,out
2025-01-07T02:18:00,11.518471731884416,out
2025-01-07T02:19:00,11.47461038257438,out
2025-01-07T02:20:00,11.415575180142364,out
2025-01-07T02:21:00,11.63823322157635,out
2025-01-07T02:22:00,11.547539149101853,out
2025-01-07T02:23:00,10.421606096712233,out
2025-01-07T02:24:00,11.39726141741542,out
2025-01-07T02:25:00,11.717899143806845,out
2025-01-07T02:26:00,12.225049844810028,out
2025-01-07T02:27:00,12.264530650056939,out
2025-01-07T02:28:00,11.065629933478176,out
2025-01-07T02:29:00,11.491873808532247,out
2025-01-07T02:30:00,11.026122648569118,out
2025-01-07T02:31:00,12.281257710250726,out
2025-01-07T02:32:00,12.099111335213369,out
2025-01-07T02:33:00,11.854798850604276,out
2025-01-07T02:34:00,11.801525764329806,out
2025-01-07T02:35:00,12.307793273244119,out
2025-01-07T02:36:00,12.260452424203057,out
2025-01-07T02:37:00,12.259449850037525,out
2025-01-07T02:38:00,11.999141265579471,out
2025-01-07T02:39:00,11.69694269207783,out
2025-01-07T02:40:00,12.163575590926248,out
2025-01-07T02:41:00,12.20316063995982,out
2025-01-07T02:42:00,11.820433302144313,out
2025-01-07T02:43:00,11.776058947242637,out
2025-01-07T02:44:00,12.38967948176633,out
2025-01-07T02:45:00,12.62172133410826,out
2025-01-07T02:46:00,11.675961976928525,out
2025-01-07T02:47:00,11.889939325825793,out
2025-01-07T02:48:00,12.15515686873501,out
2025-01-07T02:49:00,12.228840443707435,out
2025-01-07T02:50:00,11.84459470199743,out
2025-01-07T02:51:00,12.826212725335257,out
2025-01-07T02:52:00,12.26082826659305,out
2025-01-07T02:53:00,12.32365130534637,out
2025-01-07T02:54:00,12.833681086767223,out
2025-01-07T02:55:00,11.96945368459578,out
2025-01-07T02:56:00,12.132577472177074,out
2025-01-07T02:57:00,11.685413867441435,out
2025-01-07T02:58:00,12.136515396897652,out
2025-01-07T02:59:00,11.628517337161645,out
2025-01-07T03:00:00,12.541780428796537,out
2025-01-07T03:01:00,12.429110953767694,out
2025-01-07T03:02:00,12.168674972109661,out
2025-01-07T03:03:00,12.257642177420777,out
2025-01-07T03:04:00,12.620625368107495,out
2025-01-07T03:05:00,11.879865337602569,out
2025-01-07T03:06:00,12.433913373054734,out
2025-01-07T03:07:00,12.6500297418779,out
2025-01-07T03:08:00,11.675212578752129,out
2025-01-07T03:09:00,12.679910258894926,out
2025-01-07T03:10:00,11.754039035556097,out
2025-01-07T03:11:00,12.394270971380362,out
2025-01-07T03:12:00,11.993512511226259,out
2025-01-07T03:13:00,13.04884288208619,out
2025-01-07T03:14:00,12.030885903073065,out
2025-01-07T03:15:00,11.850962888087702,out
2025-01-07T03:16:00,12.581598337975151,out
2025-01-07T03:17:00,12.379908714295965,out
2025-01-07T03:18:00,11.960593702134613,out
2025-01-07T03:19:00,12.789720898357114,out
2025-01-07T03:20:00,11.799667033734002,out
2025-01-07T03:21:00,12.198554603407487,out
2025-01-07T03:22:00,12.399660192157988,out
2025-01-07T03:23:00,12.967244821355154,out
2025-01-07T03:24:00,13.181063115547072,out
2025-01-07T03:25:00,13.120419797488308,out
2025-01-07T03:26:00,12.63433942492958,out
2025-01-07T03:27:00,11.7409782873664,out
2025-01-07T03:28:00,12.884405730127751,out
2025-01-07T03:29:00,13.332366938152903,out
2025-01-07T03:30:00,13.253636204872839,out
2025-01-07T03:31:00,12.961191619105223,out
2025-01-07T03:32:00,12.31601195454838,out
2025-01-07T03:33:00,12.59740007469498,out
2025-01-07T03:34:00,13.596666923201557,out
2025-01-07T03:35:00,12.271975811739228,out
2025-01-07T03:36:00,12.394965474989519,out
2025-01-07T03:37:00,13.246464512256178,out
2025-01-07T03:38:00,12.712229412215697,out
2025-01-07T03:39:00,12.427147282088221,out
2025-01-07T03:40:00,13.526100737223155,out
2025-01-07T03:41:00,13.114304018911039,out
2025-01-07T03:42:00,12.792036665981225,out
2025-01-07T03:43:00,12.50122856040333,out
2025-01-07T03:44:00,13.793188060874208,out
2025-01-07T03:45:00,12.979036946316612,out
2025-01-07T03:46:00,13.562246157390794,out
2025-01-07T03:47:00,13.37517035293032,out
2025-01-07T03:48:00,12.82366278300724,out
2025-01-07T03:49:00,12.841057631790436,out
2025-01-07T03:50:00,13.638874634050875,out
2025-01-07T03:51:00,13.659373863271826,out
2025-01-07T03:52:00,12.337522186490261,out
2025-01-07T03:53:00,13.322025454366255,out
2025-01-07T03:54:00,13.067355064235109,out
2025-01-07T03:55:00,12.71614195886228,out
2025-01-07T03:56:00,13.247702242099537,out
2025-01-07T03:57:00,12.616599752614144,out
2025-01-07T03:58:00,12.983192820790704,out
2025-01-07T03:59:00,12.863623538118377,out
2025-01-07T04:00:00,12.996235917044224,out
2025-01-07T04:01:00,13.180601489470051,out
2025-01-07T04:02:00,12.8159075108772,out
2025-01-07T04:03:00,13.8642476539861,out
2025-01-07T04:04:00,13.445031536194024,out
2025-01-07T04:05:00,13.978185745597871,out
2025-01-07T04:06:00,13.208870688340589,out
2025-01-07T04:07:00,13.065828444313455,out
2025-01-07T04:08:00,14.001051802950759,out
2025-01-07T04:09:00,13.078701928828647,out
2025-01-07T04:10:00,13.25074819027367,out
2025-01-07T04:11:00,13.622121813113337,out
2025-01-07T04:12:00,12.85094882181129,out
2025-01-07T04:13:00,13.642391534384279,out
2025-01-07T04:14:00,13.602944996077989,out
2025-01-07T04:15:00,13.888966576411262,out
2025-01-07T04:16:00,13.74878207899906,out
2025-01-07T04:17:00,13.924180777086557,out
2025-01-07T04:18:00,13.371342945895803,out
2025-01-07T04:19:00,13.08166274524337,out
2025-01-07T04:20:00,14.281840887853233,out
2025-01-07T04:21:00,12.83818079674169,out
2025-01-07T04:22:00,12.889162393709727,out
2025-01-07T04:23:00,13.696623477666058,out
2025-01-07T04:24:00,14.13126716512654,out
2025-01-07T04:25:00,13.567689213082346,out
2025-01-07T04:26:00,13.902081926191626,out
2025-01-07T04:27:00,12.714426169904606,out
2025-01-07T04:28:00,13.323211135842188,out
2025-01-07T04:29:00,12.783626707165409,out
2025-01-07T04:30:00,13.855441578359171,out
2025-01-07T04:31:00,12.934350493469783,out
2025-01-07T04:32:00,13.051975588987657,out
2025-01-07T04:33:00,13.7784673992161,out
2025-01-07T04:34:00,14.007235148699232,out
2025-01-07T04:35:00,13.528459972405098,out
2025-01-07T04:36:00,13.82955156062661,out
2025-01-07T04:37:00,13.825926524865304,out
2025-01-07T04:38:00,13.533862391713395,out
2025-01-07T04:39:00,13.191265822380407,out
2025-01-07T04:40:00,13.86411228746931,out
2025-01-07T04:41:00,13.89229436784826,out
2025-01-07T04:42:00,14.013458707789164,out
2025-01-07T04:43:00,13.789360691988255,out
2025-01-07T04:44:00,13.205711488204162,out
2025-01-07T04:45:00,13.957716841518298,out
2025-01-07T04:46:00,13.689389499145854,out
2025-01-07T04:47:00,13.50509977948192,out
2025-01-07T04:48:00,13.588484762893433,out
2025-01-07T04:49:00,13.438271926503518,out
2025-01-07T04:50:00,14.077839216031133,out
2025-01-07T04:51:00,13.162873773311112,out
2025-01-07T04:52:00,13.340434161855647,out
2025-01-07T04:53:00,13.613919010960199,out
2025-01-07T04:54:00,14.39841874850475,out
2025-01-07T04:55:00,14.182011345952706,out
2025-01-07T04:56:00,13.111233854331015,out
2025-01-07T04:57:00,14.315270254222874,out
2025-01-07T04:58:00,14.321550806045208,out
2025-01-07T04:59:00,13.319120612563818,out
2025-01-07T05:00:00,12.78697164949583,out
2025-01-07T05:01:00,13.77338698454476,out
2025-01-07T05:02:00,14.257855605988574,out
2025-01-07T05:03:00,14.451890246160609,out
2025-01-07T05:04:00,13.47344345191148,out
2025-01-07T05:05:00,14.528844060744747,out
2025-01-07T05:06:00,12.943046564059372,out
2025-01-07T05:07:00,13.69305530523097,out
2025-01-07T05:08:00,13.679336121025107,out
2025-01-07T05:09:00,14.312988733020795,out
2025-01-07T05:10:00,14.37709702909551,out
2025-01-07T05:11:00,14.24507610094943,out
2025-01-07T05:12:00,13.328665584904474,out
2025-01-07T05:13:00,14.219320447627071,out
2025-01-07T05:14:00,14.083165015162376,out
2025-01-07T05:15:00,13.216217928307548,out
2025-01-07T05:16:00,13.062957569165302,out
2025-01-07T05:17:00,14.309898102361364,out
2025-01-07T05:18:00,13.827489724992025,out
2025-01-07T05:19:00,13.39017134889579,out
2025-01-07T05:20:00,13.825577746589738,out
2025-01-07T05:21:00,14.058952786793744,out
2025-01-07T05:22:00,13.884573158556368,out
2025-01-07T05:23:00,13.301183738110955,out
2025-01-07T05:24:00,14.68035280499647,out
2025-01-07T05:25:00,14.331856250401719,out
2025-01-07T05:26:00,13.799944199502114,out
2025-01-07T05:27:00,13.819870458557109,out
2025-01-07T05:28:00,14.085403370334689,out
2025-01-07T05:29:00,13.493346826025158,out
2025-01-07T05:30:00,14.077739742857647,out
2025-01-07T05:31:00,13.419736723333981,out
2025-01-07T05:32:00,13.927063223109863,out
2025-01-07T05:33:00,13.490982141786812,out
2025-01-07T05:34:00,13.514197541128837,out
2025-01-07T05:35:00,14.6226270747812,out
2025-01-07T05:36:00,13.99082172992346,out
2025-01-07T05:37:00,14.052773703665938,out
2025-01-07T05:38:00,13.167825245770544,out
2025-01-07T05:39:00,13.736028862039548,out
2025-01-07T05:40:00,14.16165303603221,out
2025-01-07T05:41:00,14.057047521365568,out
2025-01-07T05:42:00,13.119892073857283,out
2025-01-07T05:43:00,14.066356277259745,out
2025-01-07T05:44:00,14.13200782297882,out
2025-01-07T05:45:00,14.5006583387111,out
2025-01-07T05:46:00,13.726716342955864,out
2025-01-07T05:47:00,13.093522535289823,out
2025-01-07T05:48:00,13.593068907805382,out
2025-01-07T05:49:00,13.554264303362281,out
2025-01-07T05:50:00,14.288972880603135,out
2025-01-07T05:51:00,12.90867958208621,out
2025-01-07T05:52:00,13.817002378085524,out
2025-01-07T05:53:00,14.567519734451178,out
2025-01-07T05:54:00,14.000828934986798,out
2025-01-07T05:55:00,14.357098888950025,out
2025-01-07T05:56:00,13.342366837517913,out
2025-01-07T05:57:00,13.358690160161512,out
2025-01-07T05:58:00,14.574668521523122,out
2025-01-07T05:59:00,14.040429030627308,out
2025-01-07T06:00:00,14.041309744883657,out
2025-01-07T06:01:00,13.552681753081607,out
2025-01-07T06:02:00,14.040084229965121,out
2025-01-07T06:03:00,13.541110938108005,out
2025-01-07T06:04:00,14.473834350500608,out
2025-01-07T06:05:00,15.089704446426724,out
2025-01-07T06:06:00,14.191520371319475,out
2025-01-07T06:07:00,13.74322299083566,out
2025-01-07T06:08:00,12.98288162991671,out
2025-01-07T06:09:00,13.321588571627402,out
2025-01-07T06:10:00,14.616234061902,out
2025-01-07T06:11:00,13.581413581601275,out
2025-01-07T06:12:00,13.843443255852838,out
2025-01-07T06:13:00,14.252480413175764,out
2025-01-07T06:14:00,14.581724710275921,out
2025-01-07T06:15:00,13.90731877096609,out
2025-01-07T06:16:00,13.823517553692534,out
2025-01-07T06:17:00,14.012149522001188,out
2025-01-07T06:18:00,13.73044887574308,out
2025-01-07T06:19:00,13.749865333669389,out
2025-01-07T06:20:00,14.141920235564022,out
2025-01-07T06:21:00,14.048946172581765,out
2025-01-07T06:22:00,14.825019312826505,out
2025-01-07T06:23:00,14.145350636159643,out
2025-01-07T06:24:00,14.42758959144717,out
2025-01-07T06:25:00,13.53582395864467,out
2025-01-07T06:26:00,14.171494050071635,out
2025-01-07T06:27:00,13.66921820308914,out
2025-01-07T06:28:00,14.113458215166558,out
2025-01-07T06:29:00,14.227435537324228,out
2025-01-07T06:30:00,13.968616705843454,out
2025-01-07T06:31:00,14.908125672911211,out
2025-01-07T06:32:00,14.512800320092804,out
2025-01-07T06:33:00,14.408806454049662,out
2025-01-07T06:34:00,14.239809657119505,out
2025-01-07T06:35:00,14.63551338989858,out
2025-01-07T06:36:00,13.35134232458314,out
2025-01-07T06:37:00,14.470091446557628,out
2025-01-07T06:38:00,13.521215884423585,out
2025-01-07T06:39:00,13.687600706721778,out
2025-01-07T06:40:00,14.13340349569792,out
2025-01-07T06:41:00,14.397532252082037,out
2025-01-07T06:42:00,13.438098792710944,out
2025-01-07T06:43:00,13.689684435281968,out
2025-01-07T06:44:00,13.92877592968651,out
2025-01-07T06:45:00,13.810165280541097,out
2025-01-07T06:46:00,14.221161052219053,out
2025-01-07T06:47:00,15.24864388130131,out
2025-01-07T06:48:00,14.036613887813193,out
2025-01-07T06:49:00,13.569308063511153,out
2025-01-07T06:50:00,13.339172710464009,out
2025-01-07T06:51:00,13.72195235761684,out
2025-01-07T06:52:00,13.470120434299899,out
2025-01-07T06:53:00,14.027295467552863,out
2025-01-07T06:54:00,14.015028176699753,out
2025-01-07T06:55:00,13.642785137069588,out
2025-01-07T06:56:00,14.615756363169492,out
2025-01-07T06:57:00,13.52120653054457,out
2025-01-07T06:58:00,13.761113415109376,out
2025-01-07T06:59:00,14.057940699839584,out
2025-01-07T07:00:00,14.152376915242348,out
2025-01-07T07:01:00,14.299754551590166,out
2025-01-07T07:02:00,13.95318131084904,out
2025-01-07T07:03:00,14.195096499037088,out
2025-01-07T07:04:00,13.501526906818741,out
2025-01-07T07:05:00,14.12753191045573,out
2025-01-07T07:06:00,14.114810069271721,out
2025-01-07T07:07:00,14.350582834730304,out
2025-01-07T07:08:00,13.070454138886797,out
2025-01-07T07:09:00,13.367246420502692,out
2025-01-07T07:10:00,14.05155809223628,out
2025-01-07T07:11:00,12.65382900590711,out
2025-01-07T07:12:00,13.903141567286271,out
2025-01-07T07:13:00,14.122116527183817,out
2025-01-07T07:14:00,13.459391832217028,out
2025-01-07T07:15:00,13.509504776925876,out
2025-01-07T07:16:00,13.243456514699945,out
2025-01-07T07:17:00,13.455915274464148,out
2025-01-07T07:18:00,13.45882154576837,out
2025-01-07T07:19:00,13.373919581752016,out
2025-01-07T07:20:00,13.343084453601652,out
2025-01-07T07:21:00,13.520746101579546,out
2025-01-07T07:22:00,13.506791409227937,out
2025-01-07T07:23:00,14.360464018060505,out
2025-01-07T07:24:00,13.443808501736417,out
2025-01-07T07:25:00,13.729707302173543,out
2025-01-07T07:26:00,13.351752221301634,out
2025-01-07T07:27:00,13.33701900689497,out
2025-01-07T07:28:00,12.881354912307682,out
2025-01-07T07:29:00,12.924696524980964,out
2025-01-07T07:30:00,13.060477883206524,out
2025-01-07T07:31:00,13.606684563926741,out
2025-01-07T07:32:00,13.953498582828475,out
2025-01-07T07:33:00,12.79808145013518,out
2025-01-07T07:34:00,13.282729725771214,out
2025-01-07T07:35:00,12.945112590976557,out
2025-01-07T07:36:00,13.375561908202195,out
2025-01-07T07:37:00,13.9008800589454,out
2025-01-07T07:38:00,13.281014664616077,out
2025-01-07T07:39:00,13.429852254070617,out
2025-01-07T07:40:00,14.019938080776832,out
2025-01-07T07:41:00,13.609891244929374,out
2025-01-07T07:42:00,13.111474963772444,out
2025-01-07T07:43:00,13.467755550269818,out
2025-01-07T07:44:00,13.061744673234085,out
2025-01-07T07:45:00,13.549429254290526,out
2025-01-07T07:46:00,13.57574223124127,out
2025-01-07T07:47:00,12.811009780267455,out
2025-01-07T07:48:00,13.416098912084529,out
2025-01-07T07:49:00,13.28707354571606,out
2025-01-07T07:50:00,13.539935957938184,out
2025-01-07T07:51:00,13.64246464518591,out
2025-01-07T07:52:00,13.488665398803409,out
2025-01-07T07:53:00,13.164067087880417,out
2025-01-07T07:54:00,13.646234684317392,out
2025-01-07T07:55:00,12.911135423720944,out
2025-01-07T07:56:00,12.719509445488573,out
2025-01-07T07:57:00,11.956861368612458,out
2025-01-07T07:58:00,13.194077794944553,out
2025-01-07T07:59:00,12.880574311137492,out
2025-01-07T08:00:00,13.355254213136783,out
2025-01-07T08:01:00,12.394522073608638,out
2025-01-07T08:02:00,12.910903542289363,out
2025-01-07T08:03:00,13.344546431354518,out
2025-01-07T08:04:00,12.731069345673086,out
2025-01-07T08:05:00,13.293173923482827,out
2025-01-07T08:06:00,12.893031948097336,out
2025-01-07T08:07:00,13.088990026061376,out
2025-01-07T08:08:00,13.326351779505295,out
2025-01-07T08:09:00,13.455485739469982,out
2025-01-07T08:10:00,13.097345639405571,out
2025-01-07T08:11:00,12.720629959834872,out
2025-01-07T08:12:00,12.848807862720696,out
2025-01-07T08:13:00,13.27249908032135,out
2025-01-07T08:14:00,12.594813499009975,out
2025-01-07T08:15:00,12.917591035159194,out
2025-01-07T08:16:00,12.819871795985664,out
2025-01-07T08:17:00,12.918193781435548,out
2025-01-07T08:18:00,12.541044120032343,out
2025-01-07T08:19:00,12.189103886768134,out
2025-01-07T08:20:00,13.123209312117803,out
2025-01-07T08:21:00,13.285501900365551,out
2025-01-07T08:22:00,12.167823127138668,out
2025-01-07T08:23:00,13.017014356160574,out
2025-01-07T08:24:00,13.287375132187767,out
2025-01-07T08:25:00,13.077032044309835,out
2025-01-07T08:26:00,12.656473092232885,out
2025-01-07T08:27:00,12.430124328246066,out
2025-01-07T08:28:00,12.824204292023758,out
2025-01-07T08:29:00,12.875126038746485,out
2025-01-07T08:30:00,12.79844304620977,out
2025-01-07T08:31:00,12.67208359041603,out
2025-01-07T08:32:00,12.295003831991249,out
2025-01-07T08:33:00,12.880976901808028,out
2025-01-07T08:34:00,12.883990738879907,out
2025-01-07T08:35:00,12.759635748741973,out
2025-01-07T08:36:00,12.70727322677034,out
2025-01-07T08:37:00,13.318055659591565,out
2025-01-07T08:38:00,12.379995986496969,out
2025-01-07T08:39:00,13.125625031423425,out
2025-01-07T08:40:00,12.302656871025134,out
2025-01-07T08:41:00,13.022975047877743,out
2025-01-07T08:42:00,13.055782813632401,out
2025-01-07T08:43:00,12.428169424943539,out
2025-01-07T08:44:00,13.192642702960987,out
2025-01-07T08:45:00,12.698653199572318,out
2025-01-07T08:46:00,12.142825348277801,out
2025-01-07T08:47:00,12.326681612614527,out
2025-01-07T08:48:00,12.911973875307037,out
2025-01-07T08:49:00,12.81053464567166,out
2025-01-07T08:50:00,12.000447860309034,out
2025-01-07T08:51:00,12.350232131737917,out
2025-01-07T08:52:00,12.46953140282563,out
2025-01-07T08:53:00,12.167183983664158,out
2025-01-07T08:54:00,13.295366115423608,out
2025-01-07T08:55:00,12.427649269720687,out
2025-01-07T08:56:00,12.291313925670707,out
2025-01-07T08:57:00,12.774152078251179,out
2025-01-07T08:58:00,12.13341728098957,out
2025-01-07T08:59:00,12.664083297986654,out
2025-01-07T09:00:00,11.5755477288861,out
2025-01-07T09:01:00,12.042626728237593,out
2025-01-07T09:02:00,12.62508375315001,out
2025-01-07T09:03:00,12.814821847285952,out
2025-01-07T09:04:00,11.858631937551586,out
2025-01-07T09:05:00,11.793149680206152,out
2025-01-07T09:06:00,12.357106026310703,out
2025-01-07T09:07:00,11.861884383991093,out
2025-01-07T09:08:00,11.984558993272854,out
2025-01-07T09:09:00,12.423366483092531,out
2025-01-07T09:10:00,11.835900373048371,out
2025-01-07T09:11:00,11.248030543993746,out
2025-01-07T09:12:00,11.494349863910806,out
2025-01-07T09:13:00,11.999272230293126,out
2025-01-07T09:14:00,11.230351029905275,out
2025-01-07T09:15:00,11.837210723681485,out
2025-01-07T09:16:00,11.379515567445447,out
2025-01-07T09:17:00,12.572534117522569,out
2025-01-07T09:18:00,12.762745327887398,out
2025-01-07T09:19:00,11.453465036920978,out
2025-01-07T09:20:00,11.959429130134422,out
2025-01-07T09:21:00,11.452472519084784,out
2025-01-07T09:22:00,11.692743080844794,out
2025-01-07T09:23:00,12.517619702557429,out
2025-01-07T09:24:00,11.589246927208439,out
2025-01-07T09:25:00,11.641125848209516,out
2025-01-07T09:26:00,11.358076112934642,out
2025-01-07T09:27:00,12.17303944692495,out
2025-01-07T09:28:00,10.388662170944336,out
2025-01-07T09:29:00,11.496184751594042,out
2025-01-07T09:30:00,11.634214136398166,out
2025-01-07T09:31:00,11.367332996317023,out
2025-01-07T09:32:00,11.956308342004776,out
2025-01-07T09:33:00,12.07075851701216,out
2025-01-07T09:34:00,11.004120915356255,out
2025-01-07T09:35:00,12.385252551689826,out
2025-01-07T09:36:00,10.957407984013441,out
2025-01-07T09:37:00,12.020950266494948,out
2025-01-07T09:38:00,11.544148813679918,out
2025-01-07T09:39:00,11.261390701377875,out
2025-01-07T09:40:00,11.277711846235938,out
2025-01-07T09:41:00,11.40657545931372,out
2025-01-07T09:42:00,11.481804566294535,out
2025-01-07T09:43:00,11.008767825621822,out
2025-01-07T09:44:00,11.261581437753144,out
2025-01-07T09:45:00,11.025152268946592,out
2025-01-07T09:46:00,10.825602101042811,out
2025-01-07T09:47:00,10.962834696136333,out
2025-01-07T09:48:00,10.807844357011993,out
2025-01-07T09:49:00,11.077784863107759,out
2025-01-07T09:50:00,11.396787612268309,out
2025-01-07T09:51:00,11.249971237164852,out
2025-01-07T09:52:00,11.969253496063484,out
2025-01-07T09:53:00,10.273102336423278,out
2025-01-07T09:54:00,11.322727774781391,out
2025-01-07T09:55:00,11.115207644372889,out
2025-01-07T09:56:00,11.41649658640913,out
2025-01-07T09:57:00,11.35434459818649,out
2025-01-07T09:58:00,10.979233477710165,out
2025-01-07T09:59:00,11.091704376215867,out
2025-01-07T10:00:00,10.702372314832612,out
2025-01-07T10:01:00,11.222771013793034,out
2025-01-07T10:02:00,10.202990939771722,out
2025-01-07T10:03:00,11.242458024441452,out
2025-01-07T10:04:00,10.899588343783607,out
2025-01-07T10:05:00,10.691107798383918,out
2025-01-07T10:06:00,10.769939281778983,out
2025-01-07T10:07:00,10.776239509273728,out
2025-01-07T10:08:00,11.335750880907561,out
2025-01-07T10:09:00,12.087084587250088,out
2025-01-07T10:10:00,11.258440009070366,out
2025-01-07T10:11:00,10.521113176345844,out
2025-01-07T10:12:00,10.975855728151396,out
2025-01-07T10:13:00,10.969922312647604,out
2025-01-07T10:14:00,10.307122589679961,out
2025-01-07T10:15:00,10.14941242242573,out
2025-01-07T10:16:00,10.604914509167779,out
2025-01-07T10:17:00,10.929754585507103,out
2025-01-07T10:18:00,9.938343273809222,out
2025-01-07T10:19:00,10.271053292347007,out
2025-01-07T10:20:00,10.764770254040375,out
2025-01-07T10:21:00,10.528647870532813,out
2025-01-07T10:22:00,11.05466890417704,out
2025-01-07T10:23:00,9.899766134050333,out
2025-01-07T10:24:00,11.381285831834585,out
2025-01-07T10:25:00,9.80128316172459,out
2025-01-07T10:26:00,9.580828926020168,out
2025-01-07T10:27:00,10.344898026506712,out
2025-01-07T10:28:00,9.890603199637267,out
2025-01-07T10:29:00,10.304763504202995,out
2025-01-07T10:30:00,10.266609842608693,out
2025-01-07T10:31:00,10.193582019271643,out
2025-01-07T10:32:00,9.910675147616775,out
2025-01-07T10:33:00,10.396407086090903,out
2025-01-07T10:34:00,10.072072514438924,out
2025-01-07T10:35:00,10.61609417800412,out
2025-01-07T10:36:00,10.07805879626048,out
2025-01-07T10:37:00,9.739887258839657,out
2025-01-07T10:38:00,9.426160066819445,out
2025-01-07T10:39:00,10.007858569885638,out
2025-01-07T10:40:00,9.54443903140899,out
2025-01-07T10:41:00,9.487515566418073,out
2025-01-07T10:42:00,10.21382407906144,out
2025-01-07T10:43:00,9.267075847111384,out
2025-01-07T10:44:00,10.518286278076117,out
2025-01-07T10:45:00,9.992523345577196,out
2025-01-07T10:46:00,9.886290886020575,out
2025-01-07T10:47:00,9.465076462682266,out
2025-01-07T10:48:00,10.159850884786858,out
2025-01-07T10:49:00,9.828023820729102,out
2025-01-07T10:50:00,9.529796139929351,out
2025-01-07T10:51:00,9.85917932851409,out
2025-01-07T10:52:00,9.081116046160695,out
2025-01-07T10:53:00,9.075046756184904,out
2025-01-07T10:54:00,9.256017634103122,out
2025-01-07T10:55:00,9.818784991229853,out
2025-01-07T10:56:00,9.652520806179554,out
2025-01-07T10:57:00,10.048234405412755,out
2025-01-07T10:58:00,9.235434315602115,out
2025-01-07T10:59:00,9.808054422940385,out
2025-01-07T11:00:00,9.50736604965701,out
2025-01-07T11:01:00,9.150393611336789,out
2025-01-07T11:02:00,9.656403092611848,out
2025-01-07T11:03:00,9.450515014875894,out
2025-01-07T11:04:00,9.19988369593987,out
2025-01-07T11:05:00,9.442914988814696,out
2025-01-07T11:06:00,9.348860028760493,out
2025-01-07T11:07:00,9.313727118127497,out
2025-01-07T11:08:00,9.184669066098879,out
2025-01-07T11:09:00,8.802205194571558,out
2025-01-07T11:10:00,9.328543849986568,out
2025-01-07T11:11:00,8.95198028345011,out
2025-01-07T11:12:00,8.839338597848924,out
2025-01-07T11:13:00,9.125570569200056,out
2025-01-07T11:14:00,9.489818224172085,out
2025-01-07T11:15:00,9.24478733517319,out
2025-01-07T11:16:00,8.932397088916256,out
2025-01-07T11:17:00,8.890605792905284,out
2025-01-07T11:18:00,9.347738457828408,out
2025-01-07T11:19:00,8.108966965064166,out
2025-01-07T11:20:00,9.360835061681383,out
2025-01-07T11:21:00,8.266490713122018,out
2025-01-07T11:22:00,8.424122471834876,out
2025-01-07T11:23:00,8.758749061117664,out
2025-01-07T11:24:00,9.806656447413715,out
2025-01-07T11:25:00,9.583708061145238,out
2025-01-07T11:26:00,9.169451569096546,out
2025-01-07T11:27:00,9.003572683265281,out
2025-01-07T11:28:00,8.090127818555423,out
2025-01-07T11:29:00,8.871808846794636,out
2025-01-07T11:30:00,8.563468545896335,out
2025-01-07T11:31:00,8.4305260813659,out
2025-01-07T11:32:00,8.793137296420756,out
2025-01-07T11:33:00,8.516780380968349,out
2025-01-07T11:34:00,9.02693910099498,out
2025-01-07T11:35:00,7.878819342066716,out
2025-01-07T11:36:00,8.657175348544348,out
2025-01-07T11:37:00,8.24948948026687,out
2025-01-07T11:38:00,8.411220183555093,out
2025-01-07T11:39:00,8.670860279772134,out
2025-01-07T11:40:00,8.076011311441942,out
2025-01-07T11:41:00,8.562542100798229,out
2025-01-07T11:42:00,8.385819292283376,out
2025-01-07T11:43:00,8.180416195101648,out
2025-01-07T11:44:00,8.23030984806039,out
2025-01-07T11:45:00,8.33059801890609,out
2025-01-07T11:46:00,8.059156632183853,out
2025-01-07T11:47:00,8.342994515510505,out
2025-01-07T11:48:00,8.202745088791266,out
2025-01-07T11:49:00,8.043355756301308,out
2025-01-07T11:50:00,8.897653217753236,out
2025-01-07T11:51:00,8.401654863579083,out
2025-01-07T11:52:00,8.056312087165843,out
2025-01-07T11:53:00,8.241575251588834,out
2025-01-07T11:54:00,7.746333635137847,out
2025-01-07T11:55:00,7.956180667495941,out
2025-01-07T11:56:00,7.976683458448405,out
2025-01-07T11:57:00,7.579820009464114,out
2025-01-07T11:58:00,8.207300832188007,out
2025-01-07T11:59:00,7.8239347746633845,out
2025-01-07T12:00:00,7.857813333021069,out
2025-01-07T12:01:00,7.746332200642206,out
2025-01-07T12:02:00,9.13127702326702,out
2025-01-07T12:03:00,7.656416366502348,out
2025-01-07T12:04:00,7.067814779821983,out
2025-01-07T12:05:00,7.229137901409111,out
2025-01-07T12:06:00,8.146659359230943,out
2025-01-07T12:07:00,8.35134999741432,out
2025-01-07T12:08:00,7.517884143235855,out
2025-01-07T12:09:00,8.276020973299772,out
2025-01-07T12:10:00,8.034919675744995,out
2025-01-07T12:11:00,7.6363391764775335,out
2025-01-07T12:12:00,7.581805749034152,out
2025-01-07T12:13:00,7.732191365186021,out
2025-01-07T12:14:00,7.984691091652337,out
2025-01-07T12:15:00,7.766499050857169,out
2025-01-07T12:16:00,7.310737836815784,out
2025-01-07T12:17:00,7.485666240017091,out
2025-01-07T12:18:00,8.321750807521706,out
2025-01-07T12:19:00,7.603636273845254,out
2025-01-07T12:20:00,7.824795714267096,out
2025-01-07T12:21:00,7.666944282919275,out
2025-01-07T12:22:00,7.534268582477729,out
2025-01-07T12:23:00,7.442351190333601,out
2025-01-07T12:24:00,7.731785470524097,out
2025-01-07T12:25:00,7.634255645012509,out
2025-01-07T12:26:00,7.426338108597198,out
2025-01-07T12:27:00,7.017270605033835,out
2025-01-07T12:28:00,7.423007461788516,out
2025-01-07T12:29:00,7.216003010597796,out
2025-01-07T12:30:00,7.093540482141665,out
2025-01-07T12:31:00,8.26240480834409,out
2025-01-07T12:32:00,6.549340871156474,out
2025-01-07T12:33:00,7.522449411675912,out
2025-01-07T12:34:00,6.768075155520836,out
2025-01-07T12:35:00,7.139737878597887,out
2025-01-07T12:36:00,8.088828217394713,out
2025-01-07T12:37:00,6.6505970084474395,out
2025-01-07T12:38:00,6.7201653029050465,out
2025-01-07T12:39:00,6.976897482045227,out
2025-01-07T12:40:00,6.619224150945883,out
2025-01-07T12:41:00,7.285961267533077,out
2025-01-07T12:42:00,6.6927750726218,out
2025-01-07T12:43:00,7.142459640007327,out
2025-01-07T12:44:00,6.323470375020699,out
2025-01-07T12:45:00,6.106725467041533,out
2025-01-07T12:46:00,6.712198401915628,out
2025-01-07T12:47:00,6.150746357943923,out
2025-01-07T12:48:00,7.359837420199647,out
2025-01-07T12:49:00,6.1150125708633425,out
2025-01-07T12:50:00,6.28628764130312,out
2025-01-07T12:51:00,6.84126334406085,out
2025-01-07T12:52:00,6.415748093912017,out
2025-01-07T12:53:00,6.017442466518478,out
2025-01-07T12:54:00,7.415313480893353,out
2025-01-07T12:55:00,6.17323112477913,out
2025-01-07T12:56:00,6.469965503403368,out
2025-01-07T12:57:00,6.439403233783662,out
2025-01-07T12:58:00,6.781843636460011,out
2025-01-07T12:59:00,6.657329295035283,out
2025-01-07T13:00:00,6.116365314292494,out
2025-01-07T13:01:00,6.291481826274847,out
2025-01-07T13:02:00,6.305800770113747,out
2025-01-07T13:03:00,6.67094110008899,out
2025-01-07T13:04:00,5.878847099154571,out
2025-01-07T13:05:00,7.128270138516363,out
2025-01-07T13:06:00,5.992234576792686,out
2025-01-07T13:07:00,6.2673226324928235,out
2025-01-07T13:08:00,5.781773995786276,out
2025-01-07T13:09:00,5.701486945490358,out
2025-01-07T13:10:00,5.845993839343338,out
2025-01-07T13:11:00,5.782604918766256,out
2025-01-07T13:12:00,5.980195224088402,out
2025-01-07T13:13:00,5.729431149592022,out
2025-01-07T13:14:00,6.374393030087144,out
2025-01-07T13:15:00,5.75816965005369,out
2025-01-07T13:16:00,5.6890648758763,out
2025-01-07T13:17:00,5.86466858277637,out
2025-01-07T13:18:00,6.39429439607589,out
2025-01-07T13:19:00,6.058450161424192,out
2025-01-07T13:20:00,5.908003328091032,out
2025-01-07T13:21:00,5.350079749547598,out
2025-01-07T13:22:00,5.441672328497736,out
2025-01-07T13:23:00,5.362889795997876,out
2025-01-07T13:24:00,6.372532792197155,out
2025-01-07T13:25:00,6.0375970195504625,out
2025-01-07T13:26:00,5.4563444360845486,out
2025-01-07T13:27:00,5.550906717410728,out
2025-01-07T13:28:00,5.422244369009598,out
2025-01-07T13:29:00,5.373763809333119,out
2025-01-07T13:30:00,5.8880198182959305,out
2025-01-07T13:31:00,5.5647197418653445,out
2025-01-07T13:32:00,6.488080326783371,out
2025-01-07T13:33:00,6.131680791501221,out
2025-01-07T13:34:00,6.131297722635233,out
2025-01-07T13:35:00,5.852062650826845,out
2025-01-07T13:36:00,5.390516513342338,out
2025-01-07T13:37:00,5.774803238130981,out
2025-01-07T13:38:00,5.372307466251111,out
2025-01-07T13:39:00,6.140151995066782,out
2025-01-07T13:40:00,5.626002182775774,out
2025-01-07T13:41:00,5.545531704032455,out
2025-01-07T13:42:00,5.467762484122027,out
2025-01-07T13:43:00,6.0894350265178705,out
2025-01-07T13:44:00,4.796272985730848,out
2025-01-07T13:45:00,6.081582989753507,out
2025-01-07T13:46:00,5.248351598359513,out
2025-01-07T13:47:00,4.736949763449146,out
2025-01-07T13:48:00,4.975173108905509,out
2025-01-07T13:49:00,4.592433604208836,out
2025-01-07T13:50:00,5.490971018824059,out
2025-01-07T13:51:00,4.790995697910727,out
2025-01-07T13:52:00,5.250637689766536,out
2025-01-07T13:53:00,5.613768808957275,out
2025-01-07T13:54:00,4.868240667015888,out
2025-01-07T13:55:00,5.006825909273945,out
2025-01-07T13:56:00,4.569795634555597,out
2025-01-07T13:57:00,4.912929707437812,out
2025-01-07T13:58:00,6.075068089488564,out
2025-01-07T13:59:00,5.333874243592943,out
2025-01-07T14:00:00,4.89410783244257,out
2025-01-07T14:01:00,4.732680923254165,out
2025-01-07T14:02:00,4.937716463973207,out
2025-01-07T14:03:00,4.984261784415145,out
2025-01-07T14:04:00,4.74214366768137,out
2025-01-07T14:05:00,5.099384129345318,out
2025-01-07T14:06:00,4.483629615680172,out
2025-01-07T14:07:00,4.459361388095101,out
2025-01-07T14:08:00,4.968562597420874,out
2025-01-07T14:09:00,4.330856203080591,out
2025-01-07T14:10:00,5.067809251064089,out
2025-01-07T14:11:00,4.748440926833276,out
2025-01-07T14:12:00,4.001002102422962,out
2025-01-07T14:13:00,4.754040273104902,out
2025-01-07T14:14:00,4.014319438292057,out
2025-01-07T14:15:00,4.943923405744651,out
2025-01-07T14:16:00,4.545356847475278,out
2025-01-07T14:17:00,5.363604120432311,out
2025-01-07T14:18:00,5.030087716200073,out
2025-01-07T14:19:00,4.155742421929475,out
2025-01-07T14:20:00,3.750245436357176,out
2025-01-07T14:21:00,4.235088357060066,out
2025-01-07T14:22:00,4.027278824602227,out
2025-01-07T14:23:00,5.224797240926241,out
2025-01-07T14:24:00,4.4691626225331085,out
2025-01-07T14:25:00,4.8255096314917765,out
2025-01-07T14:26:00,4.317050914471721,out
2025-01-07T14:27:00,4.338185401263786,out
2025-01-07T14:28:00,4.376059052084143,out
2025-01-07T14:29:00,4.8108517991796385,out
2025-01-07T14:30:00,4.47208132821754,out
2025-01-07T14:31:00,3.903762782402659,out
2025-01-07T14:32:00,4.955036803280636,out
2025-01-07T14:33:00,4.168310104546485,out
2025-01-07T14:34:00,4.082704130623635,out
2025-01-07T14:35:00,3.1126570459960403,out
2025-01-07T14:36:00,4.477837490165516,out
2025-01-07T14:37:00,4.244173084489661,out
2025-01-07T14:38:00,4.223500940974178,out
2025-01-07T14:39:00,4.002236119672162,out
2025-01-07T14:40:00,3.9131872058276453,out
2025-01-07T14:41:00,3.9754239514100695,out
2025-01-07T14:42:00,4.288576058469832,out
2025-01-07T14:43:00,4.339088594437024,out
2025-01-07T14:44:00,3.971233190707133,out
2025-01-07T14:45:00,4.423500107126303,out
2025-01-07T14:46:00,3.9926900382985937,out
2025-01-07T14:47:00,3.8030194367455388,out
2025-01-07T14:48:00,4.064582591809801,out
2025-01-07T14:49:00,3.42204458799445,out
2025-01-07T14:50:00,4.039546077937738,out
2025-01-07T14:51:00,3.3103226845917972,out
2025-01-07T14:52:00,3.4969190556315284,out
2025-01-07T14:53:00,3.0814254953552176,out
2025-01-07T14:54:00,3.799825764768895,out
2025-01-07T14:55:00,4.494775146230038,out
2025-01-07T14:56:00,3.7852191128134565,out
2025-01-07T14:57:00,4.070691392723181,out
2025-01-07T14:58:00,4.735469973125859,out
2025-01-07T14:59:00,3.937533992512234,out
2025-01-07T15:00:00,3.451274495045509,out
2025-01-07T15:01:00,3.4878603051659534,out
2025-01-07T15:02:00,3.720760588364111,out
2025-01-07T15:03:00,3.4490304813477,out
2025-01-07T15:04:00,3.460726398042743,out
2025-01-07T15:05:00,4.059917791345282,out
2025-01-07T15:06:00,4.058216286235177,out
2025-01-07T15:07:00,2.9710171878861478,out
2025-01-07T15:08:00,3.284609983124901,out
2025-01-07T15:09:00,3.408463188620539,out
2025-01-07T15:10:00,3.815971557605363,out
2025-01-07T15:11:00,4.015921470481274,out
2025-01-07T15:12:00,4.62191822084519,out
2025-01-07T15:13:00,3.337386431116737,out
2025-01-07T15:14:00,3.339974189529173,out
2025-01-07T15:15:00,3.7243891613812443,out
2025-01-07T15:16:00,3.198855831081444,out
2025-01-07T15:17:00,3.3982253490995125,out
2025-01-07T15:18:00,3.2715489628864107,out
2025-01-07T15:19:00,2.371943612543168,out
2025-01-07T15:20:00,3.45302663334676,out
2025-01-07T15:21:00,3.3140046238381347,out
2025-01-07T15:22:00,3.8787449197764454,out
2025-01-07T15:23:00,3.3558402985214313,out
2025-01-07T15:24:00,2.8352252399325066,out
2025-01-07T15:25:00,3.2174535522508987,out
2025-01-07T15:26:00,2.467917921630861,out
2025-01-07T15:27:00,2.8037312806356933,out
2025-01-07T15:28:00,3.526137865620885,out
2025-01-07T15:29:00,3.1569263815554898,out
2025-01-07T15:30:00,3.608883254051828,out
2025-01-07T15:31:00,2.437231084441059,out
2025-01-07T15:32:00,3.1112023807867497,out
2025-01-07T15:33:00,3.002272124498528,out
2025-01-07T15:34:00,3.559198269341983,out
2025-01-07T15:35:00,3.430437481661755,out
2025-01-07T15:36:00,3.4027988937856346,out
2025-01-07T15:37:00,3.7471201234435636,out
2025-01-07T15:38:00,2.9680720461474777,out
2025-01-07T15:39:00,3.6341830031502322,out
2025-01-07T15:40:00,2.66740527391417,out
2025-01-07T15:41:00,2.6377672724407537,out
2025-01-07T15:42:00,3.3563414968672527,out
2025-01-07T15:43:00,2.438565209873356,out
2025-01-07T15:44:00,3.2548808160373395,out
2025-01-07T15:45:00,3.0517076036732638,out
2025-01-07T15:46:00,3.4254261590589423,out
2025-01-07T15:47:00,2.9585054789314875,out
2025-01-07T15:48:00,2.9903961708456657,out
2025-01-07T15:49:00,3.1574719193836036,out
2025-01-07T15:50:00,2.674591505098792,out
2025-01-07T15:51:00,2.6431505467800878,out
2025-01-07T15:52:00,3.101483198998825,out
2025-01-07T15:53:00,2.8861715263743792,out
2025-01-07T15:54:00,2.7212334469537436,out
2025-01-07T15:55:00,2.8374151360832602,out
2025-01-07T15:56:00,3.494819998922664,out
2025-01-07T15:57:00,2.6663541682953307,out
2025-01-07T15:58:00,2.641417192038041,out
2025-01-07T15:59:00,2.1340092789086267,out
2025-01-07T16:00:00,2.78690640203052,out
2025-01-07T16:01:00,3.05356051756132,out
2025-01-07T16:02:00,3.1123450706329647,out
2025-01-07T16:03:00,2.808310998215443,out
2025-01-07T16:04:00,3.13461518639599,out
2025-01-07T16:05:00,3.0321316265070597,out
2025-01-07T16:06:00,3.1722774159051204,out
2025-01-07T16:07:00,3.1083766329587177,out
2025-01-07T16:08:00,3.330305721289342,out
2025-01-07T16:09:00,2.6221969085952512,out
2025-01-07T16:10:00,2.147111783986067,out
2025-01-07T16:11:00,2.9313846485597486,out
2025-01-07T16:12:00,2.9661821305989005,out
2025-01-07T16:13:00,3.2701244968856478,out
2025-01-07T16:14:00,3.1429099728557457,out
2025-01-07T16:15:00,3.3969525331497072,out
2025-01-07T16:16:00,2.8551773143356214,out
2025-01-07T16:17:00,2.687334800839932,out
2025-01-07T16:18:00,2.030495045370543,out
2025-01-07T16:19:00,2.696507741079429,out
2025-01-07T16:20:00,2.341151935031576,out
2025-01-07T16:21:00,2.635744962422502,out
2025-01-07T16:22:00,2.5620376492646035,out
2025-01-07T16:23:00,2.718121174077521,out
2025-01-07T16:24:00,2.4797949703290048,out
2025-01-07T16:25:00,2.882139201576363,out
2025-01-07T16:26:00,1.4083778285392432,out
2025-01-07T16:27:00,2.563250169169757,out
2025-01-07T16:28:00,2.957966790946391,out
2025-01-07T16:29:00,3.2148135733597814,out
2025-01-07T16:30:00,2.7495073402863097,out
2025-01-07T16:31:00,3.1207101849276206,out
2025-01-07T16:32:00,2.504471270902774,out
2025-01-07T16:33:00,2.42828771313928,out
2025-01-07T16:34:00,2.629260849398953,out
2025-01-07T16:35:00,2.4066750711467813,out
2025-01-07T16:36:00,2.0855744538098575,out
2025-01-07T16:37:00,2.18309264423118,out
2025-01-07T16:38:00,1.9351057020791607,out
2025-01-07T16:39:00,2.582202822411201,out
2025-01-07T16:40:00,2.3664010002847466,out
2025-01-07T16:41:00,2.2088294617585422,out
2025-01-07T16:42:00,2.117477550712017,out
2025-01-07T16:43:00,2.5374884161231472,out
2025-01-07T16:44:00,2.6390678186481282,out
2025-01-07T16:45:00,1.866213624427293,out
2025-01-07T16:46:00,1.794984200852556,out
2025-01-07T16:47:00,2.683609225037155,out
2025-01-07T16:48:00,1.7436076068336495,out
2025-01-07T16:49:00,2.5046199356693326,out
2025-01-07T16:50:00,2.9244619750122514,out
2025-01-07T16:51:00,2.9175742546141397,out
2025-01-07T16:52:00,2.5573205004746287,out
2025-01-07T16:53:00,2.538095641299965,out
2025-01-07T16:54:00,3.1478445708694265,out
2025-01-07T16:55:00,1.3059426085269212,out
2025-01-07T16:56:00,2.0466955539378335,out
2025-01-07T16:57:00,2.5646653209087558,out
2025-01-07T16:58:00,2.0833024776114777,out
2025-01-07T16:59:00,2.707187380469945,out
2025-01-07T17:00:00,2.188703418141521,out
2025-01-07T17:01:00,2.250421910651386,out
2025-01-07T17:02:00,2.0812442920329843,out
2025-01-07T17:03:00,1.9756101582362537,out
2025-01-07T17:04:00,1.9593816570849638,out
2025-01-07T17:05:00,2.2804140998551445,out
2025-01-07T17:06:00,1.8559544912847952,out
2025-01-07T17:07:00,2.5410064026338244,out
2025-01-07T17:08:00,2.4150699811297183,out
2025-01-07T17:09:00,2.587712653336859,out
2025-01-07T17:10:00,1.6906542148831982,out
2025-01-07T17:11:00,1.4568227425093556,out
2025-01-07T17:12:00,2.1294400933444666,out
2025-01-07T17:13:00,3.2852474105163103,out
2025-01-07T17:14:00,2.6269352835128545,out
2025-01-07T17:15:00,1.8935097941779357,out
2025-01-07T17:16:00,2.2800417530865555,out
2025-01-07T17:17:00,2.3963323766244167,out
2025-01-07T17:18:00,1.5531152583231287,out
2025-01-07T17:19:00,2.6436061617360975,out
2025-01-07T17:20:00,2.024183831198375,out
2025-01-07T17:21:00,2.050391307808389,out
2025-01-07T17:22:00,2.0918002545501593,out
2025-01-07T17:23:00,2.5358378563617707,out
2025-01-07T17:24:00,1.7717970931486147,out
2025-01-07T17:25:00,1.3870429352796578,out
2025-01-07T17:26:00,2.1950869369885195,out
2025-01-07T17:27:00,1.244628444612729,out
2025-01-07T17:28:00,1.937950149496364,out
2025-01-07T17:29:00,2.529554331622234,out
2025-01-07T17:30:00,2.2829683931606333,out
2025-01-07T17:31:00,2.4649127282118206,out
2025-01-07T17:32:00,2.292863636233199,out
2025-01-07T17:33:00,3.0057230537838047,out
2025-01-07T17:34:00,1.803273014877752,out
2025-01-07T17:35:00,2.1949146414694147,out
2025-01-07T17:36:00,1.8576204393053024,out
2025-01-07T17:37:00,2.4129093984604806,out
2025-01-07T17:38:00,2.0029928593767306,out
2025-01-07T17:39:00,2.7127083863296493,out
2025-01-07T17:40:00,1.8105054292887366,out
2025-01-07T17:41:00,2.5834575953002252,out
2025-01-07T17:42:00,2.255751809818821,out
2025-01-07T17:43:00,2.0035144617682934,out
2025-01-07T17:44:00,2.231592633585024,out
2025-01-07T17:45:00,2.117352215580058,out
2025-01-07T17:46:00,2.1535730815695238,out
2025-01-07T17:47:00,1.9269015474181523,out
2025-01-07T17:48:00,1.727587388450561,out
2025-01-07T17:49:00,1.8728812331052842,out
2025-01-07T17:50:00,1.3324526793295652,out
2025-01-07T17:51:00,2.3414051155687132,out
2025-01-07T17:52:00,1.5095894490152346,out
2025-01-07T17:53:00,1.9157396328854428,out
2025-01-07T17:54:00,2.2612740667390696,out
2025-01-07T17:55:00,2.3371865243605097,out
2025-01-07T17:56:00,1.2910530543267564,out
2025-01-07T17:57:00,1.963774804465927,out
2025-01-07T17:58:00,2.1841263413945016,out
2025-01-07T17:59:00,2.0208635593805244,out
2025-01-07T18:00:00,2.537629983069418,out
2025-01-07T18:01:00,1.6713343557097526,out
2025-01-07T18:02:00,1.1806120095388932,out
2025-01-07T18:03:00,2.3246444412633664,out
2025-01-07T18:04:00,1.7860793812142568,out
2025-01-07T18:05:00,1.2980115984861458,out
2025-01-07T18:06:00,1.9386510939200667,out
2025-01-07T18:07:00,2.495021645352403,out
2025-01-07T18:08:00,1.4983539907603456,out
2025-01-07T18:09:00,2.939024164134568,out
2025-01-07T18:10:00,1.6705580326941878,out
2025-01-07T18:11:00,2.0417140227405945,out
2025-01-07T18:12:00,1.5205698243335126,out
2025-01-07T18:13:00,2.0262941161343115,out
2025-01-07T18:14:00,1.9576920807653264,out
2025-01-07T18:15:00,1.4170488996359438,out
2025-01-07T18:16:00,3.1449464860214187,out
2025-01-07T18:17:00,1.8183640217956079,out
2025-01-07T18:18:00,1.820710974678821,out
2025-01-07T18:19:00,2.4082213367548935,out
2025-01-07T18:20:00,2.7485337647889123,out
2025-01-07T18:21:00,2.475745181753748,out
2025-01-07T18:22:00,1.5471507605862902,out
2025-01-07T18:23:00,2.115752494292393,out
2025-01-07T18:24:00,1.2803196348363601,out
2025-01-07T18:25:00,2.396344003195024,out
2025-01-07T18:26:00,1.3844936105282888,out
2025-01-07T18:27:00,1.7203087288267467,out
2025-01-07T18:28:00,2.0434424885395432,out
2025-01-07T18:29:00,2.225972926378115,out
2025-01-07T18:30:00,1.9469569823990103,out
2025-01-07T18:31:00,2.6624380863718544,out
2025-01-07T18:32:00,2.3476874204274853,out
2025-01-07T18:33:00,2.3199815807076587,out
2025-01-07T18:34:00,1.57414445903463,out
2025-01-07T18:35:00,2.749578096211594,out
2025-01-07T18:36:00,1.7526438987177668,out
2025-01-07T18:37:00,2.773038773833444,out
2025-01-07T18:38:00,2.8911644135468384,out
2025-01-07T18:39:00,2.291726258597043,out
2025-01-07T18:40:00,2.5039587209985203,out
2025-01-07T18:41:00,0.8625879088995079,out
2025-01-07T18:42:00,2.0224695884201225,out
2025-01-07T18:43:00,2.546163869614752,out
2025-01-07T18:44:00,2.4800410066396443,out
2025-01-07T18:45:00,1.627398982340662,out
2025-01-07T18:46:00,2.0029629563278686,out
2025-01-07T18:47:00,1.111180963012035,out
2025-01-07T18:48:00,2.2963115316662646,out
2025-01-07T18:49:00,1.3832820007331956,out
2025-01-07T18:50:00,2.594415094395427,out
2025-01-07T18:51:00,2.6210360212358865,out
2025-01-07T18:52:00,1.96403288552599,out
2025-01-07T18:53:00,2.3682348214189455,out
2025-01-07T18:54:00,2.078940987989729,out
2025-01-07T18:55:00,2.2687109391263705,out
2025-01-07T18:56:00,1.7193218730467548,out
2025-01-07T18:57:00,2.433611591055432,out
2025-01-07T18:58:00,1.534640065641582,out
2025-01-07T18:59:00,1.4657523015845846,out
2025-01-07T19:00:00,2.1556737155987906,out
2025-01-07T19:01:00,2.126778745182608,out
2025-01-07T19:02:00,2.3271379729689614,out
2025-01-07T19:03:00,1.9654655851835845,out
2025-01-07T19:04:00,2.986706490684324,out
2025-01-07T19:05:00,2.3039428694362063,out
2025-01-07T19:06:00,2.340234302197323,out
2025-01-07T19:07:00,2.3334653861339243,out
2025-01-07T19:08:00,2.663335411801011,out
2025-01-07T19:09:00,2.50028729905066,out
2025-01-07T19:10:00,2.4545054553939445,out
2025-01-07T19:11:00,2.580018844086562,out
2025-01-07T19:12:00,1.5638150474101988,out
2025-01-07T19:13:00,1.5870661825544246,out
2025-01-07T19:14:00,2.2796345706422256,out
2025-01-07T19:15:00,2.239349669956605,out
2025-01-07T19:16:00,2.558812484023384,out
2025-01-07T19:17:00,2.3434726385166855,out
2025-01-07T19:18:00,2.576897027228604,out
2025-01-07T19:19:00,1.8547058006372525,out
2025-01-07T19:20:00,2.3575464471210643,out
2025-01-07T19:21:00,1.8344292892819745,out
2025-01-07T19:22:00,2.5347100382581687,out
2025-01-07T19:23:00,1.6378747249385974,out
2025-01-07T19:24:00,2.5378414804331384,out
2025-01-07T19:25:00,1.8203530319443622,out
2025-01-07T19:26:00,2.264083474819134,out
2025-01-07T19:27:00,2.7851137593481554,out
2025-01-07T19:28:00,2.527848868038645,out
2025-01-07T19:29:00,1.7884928864048693,out
2025-01-07T19:30:00,2.187765267054659,out
2025-01-07T19:31:00,1.8662427597865587,out
2025-01-07T19:32:00,1.7990674794432726,out
2025-01-07T19:33:00,2.534318009560193,out
2025-01-07T19:34:00,2.7217588911132915,out
2025-01-07T19:35:00,2.684373493569589,out
2025-01-07T19:36:00,2.7597779800962923,out
2025-01-07T19:37:00,2.52466339818314,out
2025-01-07T19:38:00,2.430876287240754,out
2025-01-07T19:39:00,2.1219132262245877,out
2025-01-07T19:40:00,2.386121409079886,out
2025-01-07T19:41:00,2.0447297731433105,out
2025-01-07T19:42:00,2.246422083050057,out
2025-01-07T19:43:00,2.6313813122396796,out
2025-01-07T19:44:00,2.560113287188621,out
2025-01-07T19:45:00,3.844654765961774,out
2025-01-07T19:46:00,2.0920755913858406,out
2025-01-07T19:47:00,2.5920868512004613,out
2025-01-07T19:48:00,2.084468010388301,out
2025-01-07T19:49:00,2.5107828006976005,out
2025-01-07T19:50:00,2.5390977280845974,out
2025-01-07T19:51:00,3.028026185715007,out
2025-01-07T19:52:00,2.5224478271592554,out
2025-01-07T19:53:00,2.63812773074521,out
2025-01-07T19:54:00,2.554970139039308,out
2025-01-07T19:55:00,2.17921876813206,out
2025-01-07T19:56:00,2.491440808446374,out
2025-01-07T19:57:00,2.612249271529683,out
2025-01-07T19:58:00,2.8073961777231506,out
2025-01-07T19:59:00,3.014386027955073,out
2025-01-07T20:00:00,2.7100089734089545,out
2025-01-07T20:01:00,2.7161164631810872,out
2025-01-07T20:02:00,2.141899773956027,out
2025-01-07T20:03:00,3.059455337893807,out
2025-01-07T20:04:00,2.578637040927294,out
2025-01-07T20:05:00,3.1693780712542163,out
2025-01-07T20:06:00,3.4107349930171127,out
2025-01-07T20:07:00,2.8227206393494098,out
2025-01-07T20:08:00,2.502386910755078,out
2025-01-07T20:09:00,2.918953624541635,out
2025-01-07T20:10:00,3.079132124330137,out
2025-01-07T20:11:00,2.8275579217149547,out
2025-01-07T20:12:00,2.7423612285757253,out
2025-01-07T20:13:00,3.2076959491924097,out
2025-01-07T20:14:00,3.195716377474672,out
2025-01-07T20:15:00,2.872666470053848,out
2025-01-07T20:16:00,2.3641480985654573,out
2025-01-07T20:17:00,3.2230127793886347,out
2025-01-07T20:18:00,2.7483119908913434,out
2025-01-07T20:19:00,3.155854802495131,out
2025-01-07T20:20:00,3.145550626937656,out
2025-01-07T20:21:00,2.3445716982128544,out
2025-01-07T20:22:00,3.14773956362671,out
2025-01-07T20:23:00,3.3363691183597073,out
2025-01-07T20:24:00,3.400758999874511,out
2025-01-07T20:25:00,3.2082786748336325,out
2025-01-07T20:26:00,2.3859844187168395,out
2025-01-07T20:27:00,3.7033095487282726,out
2025-01-07T20:28:00,3.372596006733258,out
2025-01-07T20:29:00,2.742660253044063,out
2025-01-07T20:30:00,2.9247747421892676,out
2025-01-07T20:31:00,3.348352241254738,out
2025-01-07T20:32:00,3.543849155678963,out
2025-01-07T20:33:00,3.0929132721764443,out
2025-01-07T20:34:00,3.634561221837143,out
2025-01-07T20:35:00,2.603586369802638,out
2025-01-07T20:36:00,2.9201406268206616,out
2025-01-07T20:37:00,2.5278985315700573,out
2025-01-07T20:38:00,3.011290442525782,out
2025-01-07T20:39:00,3.9901798813768616,out
2025-01-07T20:40:00,4.226854235120276,out
2025-01-07T20:41:00,3.51444136859699,out
2025-01-07T20:42:00,3.1821925234923802,out
2025-01-07T20:43:00,3.3659541333553156,out
2025-01-07T20:44:00,3.66107847499657,out
2025-01-07T20:45:00,2.8637688144704985,out
2025-01-07T20:46:00,3.2772660048735025,out
2025-01-07T20:47:00,4.097612979409903,out
2025-01-07T20:48:00,3.1228470194042925,out
2025-01-07T20:49:00,3.259081275374366,out
2025-01-07T20:50:00,3.581613441531811,out
2025-01-07T20:51:00,3.7073218471877523,out
2025-01-07T20:52:00,3.361876171805172,out
2025-01-07T20:53:00,3.660559934006367,out
2025-01-07T20:54:00,3.8909295874220393,out
2025-01-07T20:55:00,4.450396957146916,out
2025-01-07T20:56:00,3.633463446194174,out
2025-01-07T20:57:00,3.6856694133158463,out
2025-01-07T20:58:00,4.331478243466714,out
2025-01-07T20:59:00,3.519221402941051,out
2025-01-07T21:00:00,3.2276180997758472,out
2025-01-07T21:01:00,3.876011243527752,out
2025-01-07T21:02:00,4.22501442423604,out
2025-01-07T21:03:00,3.9576760950297754,out
2025-01-07T21:04:00,3.793243514227102,out
2025-01-07T21:05:00,3.271564316052436,out
2025-01-07T21:06:00,3.846524847730117,out
2025-01-07T21:07:00,4.382164028568372,out
2025-01-07T21:08:00,3.4143630070093156,out
2025-01-07T21:09:00,3.8292966572810383,out
2025-01-07T21:10:00,3.7914648614426945,out
2025-01-07T21:11:00,3.686717327136897,out
2025-01-07T21:12:00,4.084385563654427,out
2025-01-07T21:13:00,4.1820321004973735,out
2025-01-07T21:14:00,4.19741047262293,out
2025-01-07T21:15:00,3.653201203953519,out
2025-01-07T21:16:00,3.4052523483234682,out
2025-01-07T21:17:00,4.188396859835945,out
2025-01-07T21:18:00,3.900944093425827,out
2025-01-07T21:19:00,4.858581074016925,out
2025-01-07T21:20:00,4.897078220286739,out
2025-01-07T21:21:00,4.959641905874905,out
2025-01-07T21:22:00,3.807486317919532,out
2025-01-07T21:23:00,4.431515663321745,out
2025-01-07T21:24:00,4.572458660601543,out
2025-01-07T21:25:00,4.547800860313384,out
2025-01-07T21:26:00,4.123153002496719,out
2025-01-07T21:27:00,4.797102265327109,out
2025-01-07T21:28:00,4.306221142592645,out
2025-01-07T21:29:00,4.377938769767468,out
2025-01-07T21:30:00,3.73229804523681,out
2025-01-07T21:31:00,4.626142059571823,out
2025-01-07T21:32:00,4.284945175658743,out
2025-01-07T21:33:00,4.595963941416255,out
2025-01-07T21:34:00,4.525108759413802,out
2025-01-07T21:35:00,4.5245167404839854,out
2025-01-07T21:36:00,4.4550030572584625,out
2025-01-07T21:37:00,4.8091419000395526,out
2025-01-07T21:38:00,4.436225250980315,out
2025-01-07T21:39:00,3.955049891995388,out
2025-01-07T21:40:00,4.786123624443283,out
2025-01-07T21:41:00,4.256417214457516,out
2025-01-07T21:42:00,4.07185784137814,out
2025-01-07T21:43:00,4.214273100172544,out
2025-01-07T21:44:00,4.758175530918285,out
2025-01-07T21:45:00,4.627971080644449,out
2025-01-07T21:46:00,3.8353048762585167,out
2025-01-07T21:47:00,4.556778245659421,out
2025-01-07T21:48:00,5.199858279899718,out
2025-01-07T21:49:00,4.573634903418663,out
2025-01-07T21:50:00,4.710011728548001,out
2025-01-07T21:51:00,5.215509479437176,out
2025-01-07T21:52:00,5.138680117882572,out
2025-01-07T21:53:00,5.251416893149457,out
2025-01-07T21:54:00,3.75598716768282,out
2025-01-07T21:55:00,5.580769666413712,out
2025-01-07T21:56:00,5.164331724710846,out
2025-01-07T21:57:00,5.9168320491473505,out
2025-01-07T21:58:00,4.641839409926032,out
2025-01-07T21:59:00,4.271975895467251,out
2025-01-07T22:00:00,5.002887382690046,out
2025-01-07T22:01:00,4.912552046045866,out
2025-01-07T22:02:00,5.306924232825107,out
2025-01-07T22:03:00,5.498243888852798,out
2025-01-07T22:04:00,5.056224620570167,out
2025-01-07T22:05:00,5.017784168158576,out
2025-01-07T22:06:00,5.346135366248795,out
2025-01-07T22:07:00,5.0575505306139386,out
2025-01-07T22:08:00,5.047177782925941,out
2025-01-07T22:09:00,5.62116685351945,out
2025-01-07T22:10:00,5.733419463351195,out
2025-01-07T22:11:00,5.686343006843471,out
2025-01-07T22:12:00,5.208765116472486,out
2025-01-07T22:13:00,4.443493758674096,out
2025-01-07T22:14:00,5.263530686783992,out
2025-01-07T22:15:00,5.043075853615159,out
2025-01-07T22:16:00,5.317883111661291,out
2025-01-07T22:17:00,5.124892098486447,out
2025-01-07T22:18:00,5.408637476963985,out
2025-01-07T22:19:00,5.024877308898624,out
2025-01-07T22:20:00,4.952003454868454,out
2025-01-07T22:21:00,5.977118167803795,out
2025-01-07T22:22:00,5.123977498715475,out
2025-01-07T22:23:00,5.535819534421652,out
2025-01-07T22:24:00,5.9413860801863105,out
2025-01-07T22:25:00,5.949241511339387,out
2025-01-07T22:26:00,5.9254448684146475,out
2025-01-07T22:27:00,5.7526834674949985,out
2025-01-07T22:28:00,5.945214552479088,out
2025-01-07T22:29:00,6.228969483221533,out
2025-01-07T22:30:00,5.8739084434076085,out
2025-01-07T22:31:00,4.99322735715973,out
2025-01-07T22:32:00,5.540947157044494,out
2025-01-07T22:33:00,6.055203403629786,out
2025-01-07T22:34:00,5.550154266170426,out
2025-01-07T22:35:00,6.473414226081223,out
2025-01-07T22:36:00,5.824520371461605,out
2025-01-07T22:37:00,5.908353280557462,out
2025-01-07T22:38:00,6.348653392003875,out
2025-01-07T22:39:00,5.850157698611314,out
2025-01-07T22:40:00,6.0183899543372545,out
2025-01-07T22:41:00,6.332149085579679,out
2025-01-07T22:42:00,5.4082505982638995,out
2025-01-07T22:43:00,5.9077368634682585,out
2025-01-07T22:44:00,6.378252391408714,out
2025-01-07T22:45:00,6.097603267518038,out
2025-01-07T22:46:00,6.683105586400413,out
2025-01-07T22:47:00,5.490647817822712,out
2025-01-07T22:48:00,5.469897326571843,out
2025-01-07T22:49:00,6.478688812481006,out
2025-01-07T22:50:00,6.542088088947458,out
2025-01-07T22:51:00,6.143450547413832,out
2025-01-07T22:52:00,6.405927531681863,out
2025-01-07T22:53:00,6.568905182248025,out
2025-01-07T22:54:00,5.970362649435767,out
2025-01-07T22:55:00,6.038286565794333,out
2025-01-07T22:56:00,6.422066336777427,out
2025-01-07T22:57:00,6.732992884767014,out
2025-01-07T22:58:00,5.930186972987239,out
2025-01-07T22:59:00,6.342633660478121,out
2025-01-07T23:00:00,6.349391076703081,out
2025-01-07T23:01:00,6.639571952783926,out
2025-01-07T23:02:00,6.4942406276698055,out
2025-01-07T23:03:00,6.30472680830489,out
2025-01-07T23:04:00,7.047894938704951,out
2025-01-07T23:05:00,6.358181653394633,out
2025-01-07T23:06:00,6.4824892716559885,out
2025-01-07T23:07:00,5.988198600097673,out
2025-01-07T23:08:00,6.3648433231984205,out
2025-01-07T23:09:00,6.8822458204065855,out
2025-01-07T23:10:00,6.829603098913303,out
2025-01-07T23:11:00,6.966740763087607,out
2025-01-07T23:12:00,6.972922769471696,out
2025-01-07T23:13:00,7.613235107676983,out
2025-01-07T23:14:00,6.504648862518043,out
2025-01-07T23:15:00,6.1816885705293085,out
2025-01-07T23:16:00,6.434924829312119,out
2025-01-07T23:17:00,6.599395049614957,out
2025-01-07T23:18:00,6.516856072400355,out
2025-01-07T23:19:00,6.969803066214857,out
2025-01-07T23:20:00,7.459172896221196,out
2025-01-07T23:21:00,7.599766606093792,out
2025-01-07T23:22:00,7.211437765574553,out
2025-01-07T23:23:00,7.892053492558631,out
2025-01-07T23:24:00,6.918843987132032,out
2025-01-07T23:25:00,6.434252066059517,out
2025-01-07T23:26:00,7.534414760377596,out
2025-01-07T23:27:00,6.403606511353295,out
2025-01-07T23:28:00,6.862960185159684,out
2025-01-07T23:29:00,7.398939311326783,out
2025-01-07T23:30:00,7.175890254660184,out
2025-01-07T23:31:00,7.166425080036387,out
2025-01-07T23:32:00,6.796467926441084,out
2025-01-07T23:33:00,7.2904546594796145,out
2025-01-07T23:34:00,7.722245712887655,out
2025-01-07T23:35:00,7.3547859175026025,out
2025-01-07T23:36:00,7.040738868537641,out
2025-01-07T23:37:00,6.8998562460886,out
2025-01-07T23:38:00,7.101087651696417,out
2025-01-07T23:39:00,7.607923788985326,out
2025-01-07T23:40:00,7.614506448457936,out
2025-01-07T23:41:00,7.182947914688511,out
2025-01-07T23:42:00,6.644941656840073,out
2025-01-07T23:43:00,7.72335416429644,out
2025-01-07T23:44:00,7.222378197945121,out
2025-01-07T23:45:00,7.883206216225232,out
2025-01-07T23:46:00,7.33126490593974,out
2025-01-07T23:47:00,7.264683093151795,out
2025-01-07T23:48:00,7.747253025446159,out
2025-01-07T23:49:00,8.655210920882475,out
2025-01-07T23:50:00,8.037895672254608,out
2025-01-07T23:51:00,7.818928825127927,out
2025-01-07T23:52:00,7.934143634337384,out
2025-01-07T23:53:00,7.116322576146832,out
2025-01-07T23:54:00,7.394002161851706,out
2025-01-07T23:55:00,6.864739143773749,out
2025-01-07T23:56:00,8.587235119206923,out
2025-01-07T23:57:00,8.532416838234212,out
2025-01-07T23:58:00,8.104768197495703,out
2025-01-07T23:59:00,8.02786618552519,out
