noted_date,temp,out/in
2025-01-01T00:00:00,20.892621383432814,in
2025-01-01T00:01:00,21.022588429518596,in
2025-01-01T00:02:00,20.79080384216176,in
2025-01-01T00:03:00,21.040227779263805,in
2025-01-01T00:04:00,20.89039692690393,in
2025-01-01T00:05:00,20.971651520733726,in
2025-01-01T00:06:00,21.20244217934645,in
2025-01-01T00:07:00,21.124162100887027,in
2025-01-01T00:08:00,21.14631830311444,in
2025-01-01T00:09:00,20.803090233590996,in
2025-01-01T00:10:00,21.352037049004284,in
2025-01-01T00:11:00,20.905469973124802,in
2025-01-01T00:12:00,21.321303122664986,in
2025-01-01T00:13:00,21.253034697822354,in
2025-01-01T00:14:00,21.194204285048084,in
2025-01-01T00:15:00,20.98717490242574,in
2025-01-01T00:16:00,21.145996183144774,in
2025-01-01T00:17:00,21.060471273594437,in
2025-01-01T00:18:00,21.143333742109203,in
2025-01-01T00:19:00,21.10938168133425,in
2025-01-01T00:20:00,20.84897190053274,in
2025-01-01T00:21:00,21.33094814757283,in
2025-01-01T00:22:00,21.158447441205116,in
2025-01-01T00:23:00,21.10584223484771,in
2025-01-01T00:24:00,21.102477628923936,in
2025-01-01T00:25:00,21.24827555673754,in
2025-01-01T00:26:00,21.068438411405335,in
2025-01-01T00:27:00,20.87223595346036,in
2025-01-01T00:28:00,21.279607213502697,in
2025-01-01T00:29:00,21.30444352641988,in
2025-01-01T00:30:00,21.204688361568177,in
2025-01-01T00:31:00,21.070517334016635,in
2025-01-01T00:32:00,21.26412714430157,in
2025-01-01T00:33:00,21.03920526973329,in
2025-01-01T00:34:00,21.112912957048255,in
2025-01-01T00:35:00,21.16251923295697,in
2025-01-01T00:36:00,21.409854961543132,in
2025-01-01T00:37:00,21.237026281439032,in
2025-01-01T00:38:00,21.232405275714594,in
2025-01-01T00:39:00,21.6009697631567,in
2025-01-01T00:40:00,21.36882908792697,in
2025-01-01T00:41:00,21.375015740564567,in
2025-01-01T00:42:00,21.27693116975114,in
2025-01-01T00:43:00,21.25116295932891,in
2025-01-01T00:44:00,21.020902725083115,in
2025-01-01T00:45:00,21.502432149182212,in
2025-01-01T00:46:00,21.432637143053274,in
2025-01-01T00:47:00,21.346797488050488,in
2025-01-01T00:48:00,21.36138200597467,in
2025-01-01T00:49:00,21.500693041283135,in
2025-01-01T00:50:00,21.165381890029476,in
2025-01-01T00:51:00,21.318434650315787,in
2025-01-01T00:52:00,21.244811161120648,in
2025-01-01T00:53:00,21.68933385610483,in
2025-01-01T00:54:00,21.56331764037015,in
2025-01-01T00:55:00,21.109938075767708,in
2025-01-01T00:56:00,21.221661044370006,in
2025-01-01T00:57:00,21.437267249266228,in
2025-01-01T00:58:00,21.394657216032623,in
2025-01-01T00:59:00,21.27528023987252,in
2025-01-01T01:00:00,21.774076245442533,in
2025-01-01T01:01:00,21.537677090686334,in
2025-01-01T01:02:00,21.57046244032058,in
2025-01-01T01:03:00,21.403891171557184,in
2025-01-01T01:04:00,21.624497330877368,in
2025-01-01T01:05:00,21.467563301200354,in
2025-01-01T01:06:00,21.490607796232066,in
2025-01-01T01:07:00,21.63324951212896,in
2025-01-01T01:08:00,21.305748256553226,in
2025-01-01T01:09:00,21.798159308934647,in
2025-01-01T01:10:00,21.594479154332376,in
2025-01-01T01:11:00,21.76778628700417,in
2025-01-01T01:12:00,21.42286365487166,in
2025-01-01T01:13:00,21.454241729115417,in
2025-01-01T01:14:00,21.426979097925635,in
2025-01-01T01:15:00,21.64736400686747,in
2025-01-01T01:16:00,21.62827950453465,in
2025-01-01T01:17:00,21.557290155097856,in
2025-01-01T01:18:00,21.48341857008291,in
2025-01-01T01:19:00,21.45412346859269,in
2025-01-01T01:20:00,21.64543105959554,in
2025-01-01T01:21:00,21.591462975363658,in
2025-01-01T01:22:00,21.567063739424903,in
2025-01-01T01:23:00,21.91057829171209,in
2025-01-01T01:24:00,21.67478221819063,in
2025-01-01T01:25:00,21.886259667709204,in
2025-01-01T01:26:00,21.624393350338373,in
2025-01-01T01:27:00,21.74973119858744,in
2025-01-01T01:28:00,21.71333239564142,in
2025-01-01T01:29:00,21.475654793024834,in
2025-01-01T01:30:00,21.953198361499485,in
2025-01-01T01:31:00,21.727329020673476,in
2025-01-01T01:32:00,21.86822404613465,in
2025-01-01T01:33:00,21.65212089671509,in
2025-01-01T01:34:00,21.74886691522722,in
2025-01-01T01:35:00,21.652238396307567,in
2025-01-01T01:36:00,21.976342845879202,in
2025-01-01T01:37:00,21.84633527889345,in
2025-01-01T01:38:00,21.863366523961684,in
2025-01-01T01:39:00,22.02072438473894,in
2025-01-01T01:40:00,21.999139709039536,in
2025-01-01T01:41:00,21.949184965396032,in
2025-01-01T01:42:00,21.62982270648869,in
2025-01-01T01:43:00,21.7474311516817,in
2025-01-01T01:44:00,21.709903832110047,in
2025-01-01T01:45:00,21.978323795583584,in
2025-01-01T01:46:00,21.903500712192795,in
2025-01-01T01:47:00,21.678037559828656,in
2025-01-01T01:48:00,21.86701645556243,in
2025-01-01T01:49:00,21.679926892599497,in
2025-01-01T01:50:00,21.904787752058866,in
2025-01-01T01:51:00,21.673174492883785,in
2025-01-01T01:52:00,22.00952513060269,in
2025-01-01T01:53:00,21.995617367485465,in
2025-01-01T01:54:00,22.233838377386288,in
2025-01-01T01:55:00,22.08355122335548,in
2025-01-01T01:56:00,21.901658048752054,in
2025-01-01T01:57:00,22.096531322848485,in
2025-01-01T01:58:00,21.772897346861477,in
2025-01-01T01:59:00,21.846902490878342,in
2025-01-01T02:00:00,22.049971379811268,in
2025-01-01T02:01:00,21.684989169157305,in
2025-01-01T02:02:00,22.011878953256666,in
2025-01-01T02:03:00,21.873139697324927,in
2025-01-01T02:04:00,22.050100871147556,in
2025-01-01T02:05:00,21.88196931636203,in
2025-01-01T02:06:00,22.115991117234024,in
2025-01-01T02:07:00,22.063976139969753,in
2025-01-01T02:08:00,22.2798538809372,in
2025-01-01T02:09:00,22.079529811633382,in
2025-01-01T02:10:00,21.971942353986453,in
2025-01-01T02:11:00,22.058923378668595,in
2025-01-01T02:12:00,21.903036452933378,in
2025-01-01T02:13:00,22.174306163332574,in
2025-01-01T02:14:00,22.210574616017006,in
2025-01-01T02:15:00,22.501185663964208,in
2025-01-01T02:16:00,22.04623754889759,in
2025-01-01T02:17:00,22.108047794339523,in
2025-01-01T02:18:00,22.07055441278996,in
2025-01-01T02:19:00,22.197433470194092,in
2025-01-01T02:20:00,22.231565065667258,in
2025-01-01T02:21:00,22.17499701066253,in
2025-01-01T02:22:00,22.354640392571405,in
2025-01-01T02:23:00,22.107829197660937,in
2025-01-01T02:24:00,22.356983033718915,in
2025-01-01T02:25:00,22.29850842775009,in
2025-01-01T02:26:00,22.224601939550972,in
2025-01-01T02:27:00,22.187834298802105,in
2025-01-01T02:28:00,22.607738850620002,in
2025-01-01T02:29:00,22.129846640660347,in
2025-01-01T02:30:00,22.305742360985363,in
2025-01-01T02:31:00,22.157169000011127,in
2025-01-01T02:32:00,22.546189314213326,in
2025-01-01T02:33:00,22.42000919330224,in
2025-01-01T02:34:00,22.19386634043305,in
2025-01-01T02:35:00,22.381136021394518,in
2025-01-01T02:36:00,22.351523288271945,in
2025-01-01T02:37:00,22.24399141691144,in
2025-01-01T02:38:00,22.443819844305583,in
2025-01-01T02:39:00,22.397094816363712,in
2025-01-01T02:40:00,22.379651162416753,in
2025-01-01T02:41:00,22.349599134261332,in
2025-01-01T02:42:00,22.429129224874245,in
2025-01-01T02:43:00,22.407456221241336,in
2025-01-01T02:44:00,22.390481990706842,in
2025-01-01T02:45:00,22.29402825663412,in
2025-01-01T02:46:00,22.652800804948768,in
2025-01-01T02:47:00,22.249720510778072,in
2025-01-01T02:48:00,22.47996881446748,in
2025-01-01T02:49:00,22.376319232967678,in
2025-01-01T02:50:00,22.6968113182936,in
2025-01-01T02:51:00,22.305872489459425,in
2025-01-01T02:52:00,22.33961261942368,in
2025-01-01T02:53:00,22.312928072355557,in
2025-01-01T02:54:00,22.5154104853544,in
2025-01-01T02:55:00,22.26941418571705,in
2025-01-01T02:56:00,22.41206451698567,in
2025-01-01T02:57:00,22.169451712629844,in
2025-01-01T02:58:00,22.536823211228096,in
2025-01-01T02:59:00,22.434171667597617,in
2025-01-01T03:00:00,22.29442957861526,in
2025-01-01T03:01:00,22.68890383936206,in
2025-01-01T03:02:00,22.338326717398775,in
2025-01-01T03:03:00,22.66242245323438,in
2025-01-01T03:04:00,22.446118588035826,in
2025-01-01T03:05:00,22.7998937347463,in
2025-01-01T03:06:00,22.680463270246765,in
2025-01-01T03:07:00,22.425185355637076,in
2025-01-01T03:08:00,22.447181026613926,in
2025-01-01T03:09:00,22.683911930734787,in
2025-01-01T03:10:00,22.562054879402023,in
2025-01-01T03:11:00,22.58432722200282,in
2025-01-01T03:12:00,22.808869818015708,in
2025-01-01T03:13:00,22.51402428196201,in
2025-01-01T03:14:00,22.648303378636502,in
2025-01-01T03:15:00,22.786073099654168,in
2025-01-01T03:16:00,22.772503932172153,in
2025-01-01T03:17:00,22.635439390397472,in
2025-01-01T03:18:00,22.624277836339644,in
2025-01-01T03:19:00,22.415011116628516,in
2025-01-01T03:20:00,22.52560353775156,in
2025-01-01T03:21:00,22.739987998141196,in
2025-01-01T03:22:00,22.6797324341776,in
2025-01-01T03:23:00,22.719821137780364,in
2025-01-01T03:24:00,22.87262394053571,in
2025-01-01T03:25:00,22.546777610208064,in
2025-01-01T03:26:00,22.697575408113696,in
2025-01-01T03:27:00,22.769421519531356,in
2025-01-01T03:28:00,22.643589196195645,in
2025-01-01T03:29:00,22.97201880179398,in
2025-01-01T03:30:00,22.901654884972153,in
2025-01-01T03:31:00,22.816941922336955,in
2025-01-01T03:32:00,23.050597023877835,in
2025-01-01T03:33:00,22.56465342082701,in
2025-01-01T03:34:00,22.79633919568464,in
2025-01-01T03:35:00,22.860443925057584,in
2025-01-01T03:36:00,22.67629002913251,in
2025-01-01T03:37:00,22.866544886499614,in
2025-01-01T03:38:00,22.6633991112443,in
2025-01-01T03:39:00,22.940903072815996,in
2025-01-01T03:40:00,23.003911738700737,in
2025-01-01T03:41:00,22.893987489972165,in
2025-01-01T03:42:00,22.58310252135685,in
2025-01-01T03:43:00,22.72387148663393,in
2025-01-01T03:44:00,22.96144879406013,in
2025-01-01T03:45:00,22.887757176964858,in
2025-01-01T03:46:00,22.488295233565744,in
2025-01-01T03:47:00,23.086621439655104,in
2025-01-01T03:48:00,22.92847947541717,in
2025-01-01T03:49:00,22.79288663063391,in
2025-01-01T03:50:00,23.072740566105068,in
2025-01-01T03:51:00,22.829598038714188,in
2025-01-01T03:52:00,22.83567530793115,in
2025-01-01T03:53:00,23.00039223202179,in
2025-01-01T03:54:00,23.221473289405562,in
2025-01-01T03:55:00,23.205515614534708,in
2025-01-01T03:56:00,23.023575965328288,in
2025-01-01T03:57:00,23.046600331821455,in
2025-01-01T03:58:00,23.103571960019657,in
2025-01-01T03:59:00,22.803885456045016,in
2025-01-01T04:00:00,23.096622250572796,in
2025-01-01T04:01:00,22.89743693386952,in
2025-01-01T04:02:00,23.062848435940893,in
2025-01-01T04:03:00,22.988466028013,in
2025-01-01T04:04:00,23.10525739888724,in
2025-01-01T04:05:00,23.055262036072012,in
2025-01-01T04:06:00,22.584042588808703,in
2025-01-01T04:07:00,23.079261604059518,in
2025-01-01T04:08:00,23.1561614713113,in
2025-01-01T04:09:00,23.13411828408199,in
2025-01-01T04:10:00,23.059211324762362,in
2025-01-01T04:11:00,23.328273196525547,in
2025-01-01T04:12:00,23.135984039398306,in
2025-01-01T04:13:00,23.162237454068794,in
2025-01-01T04:14:00,23.2605477547317,in
2025-01-01T04:15:00,23.165529415993692,in
2025-01-01T04:16:00,22.983683143929362,in
2025-01-01T04:17:00,22.759859243323195,in
2025-01-01T04:18:00,23.061244338546953,in
2025-01-01T04:19:00,23.254135354074773,in
2025-01-01T04:20:00,23.094188422989422,in
2025-01-01T04:21:00,23.274467135916726,in
2025-01-01T04:22:00,23.183715137809923,in
2025-01-01T04:23:00,23.361709241814197,in
2025-01-01T04:24:00,23.131287998516846,in
2025-01-01T04:25:00,23.25276152071232,in
2025-01-01T04:26:00,23.26552833318299,in
2025-01-01T04:27:00,23.421889482035997,in
2025-01-01T04:28:00,22.947634450353952,in
2025-01-01T04:29:00,23.141826734902818,in
2025-01-01T04:30:00,23.34480027382572,in
2025-01-01T04:31:00,23.456319032035697,in
2025-01-01T04:32:00,23.26733367754763,in
2025-01-01T04:33:00,23.194282273956443,in
2025-01-01T04:34:00,23.358597028576405,in
2025-01-01T04:35:00,23.38215234565287,in
2025-01-01T04:36:00,23.20469153029958,in
2025-01-01T04:37:00,23.314956753951662,in
2025-01-01T04:38:00,23.449235529917324,in
2025-01-01T04:39:00,23.562446852952334,in
2025-01-01T04:40:00,23.396965963258374,in
2025-01-01T04:41:00,23.298868793785765,in
2025-01-01T04:42:00,23.290784820254682,in
2025-01-01T04:43:00,23.38912898850449,in
2025-01-01T04:44:00,23.294767131609095,in
2025-01-01T04:45:00,23.3471377050535,in
2025-01-01T04:46:00,23.166558656751842,in
2025-01-01T04:47:00,23.526321911475343,in
2025-01-01T04:48:00,23.167233503645416,in
2025-01-01T04:49:00,23.279916850801385,in
2025-01-01T04:50:00,23.36581940435909,in
2025-01-01T04:51:00,23.656249523049176,in
2025-01-01T04:52:00,23.30059427239715,in
2025-01-01T04:53:00,23.270463608558657,in
2025-01-01T04:54:00,23.29408661378744,in
2025-01-01T04:55:00,23.631860686706236,in
2025-01-01T04:56:00,22.96746469189209,in
2025-01-01T04:57:00,23.245170217861073,in
2025-01-01T04:58:00,23.811511834973633,in
2025-01-01T04:59:00,23.49666175993568,in
2025-01-01T05:00:00,23.248315819972213,in
2025-01-01T05:01:00,23.414083053920354,in
2025-01-01T05:02:00,23.43661908321854,in
2025-01-01T05:03:00,23.55952267373515,in
2025-01-01T05:04:00,23.71460490110069,in
2025-01-01T05:05:00,23.503010676311394,in
2025-01-01T05:06:00,23.36978049657263,in
2025-01-01T05:07:00,23.57480460607953,in
2025-01-01T05:08:00,23.35796949870891,in
2025-01-01T05:09:00,23.313644394473016,in
2025-01-01T05:10:00,23.21056834282678,in
2025-01-01T05:11:00,23.245666995798604,in
2025-01-01T05:12:00,23.351822877536147,in
2025-01-01T05:13:00,23.315446284968267,in
2025-01-01T05:14:00,23.544896920684213,in
2025-01-01T05:15:00,23.323769341084347,in
2025-01-01T05:16:00,23.037869215141832,in
2025-01-01T05:17:00,23.358543202579682,in
2025-01-01T05:18:00,23.450032984041847,in
2025-01-01T05:19:00,23.435647516384265,in
2025-01-01T05:20:00,23.760017588134335,in
2025-01-01T05:21:00,23.445652280253547,in
2025-01-01T05:22:00,23.67538768625532,in
2025-01-01T05:23:00,23.54593789821224,in
2025-01-01T05:24:00,23.54794621406305,in
2025-01-01T05:25:00,23.43446192285856,in
2025-01-01T05:26:00,23.556398915967712,in
2025-01-01T05:27:00,23.455869442726875,in
2025-01-01T05:28:00,23.60152515435163,in
2025-01-01T05:29:00,23.545941702594135,in
2025-01-01T05:30:00,23.44501249060373,in
2025-01-01T05:31:00,23.740788156024333,in
2025-01-01T05:32:00,23.661297092097797,in
2025-01-01T05:33:00,23.535298215260784,in
2025-01-01T05:34:00,23.629537678289733,in
2025-01-01T05:35:00,23.600315830309672,in
2025-01-01T05:36:00,23.487895348160404,in
2025-01-01T05:37:00,23.633722398283197,in
2025-01-01T05:38:00,23.535079273491533,in
2025-01-01T05:39:00,23.491543034980342,in
2025-01-01T05:40:00,23.394888989038,in
2025-01-01T05:41:00,23.589502772853535,in
2025-01-01T05:42:00,23.73329797618159,in
2025-01-01T05:43:00,23.54898059524755,in
2025-01-01T05:44:00,24.036181448933778,in
2025-01-01T05:45:00,23.795792072653,in
2025-01-01T05:46:00,23.863421164033408,in
2025-01-01T05:47:00,23.791858763506582,in
2025-01-01T05:48:00,23.955270882131636,in
2025-01-01T05:49:00,23.564027728407904,in
2025-01-01T05:50:00,23.302672283776978,in
2025-01-01T05:51:00,23.624536802155014,in
2025-01-01T05:52:00,23.779828978644982,in
2025-01-01T05:53:00,23.723431995753323,in
2025-01-01T05:54:00,23.74660122035335,in
2025-01-01T05:55:00,23.907960241746373,in
2025-01-01T05:56:00,23.7716432375736,in
2025-01-01T05:57:00,23.83864976214156,in
2025-01-01T05:58:00,23.582323909605137,in
2025-01-01T05:59:00,23.563361957026384,in
2025-01-01T06:00:00,23.97416789602255,in
2025-01-01T06:01:00,23.751532859250347,in
2025-01-01T06:02:00,23.64722701436288,in
2025-01-01T06:03:00,23.651782840113526,in
2025-01-01T06:04:00,23.65187094603305,in
2025-01-01T06:05:00,23.647109658258138,in
2025-01-01T06:06:00,23.56516205493338,in
2025-01-01T06:07:00,23.536718416077694,in
2025-01-01T06:08:00,23.73664452906969,in
2025-01-01T06:09:00,23.681036394378022,in
2025-01-01T06:10:00,23.94009555917294,in
2025-01-01T06:11:00,23.821995780961508,in
2025-01-01T06:12:00,23.821810700388433,in
2025-01-01T06:13:00,23.674489825689108,in
2025-01-01T06:14:00,23.771714460837057,in
2025-01-01T06:15:00,23.84789564861009,in
2025-01-01T06:16:00,23.905017453555235,in
2025-01-01T06:17:00,23.78731270466742,in
2025-01-01T06:18:00,23.967039135598355,in
2025-01-01T06:19:00,23.810108687244927,in
2025-01-01T06:20:00,23.93154264185095,in
2025-01-01T06:21:00,23.74280851636179,in
2025-01-01T06:22:00,23.54803428676779,in
2025-01-01T06:23:00,23.863777935356953,in
2025-01-01T06:24:00,23.935889524757194,in
2025-01-01T06:25:00,23.91692505801003,in
2025-01-01T06:26:00,23.897448147985862,in
2025-01-01T06:27:00,23.785294375404547,in
2025-01-01T06:28:00,23.71999776918804,in
2025-01-01T06:29:00,23.92716118369747,in
2025-01-01T06:30:00,23.911726177452312,in
2025-01-01T06:31:00,23.76694614440856,in
2025-01-01T06:32:00,24.020781337512382,in
2025-01-01T06:33:00,23.725189278561707,in
2025-01-01T06:34:00,23.77330662914539,in
2025-01-01T06:35:00,24.109479520416848,in
2025-01-01T06:36:00,23.997448143654488,in
2025-01-01T06:37:00,23.81656902348837,in
2025-01-01T06:38:00,23.91645148494333,in
2025-01-01T06:39:00,23.899601508523546,in
2025-01-01T06:40:00,23.467543161825212,in
2025-01-01T06:41:00,23.746380938091736,in
2025-01-01T06:42:00,23.877655989617963,in
2025-01-01T06:43:00,23.83468631930167,in
2025-01-01T06:44:00,23.9281025359232,in
2025-01-01T06:45:00,24.0632826059324,in
2025-01-01T06:46:00,23.84841694271431,in
2025-01-01T06:47:00,23.74075003298532,in
2025-01-01T06:48:00,23.950840781366963,in
2025-01-01T06:49:00,23.855798099251388,in
2025-01-01T06:50:00,23.88402437637317,in
2025-01-01T06:51:00,23.86627383104141,in
2025-01-01T06:52:00,24.24888518192772,in
2025-01-01T06:53:00,23.579037082459937,in
2025-01-01T06:54:00,23.85938938426649,in
2025-01-01T06:55:00,23.9195463549246,in
2025-01-01T06:56:00,23.80535201803422,in
2025-01-01T06:57:00,24.059884347726538,in
2025-01-01T06:58:00,24.049249558225192,in
2025-01-01T06:59:00,23.922411454884344,in
2025-01-01T07:00:00,23.89125058927658,in
2025-01-01T07:01:00,23.917298352693138,in
2025-01-01T07:02:00,23.920577282709043,in
2025-01-01T07:03:00,23.926705865194645,in
2025-01-01T07:04:00,23.91239158732447,in
2025-01-01T07:05:00,23.98055153681538,in
2025-01-01T07:06:00,24.057721650519532,in
2025-01-01T07:07:00,23.76221949478111,in
2025-01-01T07:08:00,23.791140544685497,in
2025-01-01T07:09:00,23.688406936594497,in
2025-01-01T07:10:00,24.082551624293504,in
2025-01-01T07:11:00,23.992010706903926,in
2025-01-01T07:12:00,24.032085328857526,in
2025-01-01T07:13:00,23.74366620921465,in
2025-01-01T07:14:00,24.22759162767368,in
2025-01-01T07:15:00,23.87024292458466,in
2025-01-01T07:16:00,23.988485237962017,in
2025-01-01T07:17:00,24.093058494552775,in
2025-01-01T07:18:00,23.8184628517585,in
2025-01-01T07:19:00,23.88613274151568,in
2025-01-01T07:20:00,23.996491272214545,in
2025-01-01T07:21:00,24.399733079435862,in
2025-01-01T07:22:00,24.017739914502265,in
2025-01-01T07:23:00,24.214946905715074,in
2025-01-01T07:24:00,24.15622765296907,in
2025-01-01T07:25:00,24.031924526409696,in
2025-01-01T07:26:00,23.82965236097923,in
2025-01-01T07:27:00,24.138265815262073,in
2025-01-01T07:28:00,23.755819586235933,in
2025-01-01T07:29:00,24.22186306332533,in
2025-01-01T07:30:00,24.01289051898036,in
2025-01-01T07:31:00,23.5864763672647,in
2025-01-01T07:32:00,23.93401638902787,in
2025-01-01T07:33:00,24.084229087048293,in
2025-01-01T07:34:00,23.951590130397207,in
2025-01-01T07:35:00,24.095363548093676,in
2025-01-01T07:36:00,23.8615401655797,in
2025-01-01T07:37:00,23.794039680583683,in
2025-01-01T07:38:00,23.980075586277216,in
2025-01-01T07:39:00,23.996344705242812,in
2025-01-01T07:40:00,23.94013174352414,in
2025-01-01T07:41:00,24.17722467699185,in
2025-01-01T07:42:00,23.866303561195398,in
2025-01-01T07:43:00,24.041475211298824,in
2025-01-01T07:44:00,24.00532359619419,in
2025-01-01T07:45:00,23.76221045365679,in
2025-01-01T07:46:00,23.79841506929346,in
2025-01-01T07:47:00,23.998569993551992,in
2025-01-01T07:48:00,24.294439069312194,in
2025-01-01T07:49:00,24.084587244754726,in
2025-01-01T07:50:00,23.73925121939202,in
2025-01-01T07:51:00,23.531884862713543,in
2025-01-01T07:52:00,24.10873969298885,in
2025-01-01T07:53:00,23.984635159234195,in
2025-01-01T07:54:00,24.170504545377668,in
2025-01-01T07:55:00,23.8674163660531,in
2025-01-01T07:56:00,24.05222726499156,in
2025-01-01T07:57:00,24.126754674602193,in
2025-01-01T07:58:00,23.932804300397372,in
2025-01-01T07:59:00,23.93606812590681,in
2025-01-01T08:00:00,24.00378942466476,in
2025-01-01T08:01:00,24.08138241342552,in
2025-01-01T08:02:00,23.997773745451557,in
2025-01-01T08:03:00,24.145928105811937,in
2025-01-01T08:04:00,23.93040511192273,in
2025-01-01T08:05:00,23.800264773340352,in
2025-01-01T08:06:00,24.29586095516809,in
2025-01-01T08:07:00,23.90837212119206,in
2025-01-01T08:08:00,23.91351534148053,in
2025-01-01T08:09:00,23.988587574320615,in
2025-01-01T08:10:00,24.008173609611813,in
2025-01-01T08:11:00,23.93969422659666,in
2025-01-01T08:12:00,23.994643984966796,in
2025-01-01T08:13:00,23.99081900640047,in
2025-01-01T08:14:00,24.022492495896856,in
2025-01-01T08:15:00,23.642094727629107,in
2025-01-01T08:16:00,24.277259546570825,in
2025-01-01T08:17:00,23.972407123168786,in
2025-01-01T08:18:00,24.080928060383304,in
2025-01-01T08:19:00,23.78641580376542,in
2025-01-01T08:20:00,23.921739356996103,in
2025-01-01T08:21:00,23.890762475201264,in
2025-01-01T08:22:00,24.211250961410638,in
2025-01-01T08:23:00,23.902064995476444,in
2025-01-01T08:24:00,24.102755788777557,in
2025-01-01T08:25:00,23.89054960854366,in
2025-01-01T08:26:00,23.919250870405083,in
2025-01-01T08:27:00,23.94930438912975,in
2025-01-01T08:28:00,24.17766907230704,in
2025-01-01T08:29:00,23.70053200050491,in
2025-01-01T08:30:00,23.78554018945646,in
2025-01-01T08:31:00,23.689636019920293,in
2025-01-01T08:32:00,23.817410819518926,in
2025-01-01T08:33:00,23.857562765960523,in
2025-01-01T08:34:00,23.735859538610278,in
2025-01-01T08:35:00,23.86660085894332,in
2025-01-01T08:36:00,23.673169509050265,in
2025-01-01T08:37:00,23.82129442455531,in
2025-01-01T08:38:00,24.152634263060992,in
2025-01-01T08:39:00,24.031650328658323,in
2025-01-01T08:40:00,23.997735656850292,in
2025-01-01T08:41:00,23.817664611850716,in
2025-01-01T08:42:00,23.736097071271203,in
2025-01-01T08:43:00,23.794027384120877,in
2025-01-01T08:44:00,23.956772892860926,in
2025-01-01T08:45:00,24.09179707776546,in
2025-01-01T08:46:00,24.095204521811958,in
2025-01-01T08:47:00,24.052682799341667,in
2025-01-01T08:48:00,23.84566167185742,in
2025-01-01T08:49:00,23.958144687785953,in
2025-01-01T08:50:00,23.904390634734277,in
2025-01-01T08:51:00,23.920506176492815,in
2025-01-01T08:52:00,24.254309314114444,in
2025-01-01T08:53:00,23.682458481370357,in
2025-01-01T08:54:00,23.909538318407016,in
2025-01-01T08:55:00,24.124446475705945,in
2025-01-01T08:56:00,23.72070772829696,in
2025-01-01T08:57:00,23.84189970562357,in
2025-01-01T08:58:00,23.85693950612107,in
2025-01-01T08:59:00,23.90059841951979,in
2025-01-01T09:00:00,23.692458078637202,in
2025-01-01T09:01:00,24.018867556708333,in
2025-01-01T09:02:00,24.027203998794217,in
2025-01-01T09:03:00,24.00116677165999,in
2025-01-01T09:04:00,23.791967340732974,in
2025-01-01T09:05:00,23.93307632738995,in
2025-01-01T09:06:00,23.782723433801024,in
2025-01-01T09:07:00,23.8652532224939,in
2025-01-01T09:08:00,24.235629701001702,in
2025-01-01T09:09:00,23.924394195553813,in
2025-01-01T09:10:00,23.72930491509838,in
2025-01-01T09:11:00,23.931841900386146,in
2025-01-01T09:12:00,23.699343643680812,in
2025-01-01T09:13:00,23.7195466935265,in
2025-01-01T09:14:00,23.740478840020078,in
2025-01-01T09:15:00,23.82721384116086,in
2025-01-01T09:16:00,24.031582500537017,in
2025-01-01T09:17:00,23.974937770488093,in
2025-01-01T09:18:00,23.963732281421457,in
2025-01-01T09:19:00,23.71751334567416,in
2025-01-01T09:20:00,23.79818808825647,in
2025-01-01T09:21:00,23.917182837877448,in
2025-01-01T09:22:00,23.779096380688536,in
2025-01-01T09:23:00,23.828515453326858,in
2025-01-01T09:24:00,23.933364656873895,in
2025-01-01T09:25:00,23.811699836385404,in
2025-01-01T09:26:00,23.894744074329353,in
2025-01-01T09:27:00,24.096528374146782,in
2025-01-01T09:28:00,23.828588889285527,in
2025-01-01T09:29:00,24.027981679493013,in
2025-01-01T09:30:00,23.931664575118678,in
2025-01-01T09:31:00,23.62431564431789,in
2025-01-01T09:32:00,23.675689152515353,in
2025-01-01T09:33:00,23.71254303783731,in
2025-01-01T09:34:00,23.705894911230327,in
2025-01-01T09:35:00,23.817079496322872,in
2025-01-01T09:36:00,23.919287522497473,in
2025-01-01T09:37:00,24.011797849659885,in
2025-01-01T09:38:00,23.86614880506185,in
2025-01-01T09:39:00,23.74943441424218,in
2025-01-01T09:40:00,23.500279387528817,in
2025-01-01T09:41:00,23.819498727221337,in
2025-01-01T09:42:00,23.80903609775397,in
2025-01-01T09:43:00,23.82883579167602,in
2025-01-01T09:44:00,24.113524137253837,in
2025-01-01T09:45:00,23.979834964994335,in
2025-01-01T09:46:00,23.90762786094155,in
2025-01-01T09:47:00,23.641646317311533,in
2025-01-01T09:48:00,23.705063835997226,in
2025-01-01T09:49:00,23.763807591932196,in
2025-01-01T09:50:00,23.65771059775489,in
2025-01-01T09:51:00,23.84504495367385,in
2025-01-01T09:52:00,23.819431513100213,in
2025-01-01T09:53:00,23.59853530745257,in
2025-01-01T09:54:00,23.937156731688347,in
2025-01-01T09:55:00,23.768800061486345,in
2025-01-01T09:56:00,23.489878742267454,in
2025-01-01T09:57:00,23.73729058539385,in
2025-01-01T09:58:00,23.782892360268235,in
2025-01-01T09:59:00,23.882316483193645,in
2025-01-01T10:00:00,23.681429347099886,in
2025-01-01T10:01:00,23.851861750525874,in
2025-01-01T10:02:00,23.751329618898584,in
2025-01-01T10:03:00,23.52155463164727,in
2025-01-01T10:04:00,23.502059585381847,in
2025-01-01T10:05:00,23.878207721868296,in
2025-01-01T10:06:00,23.88467795546545,in
2025-01-01T10:07:00,23.749140834551834,in
2025-01-01T10:08:00,23.920452200489855,in
2025-01-01T10:09:00,23.849947120764185,in
2025-01-01T10:10:00,23.78932720104773,in
2025-01-01T10:11:00,23.545381302618733,in
2025-01-01T10:12:00,23.9370554485457,in
2025-01-01T10:13:00,23.753017526526758,in
2025-01-01T10:14:00,23.609895827942594,in
2025-01-01T10:15:00,23.562698723809294,in
2025-01-01T10:16:00,23.69659271233716,in
2025-01-01T10:17:00,23.40252063552861,in
2025-01-01T10:18:00,23.75320336854696,in
2025-01-01T10:19:00,23.500258253680226,in
2025-01-01T10:20:00,23.693895304901627,in
2025-01-01T10:21:00,23.555040059719634,in
2025-01-01T10:22:00,23.588568229803933,in
2025-01-01T10:23:00,23.509611483015263,in
2025-01-01T10:24:00,23.593849574072774,in
2025-01-01T10:25:00,23.89629614043757,in
2025-01-01T10:26:00,23.815472665291733,in
2025-01-01T10:27:00,23.65567946863144,in
2025-01-01T10:28:00,23.593476880259843,in
2025-01-01T10:29:00,23.718634183673178,in
2025-01-01T10:30:00,23.756202239698602,in
2025-01-01T10:31:00,23.456906390156558,in
2025-01-01T10:32:00,23.564405677068613,in
2025-01-01T10:33:00,23.297340127326276,in
2025-01-01T10:34:00,23.73368163024396,in
2025-01-01T10:35:00,23.869522604840892,in
2025-01-01T10:36:00,23.566304316607408,in
2025-01-01T10:37:00,23.230033769428918,in
2025-01-01T10:38:00,23.634582744261994,in
2025-01-01T10:39:00,23.402070289224557,in
2025-01-01T10:40:00,23.432586469988287,in
2025-01-01T10:41:00,23.62045139803371,in
2025-01-01T10:42:00,23.55899505002697,in
2025-01-01T10:43:00,23.44191365246731,in
2025-01-01T10:44:00,23.411978315555295,in
2025-01-01T10:45:00,23.52255502324108,in
2025-01-01T10:46:00,23.43649160870115,in
2025-01-01T10:47:00,23.32572918008295,in
2025-01-01T10:48:00,23.436405173733036,in
2025-01-01T10:49:00,23.531375148461944,in
2025-01-01T10:50:00,23.4478391535973,in
2025-01-01T10:51:00,23.256618729134143,in
2025-01-01T10:52:00,23.61106709644467,in
2025-01-01T10:53:00,23.045920224223302,in
2025-01-01T10:54:00,23.38379396877031,in
2025-01-01T10:55:00,23.351698155936425,in
2025-01-01T10:56:00,23.460906432358016,in
2025-01-01T10:57:00,23.516853158019718,in
2025-01-01T10:58:00,23.595515619547516,in
2025-01-01T10:59:00,23.313510020243747,in
2025-01-01T11:00:00,23.50220091297312,in
2025-01-01T11:01:00,23.437402207094156,in
2025-01-01T11:02:00,23.14508762232222,in
2025-01-01T11:03:00,23.680661957998478,in
2025-01-01T11:04:00,23.173500471831964,in
2025-01-01T11:05:00,23.445950702410997,in
2025-01-01T11:06:00,23.43520314301717,in
2025-01-01T11:07:00,23.41171149800208,in
2025-01-01T11:08:00,23.289810187800757,in
2025-01-01T11:09:00,23.48168938873696,in
2025-01-01T11:10:00,23.117125294139854,in
2025-01-01T11:11:00,23.33485929656825,in
2025-01-01T11:12:00,23.25368001123485,in
2025-01-01T11:13:00,23.230168640691613,in
2025-01-01T11:14:00,23.389552264549508,in
2025-01-01T11:15:00,23.48031341160809,in
2025-01-01T11:16:00,23.260629693705482,in
2025-01-01T11:17:00,23.422621668414312,in
2025-01-01T11:18:00,23.30635719647706,in
2025-01-01T11:19:00,23.158338127900226,in
2025-01-01T11:20:00,23.24688240538692,in
2025-01-01T11:21:00,23.233955120342426,in
2025-01-01T11:22:00,23.16765745367971,in
2025-01-01T11:23:00,23.329683096423405,in
2025-01-01T11:24:00,23.29383771025539,in
2025-01-01T11:25:00,23.013249489627707,in
2025-01-01T11:26:00,22.997300373989336,in
2025-01-01T11:27:00,23.30189056660053,in
2025-01-01T11:28:00,23.10902998633214,in
2025-01-01T11:29:00,23.269740733333947,in
2025-01-01T11:30:00,23.33466259473382,in
2025-01-01T11:31:00,23.019945050474956,in
2025-01-01T11:32:00,22.991899458117672,in
2025-01-01T11:33:00,23.447813953500614,in
2025-01-01T11:34:00,23.242381190947054,in
2025-01-01T11:35:00,23.119733198226175,in
2025-01-01T11:36:00,23.035479436688007,in
2025-01-01T11:37:00,23.091933203938776,in
2025-01-01T11:38:00,22.982820061004883,in
2025-01-01T11:39:00,23.286802206188057,in
2025-01-01T11:40:00,23.030640199661146,in
2025-01-01T11:41:00,23.30402371342505,in
2025-01-01T11:42:00,23.072718135884163,in
2025-01-01T11:43:00,22.969107327847542,in
2025-01-01T11:44:00,23.054440568739423,in
2025-01-01T11:45:00,22.717515449413995,in
2025-01-01T11:46:00,23.085758684123018,in
2025-01-01T11:47:00,23.0710685803703,in
2025-01-01T11:48:00,23.21298948201225,in
2025-01-01T11:49:00,22.79900320353848,in
2025-01-01T11:50:00,23.24887917082318,in
2025-01-01T11:51:00,23.190318926080874,in
2025-01-01T11:52:00,23.24764506302121,in
2025-01-01T11:53:00,23.04451964090312,in
2025-01-01T11:54:00,23.19708165454731,in
2025-01-01T11:55:00,22.816859911085007,in
2025-01-01T11:56:00,23.137033284600786,in
2025-01-01T11:57:00,22.90691175783911,in
2025-01-01T11:58:00,22.76736645105797,in
2025-01-01T11:59:00,22.838926876366397,in
2025-01-01T12:00:00,23.000829670794392,in
2025-01-01T12:01:00,22.868788126117778,in
2025-01-01T12:02:00,23.0412581499613,in
2025-01-01T12:03:00,22.70600684974331,in
2025-01-01T12:04:00,22.650554608950294,in
2025-01-01T12:05:00,23.16783565296031,in
2025-01-01T12:06:00,23.089887539929432,in
2025-01-01T12:07:00,22.789244808982616,in
2025-01-01T12:08:00,22.9384931790512,in
2025-01-01T12:09:00,23.084155099680423,in
2025-01-01T12:10:00,22.98637731771366,in
2025-01-01T12:11:00,22.937981294661437,in
2025-01-01T12:12:00,23.07225411167598,in
2025-01-01T12:13:00,22.790590010794688,in
2025-01-01T12:14:00,22.897072393519313,in
2025-01-01T12:15:00,22.881900084694145,in
2025-01-01T12:16:00,22.835827986427496,in
2025-01-01T12:17:00,22.810419688095724,in
2025-01-01T12:18:00,22.871952429290864,in
2025-01-01T12:19:00,22.858298604200748,in
2025-01-01T12:20:00,22.68797237710122,in
2025-01-01T12:21:00,22.957588861559923,in
2025-01-01T12:22:00,22.682928704147542,in
2025-01-01T12:23:00,22.78870268854488,in
2025-01-01T12:24:00,22.769181215243595,in
2025-01-01T12:25:00,22.859208921616357,in
2025-01-01T12:26:00,22.479632546817893,in
2025-01-01T12:27:00,22.923124185007953,in
2025-01-01T12:28:00,22.67991370483672,in
2025-01-01T12:29:00,22.9564164174902,in
2025-01-01T12:30:00,22.693642126052755,in
2025-01-01T12:31:00,22.749970696844763,in
2025-01-01T12:32:00,23.03628109284209,in
2025-01-01T12:33:00,22.699514143700622,in
2025-01-01T12:34:00,22.918829936149614,in
2025-01-01T12:35:00,22.73073283940209,in
2025-01-01T12:36:00,22.779048723634624,in
2025-01-01T12:37:00,22.71907586440714,in
2025-01-01T12:38:00,22.827592506463954,in
2025-01-01T12:39:00,22.589404372227026,in
2025-01-01T12:40:00,22.53643300819846,in
2025-01-01T12:41:00,22.5800470074501,in
2025-01-01T12:42:00,22.682570274916156,in
2025-01-01T12:43:00,22.626258472693024,in
2025-01-01T12:44:00,22.75767754038499,in
2025-01-01T12:45:00,22.838588685579552,in
2025-01-01T12:46:00,22.488233562224934,in
2025-01-01T12:47:00,22.51623529422541,in
2025-01-01T12:48:00,22.402598076002967,in
2025-01-01T12:49:00,22.91428454666989,in
2025-01-01T12:50:00,22.647112023876822,in
2025-01-01T12:51:00,22.665053497958876,in
2025-01-01T12:52:00,22.383712151690816,in
2025-01-01T12:53:00,22.57621703791715,in
2025-01-01T12:54:00,22.644417887069807,in
2025-01-01T12:55:00,22.521744374481823,in
2025-01-01T12:56:00,22.712630555357958,in
2025-01-01T12:57:00,22.889655568576575,in
2025-01-01T12:58:00,22.39241732809242,in
2025-01-01T12:59:00,22.372749342019446,in
2025-01-01T13:00:00,22.385974680375757,in
2025-01-01T13:01:00,22.75013377041353,in
2025-01-01T13:02:00,22.657113305663337,in
2025-01-01T13:03:00,22.471977413388938,in
2025-01-01T13:04:00,22.489327740859466,in
2025-01-01T13:05:00,22.352890240722836,in
2025-01-01T13:06:00,22.600394801373287,in
2025-01-01T13:07:00,22.401415508228546,in
2025-01-01T13:08:00,22.41089062776948,in
2025-01-01T13:09:00,22.53271333577239,in
2025-01-01T13:10:00,22.404679987163725,in
2025-01-01T13:11:00,22.389110445288217,in
2025-01-01T13:12:00,22.41740966246488,in
2025-01-01T13:13:00,22.526586814349315,in
2025-01-01T13:14:00,22.645709830156967,in
2025-01-01T13:15:00,22.478003578869167,in
2025-01-01T13:16:00,22.50211512429673,in
2025-01-01T13:17:00,22.343069962702298,in
2025-01-01T13:18:00,22.25830137150899,in
2025-01-01T13:19:00,22.45398502578295,in
2025-01-01T13:20:00,22.372982479023946,in
2025-01-01T13:21:00,22.12530471038559,in
2025-01-01T13:22:00,22.280884768207518,in
2025-01-01T13:23:00,22.30905057768542,in
2025-01-01T13:24:00,22.23630025002619,in
2025-01-01T13:25:00,22.526507111561152,in
2025-01-01T13:26:00,22.367594677794553,in
2025-01-01T13:27:00,22.492961481665656,in
2025-01-01T13:28:00,22.317859991167957,in
2025-01-01T13:29:00,22.281910036011208,in
2025-01-01T13:30:00,22.120562711798566,in
2025-01-01T13:31:00,22.254187368251145,in
2025-01-01T13:32:00,22.245696775661614,in
2025-01-01T13:33:00,22.03000771231054,in
2025-01-01T13:34:00,22.145477307070255,in
2025-01-01T13:35:00,22.169241359926474,in
2025-01-01T13:36:00,22.271078858143667,in
2025-01-01T13:37:00,22.269578640022008,in
2025-01-01T13:38:00,22.10449373274567,in
2025-01-01T13:39:00,22.25333367770809,in
2025-01-01T13:40:00,22.14699964609304,in
2025-01-01T13:41:00,21.735173411296167,in
2025-01-01T13:42:00,22.08421288666296,in
2025-01-01T13:43:00,22.310065276412157,in
2025-01-01T13:44:00,21.887242083994096,in
2025-01-01T13:45:00,22.147709938522617,in
2025-01-01T13:46:00,22.359886261197506,in
2025-01-01T13:47:00,21.999293632175185,in
2025-01-01T13:48:00,22.10499427455004,in
2025-01-01T13:49:00,21.9003538184585,in
2025-01-01T13:50:00,22.331323445980207,in
2025-01-01T13:51:00,22.066019737468647,in
2025-01-01T13:52:00,22.076793019824105,in
2025-01-01T13:53:00,22.26422209624549,in
2025-01-01T13:54:00,22.151575655812568,in
2025-01-01T13:55:00,21.912285460194614,in
2025-01-01T13:56:00,21.93781312426147,in
2025-01-01T13:57:00,22.100418886821185,in
2025-01-01T13:58:00,21.923834912737306,in
2025-01-01T13:59:00,21.691140121751413,in
2025-01-01T14:00:00,21.992013880204137,in
2025-01-01T14:01:00,21.769241482261783,in
2025-01-01T14:02:00,22.22498919203781,in
2025-01-01T14:03:00,22.000338954521784,in
2025-01-01T14:04:00,21.829318928613898,in
2025-01-01T14:05:00,21.85157536773151,in
2025-01-01T14:06:00,21.664236465203167,in
2025-01-01T14:07:00,21.77400369056328,in
2025-01-01T14:08:00,22.082649486976102,in
2025-01-01T14:09:00,22.25624829030572,in
2025-01-01T14:10:00,22.021720702249173,in
2025-01-01T14:11:00,21.890237362164157,in
2025-01-01T14:12:00,21.830534181166026,in
2025-01-01T14:13:00,21.74314005283679,in
2025-01-01T14:14:00,22.18686780583125,in
2025-01-01T14:15:00,21.84088143626006,in
2025-01-01T14:16:00,22.177831527021127,in
2025-01-01T14:17:00,22.060810946050708,in
2025-01-01T14:18:00,21.58196234384237,in
2025-01-01T14:19:00,21.734490725611696,in
2025-01-01T14:20:00,21.72533174587861,in
2025-01-01T14:21:00,21.805019808057335,in
2025-01-01T14:22:00,21.79926135699249,in
2025-01-01T14:23:00,22.249059741085567,in
2025-01-01T14:24:00,21.629358892293478,in
2025-01-01T14:25:00,21.81661174064573,in
2025-01-01T14:26:00,21.866069733834358,in
2025-01-01T14:27:00,21.764689404413947,in
2025-01-01T14:28:00,21.772788399856907,in
2025-01-01T14:29:00,21.590880727582352,in
2025-01-01T14:30:00,21.7549205447503,in
2025-01-01T14:31:00,21.80700798887871,in
2025-01-01T14:32:00,21.77079388572054,in
2025-01-01T14:33:00,21.798544891604458,in
2025-01-01T14:34:00,21.916272362836214,in
2025-01-01T14:35:00,21.836298208907316,in
2025-01-01T14:36:00,21.697825261944153,in
2025-01-01T14:37:00,21.502751116009858,in
2025-01-01T14:38:00,21.57990399707198,in
2025-01-01T14:39:00,21.62835631951434,in
2025-01-01T14:40:00,21.690555519367358,in
2025-01-01T14:41:00,21.572362994827408,in
2025-01-01T14:42:00,21.495168969138053,in
2025-01-01T14:43:00,21.44872212461448,in
2025-01-01T14:44:00,21.370705345388583,in
2025-01-01T14:45:00,21.574576750401558,in
2025-01-01T14:46:00,21.380814314855062,in
2025-01-01T14:47:00,21.44263764509604,in
2025-01-01T14:48:00,21.525091337437836,in
2025-01-01T14:49:00,21.375257059278393,in
2025-01-01T14:50:00,21.6240836003986,in
2025-01-01T14:51:00,21.66963858949785,in
2025-01-01T14:52:00,21.46768383834596,in
2025-01-01T14:53:00,21.476045122013673,in
2025-01-01T14:54:00,21.613723737809053,in
2025-01-01T14:55:00,21.417528950762453,in
2025-01-01T14:56:00,21.398746122061073,in
2025-01-01T14:57:00,21.687168185669957,in
2025-01-01T14:58:00,21.631868152698033,in
2025-01-01T14:59:00,21.58102860394053,in
2025-01-01T15:00:00,21.62120860300407,in
2025-01-01T15:01:00,21.177345762278946,in
2025-01-01T15:02:00,21.66859857986245,in
2025-01-01T15:03:00,21.515928417757415,in
2025-01-01T15:04:00,21.600342495966864,in
2025-01-01T15:05:00,21.49841623880547,in
2025-01-01T15:06:00,21.43930803429418,in
2025-01-01T15:07:00,21.382311081877514,in
2025-01-01T15:08:00,21.47032824708746,in
2025-01-01T15:09:00,21.360154663713175,in
2025-01-01T15:10:00,21.52876981600122,in
2025-01-01T15:11:00,21.152302905261152,in
2025-01-01T15:12:00,21.300729631980964,in
2025-01-01T15:13:00,21.680395874304,in
2025-01-01T15:14:00,21.27147861765396,in
2025-01-01T15:15:00,21.321318510934155,in
2025-01-01T15:16:00,21.216476551083176,in
2025-01-01T15:17:00,21.3909955604073,in
2025-01-01T15:18:00,21.22194654801113,in
2025-01-01T15:19:00,21.29632492377229,in
2025-01-01T15:20:00,21.443289693753922,in
2025-01-01T15:21:00,21.202951373022792,in
2025-01-01T15:22:00,21.417876905370846,in
2025-01-01T15:23:00,21.41475232133862,in
2025-01-01T15:24:00,21.441507515117294,in
2025-01-01T15:25:00,21.296205072670304,in
2025-01-01T15:26:00,21.75318640809792,in
2025-01-01T15:27:00,21.41706517946164,in
2025-01-01T15:28:00,21.2995184568292,in
2025-01-01T15:29:00,21.111314103182874,in
2025-01-01T15:30:00,21.2200742663887,in
2025-01-01T15:31:00,21.440527123261365,in
2025-01-01T15:32:00,21.474967935365395,in
2025-01-01T15:33:00,21.432261652297502,in
2025-01-01T15:34:00,21.32028070815895,in
2025-01-01T15:35:00,21.006157589338187,in
2025-01-01T15:36:00,21.259600986522248,in
2025-01-01T15:37:00,20.992351938065095,in
2025-01-01T15:38:00,20.947492835680407,in
2025-01-01T15:39:00,21.198554327611728,in
2025-01-01T15:40:00,21.233243393609065,in
2025-01-01T15:41:00,21.282369084969204,in
2025-01-01T15:42:00,21.213548242441323,in
2025-01-01T15:43:00,21.21084738305258,in
2025-01-01T15:44:00,20.97555981867299,in
2025-01-01T15:45:00,21.099676116859296,in
2025-01-01T15:46:00,20.88153685593521,in
2025-01-01T15:47:00,20.7992977485151,in
2025-01-01T15:48:00,21.203115406997366,in
2025-01-01T15:49:00,20.971283510697443,in
2025-01-01T15:50:00,21.20737754885139,in
2025-01-01T15:51:00,21.23502309603178,in
2025-01-01T15:52:00,20.968159275734738,in
2025-01-01T15:53:00,21.14190732981361,in
2025-01-01T15:54:00,20.946508970188734,in
2025-01-01T15:55:00,20.7611406309672,in
2025-01-01T15:56:00,21.048877170173697,in
2025-01-01T15:57:00,20.95212643504873,in
2025-01-01T15:58:00,20.949139528205,in
2025-01-01T15:59:00,21.303868460326413,in
2025-01-01T16:00:00,20.771121452590098,in
2025-01-01T16:01:00,21.049882716214668,in
2025-01-01T16:02:00,20.83570218850688,in
2025-01-01T16:03:00,21.113653039235995,in
2025-01-01T16:04:00,21.01468853560615,in
2025-01-01T16:05:00,21.01935513605605,in
2025-01-01T16:06:00,20.81326942792776,in
2025-01-01T16:07:00,20.83273396570301,in
2025-01-01T16:08:00,21.07924904763547,in
2025-01-01T16:09:00,21.198390626427912,in
2025-01-01T16:10:00,20.99744695588998,in
2025-01-01T16:11:00,20.783437949148297,in
2025-01-01T16:12:00,20.961562708339255,in
2025-01-01T16:13:00,21.267534347610816,in
2025-01-01T16:14:00,20.911489450983723,in
2025-01-01T16:15:00,21.108135662869838,in
2025-01-01T16:16:00,20.7705647881827,in
2025-01-01T16:17:00,20.868077236864405,in
2025-01-01T16:18:00,20.960122307069167,in
2025-01-01T16:19:00,20.919605721046825,in
2025-01-01T16:20:00,20.737888825281235,in
2025-01-01T16:21:00,20.72428200135594,in
2025-01-01T16:22:00,20.98683674904352,in
2025-01-01T16:23:00,21.01023329062265,in
2025-01-01T16:24:00,21.05125102913334,in
2025-01-01T16:25:00,21.087970275760767,in
2025-01-01T16:26:00,20.83054734194571,in
2025-01-01T16:27:00,20.756670912223942,in
2025-01-01T16:28:00,20.999018594512677,in
2025-01-01T16:29:00,20.896372416191948,in
2025-01-01T16:30:00,20.63510885318242,in
2025-01-01T16:31:00,20.620520090103266,in
2025-01-01T16:32:00,20.842466579552127,in
2025-01-01T16:33:00,20.73522090215773,in
2025-01-01T16:34:00,20.751006233513657,in
2025-01-01T16:35:00,20.909033060338412,in
2025-01-01T16:36:00,20.85521478964808,in
2025-01-01T16:37:00,20.934070330137732,in
2025-01-01T16:38:00,20.43811314348847,in
2025-01-01T16:39:00,20.759131683622012,in
2025-01-01T16:40:00,20.8186280589865,in
2025-01-01T16:41:00,20.478764162210922,in
2025-01-01T16:42:00,20.602869557143137,in
2025-01-01T16:43:00,20.568407720725215,in
2025-01-01T16:44:00,20.691136667677974,in
2025-01-01T16:45:00,20.925486465103972,in
2025-01-01T16:46:00,20.97814831426826,in
2025-01-01T16:47:00,20.54609353503734,in
2025-01-01T16:48:00,20.74072237485632,in
2025-01-01T16:49:00,20.739086062952012,in
2025-01-01T16:50:00,20.706963450495895,in
2025-01-01T16:51:00,20.702245454145004,in
2025-01-01T16:52:00,20.681564655242703,in
2025-01-01T16:53:00,20.882769537468246,in
2025-01-01T16:54:00,20.7886608257677,in
2025-01-01T16:55:00,20.45795080379572,in
2025-01-01T16:56:00,20.73004142121409,in
2025-01-01T16:57:00,20.738275086493356,in
2025-01-01T16:58:00,20.645426564473066,in
2025-01-01T16:59:00,20.761684206663475,in
2025-01-01T17:00:00,20.61399754277176,in
2025-01-01T17:01:00,20.609699406914867,in
2025-01-01T17:02:00,20.591685183393196,in
2025-01-01T17:03:00,20.264659500280743,in
2025-01-01T17:04:00,20.549260640236817,in
2025-01-01T17:05:00,20.455034489712304,in
2025-01-01T17:06:00,20.37128406124654,in
2025-01-01T17:07:00,20.75836080294613,in
2025-01-01T17:08:00,20.61292372454183,in
2025-01-01T17:09:00,20.526880318986947,in
2025-01-01T17:10:00,20.44072482371439,in
2025-01-01T17:11:00,20.563989182720647,in
2025-01-01T17:12:00,20.66242576304284,in
2025-01-01T17:13:00,20.38384037334456,in
2025-01-01T17:14:00,20.501364302580505,in
2025-01-01T17:15:00,20.626530359869722,in
2025-01-01T17:16:00,20.200180670191838,in
2025-01-01T17:17:00,20.47623456687109,in
2025-01-01T17:18:00,20.41479436321781,in
2025-01-01T17:19:00,20.453460581771687,in
2025-01-01T17:20:00,20.392666830306258,in
2025-01-01T17:21:00,20.482960026634178,in
2025-01-01T17:22:00,20.745294916287968,in
2025-01-01T17:23:00,20.402626340746345,in
2025-01-01T17:24:00,20.489464728450177,in
2025-01-01T17:25:00,20.7394429965756,in
2025-01-01T17:26:00,20.35228134953929,in
2025-01-01T17:27:00,20.701567440577854,in
2025-01-01T17:28:00,20.42477694378062,in
2025-01-01T17:29:00,20.68590528639205,in
2025-01-01T17:30:00,20.525823488159478,in
2025-01-01T17:31:00,20.45406224931812,in
2025-01-01T17:32:00,20.392884377622426,in
2025-01-01T17:33:00,20.303886158635997,in
2025-01-01T17:34:00,20.40365501126022,in
2025-01-01T17:35:00,20.521715010318037,in
2025-01-01T17:36:00,20.379999296600605,in
2025-01-01T17:37:00,20.3293586153107,in
2025-01-01T17:38:00,20.334151583160697,in
2025-01-01T17:39:00,20.5155883817141,in
2025-01-01T17:40:00,20.545470129686997,in
2025-01-01T17:41:00,20.25663354705042,in
2025-01-01T17:42:00,20.251459444138845,in
2025-01-01T17:43:00,20.40372433969569,in
2025-01-01T17:44:00,20.571054664603505,in
2025-01-01T17:45:00,20.508959321641793,in
2025-01-01T17:46:00,20.144450524038675,in
2025-01-01T17:47:00,20.287816292805704,in
2025-01-01T17:48:00,20.183068330905723,in
2025-01-01T17:49:00,20.277795095783926,in
2025-01-01T17:50:00,20.55387860777953,in
2025-01-01T17:51:00,20.0951542592746,in
2025-01-01T17:52:00,20.06107401369512,in
2025-01-01T17:53:00,20.175012426993835,in
2025-01-01T17:54:00,20.337816261678213,in
2025-01-01T17:55:00,20.38328948175022,in
2025-01-01T17:56:00,20.351282663825003,in
2025-01-01T17:57:00,20.457539987481745,in
2025-01-01T17:58:00,20.01227883998186,in
2025-01-01T17:59:00,20.45057947034505,in
2025-01-01T18:00:00,20.22113489442418,in
2025-01-01T18:01:00,20.373326517492444,in
2025-01-01T18:02:00,20.060774794105722,in
2025-01-01T18:03:00,20.255751490405764,in
2025-01-01T18:04:00,20.286201201309563,in
2025-01-01T18:05:00,20.41990914420975,in
2025-01-01T18:06:00,20.004577581284906,in
2025-01-01T18:07:00,20.242831405869463,in
2025-01-01T18:08:00,20.071319520610828,in
2025-01-01T18:09:00,20.30584913170516,in
2025-01-01T18:10:00,20.342560814111977,in
2025-01-01T18:11:00,20.41504125340474,in
2025-01-01T18:12:00,20.137732533477006,in
2025-01-01T18:13:00,20.353126086031043,in
2025-01-01T18:14:00,20.414266514917507,in
2025-01-01T18:15:00,19.959767471456303,in
2025-01-01T18:16:00,20.294263645416436,in
2025-01-01T18:17:00,20.342380209421844,in
2025-01-01T18:18:00,20.156020473342164,in
2025-01-01T18:19:00,20.009473672462498,in
2025-01-01T18:20:00,20.32882778934315,in
2025-01-01T18:21:00,20.003787328216173,in
2025-01-01T18:22:00,20.15332474307028,in
2025-01-01T18:23:00,20.170457304175326,in
2025-01-01T18:24:00,20.2802397924704,in
2025-01-01T18:25:00,20.075382307834225,in
2025-01-01T18:26:00,20.063192297905577,in
2025-01-01T18:27:00,20.177254901516672,in
2025-01-01T18:28:00,20.309948864738082,in
2025-01-01T18:29:00,20.49871555675707,in
2025-01-01T18:30:00,19.926118755010613,in
2025-01-01T18:31:00,20.19622029463285,in
2025-01-01T18:32:00,19.982652036931285,in
2025-01-01T18:33:00,20.295202580737165,in
2025-01-01T18:34:00,19.998383181939566,in
2025-01-01T18:35:00,20.034787028707054,in
2025-01-01T18:36:00,20.044448518145998,in
2025-01-01T18:37:00,20.118299739820007,in
2025-01-01T18:38:00,20.17513526103201,in
2025-01-01T18:39:00,20.196172537196308,in
2025-01-01T18:40:00,20.119749626500766,in
2025-01-01T18:41:00,19.91816431612117,in
2025-01-01T18:42:00,20.223884940362172,in
2025-01-01T18:43:00,20.103878159664976,in
2025-01-01T18:44:00,20.28322306730357,in
2025-01-01T18:45:00,19.9999789240878,in
2025-01-01T18:46:00,19.863011480484953,in
2025-01-01T18:47:00,20.095497847193787,in
2025-01-01T18:48:00,20.292279870652333,in
2025-01-01T18:49:00,20.11934972120585,in
2025-01-01T18:50:00,20.06261562862762,in
2025-01-01T18:51:00,19.959408058437013,in
2025-01-01T18:52:00,20.35105545807605,in
2025-01-01T18:53:00,19.930416889157655,in
2025-01-01T18:54:00,19.973551391619377,in
2025-01-01T18:55:00,20.165405420640745,in
2025-01-01T18:56:00,19.799073504640344,in
2025-01-01T18:57:00,20.266278126899905,in
2025-01-01T18:58:00,20.166368060715357,in
2025-01-01T18:59:00,20.205310013114044,in
2025-01-01T19:00:00,20.15186589921431,in
2025-01-01T19:01:00,20.041739594553658,in
2025-01-01T19:02:00,19.90423241272047,in
2025-01-01T19:03:00,20.040526864402747,in
2025-01-01T19:04:00,19.913123100685112,in
2025-01-01T19:05:00,20.130239156884937,in
2025-01-01T19:06:00,20.17627713378686,in
2025-01-01T19:07:00,20.274762777758834,in
2025-01-01T19:08:00,20.10702501651246,in
2025-01-01T19:09:00,20.18800166247225,in
2025-01-01T19:10:00,20.002836275175614,in
2025-01-01T19:11:00,19.973796216373415,in
2025-01-01T19:12:00,20.11475558215491,in
2025-01-01T19:13:00,19.983938124123295,in
2025-01-01T19:14:00,20.08052845908249,in
2025-01-01T19:15:00,19.879250610793225,in
2025-01-01T19:16:00,19.904501480733227,in
2025-01-01T19:17:00,20.130410599701726,in
2025-01-01T19:18:00,20.166493696183004,in
2025-01-01T19:19:00,19.884070179362414,in
2025-01-01T19:20:00,20.13097664055155,in
2025-01-01T19:21:00,19.948977530928552,in
2025-01-01T19:22:00,20.029904573355584,in
2025-01-01T19:23:00,20.238548929248132,in
2025-01-01T19:24:00,20.145746403913165,in
2025-01-01T19:25:00,20.14265777726781,in
2025-01-01T19:26:00,20.30828682704471,in
2025-01-01T19:27:00,19.91511532520319,in
2025-01-01T19:28:00,19.871582616267975,in
2025-01-01T19:29:00,19.909949864691946,in
2025-01-01T19:30:00,19.978935119241385,in
2025-01-01T19:31:00,19.662807508496787,in
2025-01-01T19:32:00,19.983793461212834,in
2025-01-01T19:33:00,19.93217747630591,in
2025-01-01T19:34:00,20.130420253756498,in
2025-01-01T19:35:00,20.064750230406865,in
2025-01-01T19:36:00,19.920851715098053,in
2025-01-01T19:37:00,20.09855709030261,in
2025-01-01T19:38:00,20.11769706223921,in
2025-01-01T19:39:00,19.893108276381962,in
2025-01-01T19:40:00,19.933656965509147,in
2025-01-01T19:41:00,19.67306451693978,in
2025-01-01T19:42:00,19.84256633637835,in
2025-01-01T19:43:00,19.89412919573749,in
2025-01-01T19:44:00,20.015996825971257,in
2025-01-01T19:45:00,19.862474751618823,in
2025-01-01T19:46:00,19.9267126050989,in
2025-01-01T19:47:00,19.819417056647914,in
2025-01-01T19:48:00,20.028408015270543,in
2025-01-01T19:49:00,20.066160416217834,in
2025-01-01T19:50:00,20.06225835909926,in
2025-01-01T19:51:00,20.003396097304346,in
2025-01-01T19:52:00,19.7700573964866,in
2025-01-01T19:53:00,19.907939768742647,in
2025-01-01T19:54:00,19.939589349201114,in
2025-01-01T19:55:00,19.93998164890209,in
2025-01-01T19:56:00,20.011551792385692,in
2025-01-01T19:57:00,20.214002550707637,in
2025-01-01T19:58:00,20.121890585774345,in
2025-01-01T19:59:00,19.851891371581225,in
2025-01-01T20:00:00,20.101760431294494,in
2025-01-01T20:01:00,20.096064393708392,in
2025-01-01T20:02:00,19.87916603292892,in
2025-01-01T20:03:00,20.1275012332473,in
2025-01-01T20:04:00,19.976248114295426,in
2025-01-01T20:05:00,19.788982922338015,in
2025-01-01T20:06:00,20.068965758744458,in
2025-01-01T20:07:00,20.033477091868754,in
2025-01-01T20:08:00,19.967066701583935,in
2025-01-01T20:09:00,19.995923964771062,in
2025-01-01T20:10:00,19.894040735003017,in
2025-01-01T20:11:00,20.093822802599664,in
2025-01-01T20:12:00,19.996223335314514,in
2025-01-01T20:13:00,20.028183985477536,in
2025-01-01T20:14:00,20.057301691820594,in
2025-01-01T20:15:00,19.831094311358846,in
2025-01-01T20:16:00,19.870729446198045,in
2025-01-01T20:17:00,19.6740079608586,in
2025-01-01T20:18:00,20.090876671307306,in
2025-01-01T20:19:00,19.825037491442462,in
2025-01-01T20:20:00,20.02749606030086,in
2025-01-01T20:21:00,20.064038378591608,in
2025-01-01T20:22:00,20.09956052909952,in
2025-01-01T20:23:00,19.829460426422767,in
2025-01-01T20:24:00,20.00118196654235,in
2025-01-01T20:25:00,20.26242938667352,in
2025-01-01T20:26:00,20.27000349064447,in
2025-01-01T20:27:00,20.16196155019419,in
2025-01-01T20:28:00,20.06553166754018,in
2025-01-01T20:29:00,19.865224142313764,in
2025-01-01T20:30:00,20.124903521061036,in
2025-01-01T20:31:00,19.99456502091421,in
2025-01-01T20:32:00,20.103543103807784,in
2025-01-01T20:33:00,19.92577070813284,in
2025-01-01T20:34:00,19.996028306350176,in
2025-01-01T20:35:00,20.047899083075944,in
2025-01-01T20:36:00,20.061565032533803,in
2025-01-01T20:37:00,20.100065674048572,in
2025-01-01T20:38:00,19.940549549246803,in
2025-01-01T20:39:00,19.827395214067312,in
2025-01-01T20:40:00,20.274102249960553,in
2025-01-01T20:41:00,20.40530673006092,in
2025-01-01T20:42:00,20.100603291552446,in
2025-01-01T20:43:00,19.836500390339463,in
2025-01-01T20:44:00,19.920766365578242,in
2025-01-01T20:45:00,20.114797074551184,in
2025-01-01T20:46:00,20.241317932510533,in
2025-01-01T20:47:00,19.859975459849554,in
2025-01-01T20:48:00,20.025054875405054,in
2025-01-01T20:49:00,20.07492759674124,in
2025-01-01T20:50:00,20.177094753453016,in
2025-01-01T20:51:00,19.997775194822918,in
2025-01-01T20:52:00,19.81668766673124,in
2025-01-01T20:53:00,20.146421116997036,in
2025-01-01T20:54:00,20.22397955398033,in
2025-01-01T20:55:00,20.044927141111703,in
2025-01-01T20:56:00,20.120194561143972,in
2025-01-01T20:57:00,19.990364496172432,in
2025-01-01T20:58:00,19.9368388000349,in
2025-01-01T20:59:00,20.219871974254197,in
2025-01-01T21:00:00,20.126272724594035,in
2025-01-01T21:01:00,20.143980642252657,in
2025-01-01T21:02:00,20.298056365781946,in
2025-01-01T21:03:00,19.91686317694492,in
2025-01-01T21:04:00,19.994672667899447,in
2025-01-01T21:05:00,20.103590293553346,in
2025-01-01T21:06:00,19.997713544599428,in
2025-01-01T21:07:00,20.20232775868124,in
2025-01-01T21:08:00,20.05928060493833,in
2025-01-01T21:09:00,19.94108018996105,in
2025-01-01T21:10:00,20.102431849781695,in
2025-01-01T21:11:00,20.12075921633446,in
2025-01-01T21:12:00,20.238089276844143,in
2025-01-01T21:13:00,20.15957288306836,in
2025-01-01T21:14:00,20.172524648291578,in
2025-01-01T21:15:00,20.154183493610873,in
2025-01-01T21:16:00,20.080729470607576,in
2025-01-01T21:17:00,20.004389091947743,in
2025-01-01T21:18:00,20.15804277056455,in
2025-01-01T21:19:00,20.067679254604712,in
2025-01-01T21:20:00,20.374088151494334,in
2025-01-01T21:21:00,20.324944672371014,in
2025-01-01T21:22:00,20.221581491355945,in
2025-01-01T21:23:00,20.186499621521925,in
2025-01-01T21:24:00,20.11964528935842,in
2025-01-01T21:25:00,19.94681570173233,in
2025-01-01T21:26:00,20.106739030537657,in
2025-01-01T21:27:00,20.15759089926694,in
2025-01-01T21:28:00,20.180050762033122,in
2025-01-01T21:29:00,20.21934944701724,in
2025-01-01T21:30:00,20.29044046465908,in
2025-01-01T21:31:00,20.051774945905166,in
2025-01-01T21:32:00,20.056528952013768,in
2025-01-01T21:33:00,20.38004608166368,in
2025-01-01T21:34:00,20.281527089608726,in
2025-01-01T21:35:00,20.110761400441106,in
2025-01-01T21:36:00,20.156827409371964,in
2025-01-01T21:37:00,20.16106882084459,in
2025-01-01T21:38:00,20.18481357658912,in
2025-01-01T21:39:00,20.25461611618563,in
2025-01-01T21:40:00,20.567633337841674,in
2025-01-01T21:41:00,20.219553193265664,in
2025-01-01T21:42:00,20.294219153864066,in
2025-01-01T21:43:00,19.945632015426302,in
2025-01-01T21:44:00,20.12967690848484,in
2025-01-01T21:45:00,20.390576767342115,in
2025-01-01T21:46:00,20.27047858549944,in
2025-01-01T21:47:00,19.555674925448,in
2025-01-01T21:48:00,20.319090431970693,in
2025-01-01T21:49:00,20.509690376222842,in
2025-01-01T21:50:00,19.926592195725586,in
2025-01-01T21:51:00,20.457932876420745,in
2025-01-01T21:52:00,19.818311469688254,in
2025-01-01T21:53:00,20.37891836534724,in
2025-01-01T21:54:00,20.241068480774235,in
2025-01-01T21:55:00,19.89405080629829,in
2025-01-01T21:56:00,20.317681259807173,in
2025-01-01T21:57:00,20.427633948227214,in
2025-01-01T21:58:00,20.313871658693436,in
2025-01-01T21:59:00,20.351326516580656,in
2025-01-01T22:00:00,20.20619777558026,in
2025-01-01T22:01:00,19.993120526308054,in
2025-01-01T22:02:00,20.38052128246751,in
2025-01-01T22:03:00,20.54365026491404,in
2025-01-01T22:04:00,20.455102526729895,in
2025-01-01T22:05:00,19.991994884213906,in
2025-01-01T22:06:00,20.067485510210176,in
2025-01-01T22:07:00,20.172400388739273,in
2025-01-01T22:08:00,20.064957489995127,in
2025-01-01T22:09:00,20.315172844525456,in
2025-01-01T22:10:00,20.372229479151308,in
2025-01-01T22:11:00,20.10338398158486,in
2025-01-01T22:12:00,20.43922813300048,in
2025-01-01T22:13:00,20.417593279907486,in
2025-01-01T22:14:00,20.25000448713911,in
2025-01-01T22:15:00,20.31118247749731,in
2025-01-01T22:16:00,20.049454678541963,in
2025-01-01T22:17:00,20.296981178302563,in
2025-01-01T22:18:00,20.352855368875517,in
2025-01-01T22:19:00,20.3820182633999,in
2025-01-01T22:20:00,20.418527448225046,in
2025-01-01T22:21:00,20.403353151161227,in
2025-01-01T22:22:00,20.332117408697513,in
2025-01-01T22:23:00,20.419781277453126,in
2025-01-01T22:24:00,20.53227081024664,in
2025-01-01T22:25:00,20.372786080468586,in
2025-01-01T22:26:00,20.439925512390314,in
2025-01-01T22:27:00,20.369566715218262,in
2025-01-01T22:28:00,20.30571514243348,in
2025-01-01T22:29:00,20.486427944968394,in
2025-01-01T22:30:00,20.330009427792,in
2025-01-01T22:31:00,20.47654288766114,in
2025-01-01T22:32:00,20.428216798513063,in
2025-01-01T22:33:00,20.38377593676049,in
2025-01-01T22:34:00,20.385562261473172,in
2025-01-01T22:35:00,20.364012884951883,in
2025-01-01T22:36:00,20.198837901272707,in
2025-01-01T22:37:00,20.508648976109882,in
2025-01-01T22:38:00,20.491482857016308,in
2025-01-01T22:39:00,20.589766873720357,in
2025-01-01T22:40:00,20.388192578416025,in
2025-01-01T22:41:00,20.757842604256442,in
2025-01-01T22:42:00,20.422227676622494,in
2025-01-01T22:43:00,20.353603584902697,in
2025-01-01T22:44:00,20.341528101578053,in
2025-01-01T22:45:00,20.236232024557594,in
2025-01-01T22:46:00,20.731982742280966,in
2025-01-01T22:47:00,20.7135453584919,in
2025-01-01T22:48:00,20.603822123477926,in
2025-01-01T22:49:00,20.38515042385997,in
2025-01-01T22:50:00,20.797135478613622,in
2025-01-01T22:51:00,20.47859710690038,in
2025-01-01T22:52:00,20.49693872207766,in
2025-01-01T22:53:00,20.758846922300613,in
2025-01-01T22:54:00,20.648087845647556,in
2025-01-01T22:55:00,20.885437546693677,in
2025-01-01T22:56:00,20.59862873837055,in
2025-01-01T22:57:00,20.507841493213885,in
2025-01-01T22:58:00,20.481728369172664,in
2025-01-01T22:59:00,20.302579822174838,in
2025-01-01T23:00:00,20.543997071705974,in
2025-01-01T23:01:00,20.76365955191217,in
2025-01-01T23:02:00,20.68800659729871,in
2025-01-01T23:03:00,20.6074652813007,in
2025-01-01T23:04:00,20.461443092509555,in
2025-01-01T23:05:00,20.65100484113737,in
2025-01-01T23:06:00,20.775212904391797,in
2025-01-01T23:07:00,20.69424190781778,in
2025-01-01T23:08:00,20.661013555320007,in
2025-01-01T23:09:00,20.522854860941937,in
2025-01-01T23:10:00,20.778896856885478,in
2025-01-01T23:11:00,20.185480662319037,in
2025-01-01T23:12:00,20.719165643612058,in
2025-01-01T23:13:00,21.05378496514002,in
2025-01-01T23:14:00,20.448503895468747,in
2025-01-01T23:15:00,20.645102951594655,in
2025-01-01T23:16:00,20.68669529350028,in
2025-01-01T23:17:00,20.625093072966067,in
2025-01-01T23:18:00,20.85656003972348,in
2025-01-01T23:19:00,20.77861969286737,in
2025-01-01T23:20:00,20.737269836509018,in
2025-01-01T23:21:00,20.84071288021422,in
2025-01-01T23:22:00,20.730356165805233,in
2025-01-01T23:23:00,21.211569016198496,in
2025-01-01T23:24:00,20.764061257948836,in
2025-01-01T23:25:00,20.77744537040534,in
2025-01-01T23:26:00,20.49840051928877,in
2025-01-01T23:27:00,20.68029455228482,in
2025-01-01T23:28:00,20.940783701618653,in
2025-01-01T23:29:00,20.575246912377118,in
2025-01-01T23:30:00,20.458843565837263,in
2025-01-01T23:31:00,20.794259344592344,in
2025-01-01T23:32:00,21.001981629817152,in
2025-01-01T23:33:00,20.8097079831631,in
2025-01-01T23:34:00,20.759935736103365,in
2025-01-01T23:35:00,20.538607512611687,in
2025-01-01T23:36:00,20.892267613820383,in
2025-01-01T23:37:00,20.930691935057588,in
2025-01-01T23:38:00,20.571334213712955,in
2025-01-01T23:39:00,21.015889487230115,in
2025-01-01T23:40:00,20.96770145618172,in
2025-01-01T23:41:00,21.029853866189494,in
2025-01-01T23:42:00,20.954716289925337,in
2025-01-01T23:43:00,20.97244255093156,in
2025-01-01T23:44:00,20.95972232786377,in
2025-01-01T23:45:00,21.019130382185978,in
2025-01-01T23:46:00,20.623312364007294,in
2025-01-01T23:47:00,20.678254625916946,in
2025-01-01T23:48:00,20.80032074494148,in
2025-01-01T23:49:00,20.89857803151313,in
2025-01-01T23:50:00,20.983621321802577,in
2025-01-01T23:51:00,20.981473216153102,in
2025-01-01T23:52:00,21.107727343251995,in
2025-01-01T23:53:00,21.11984644748331,in
2025-01-01T23:54:00,20.82414510432403,in
2025-01-01T23:55:00,20.998239900186526,in
2025-01-01T23:56:00,20.842749118021615,in
2025-01-01T23:57:00,20.94917677209286,in
2025-01-01T23:58:00,21.033191979435866,in
2025-01-01T23:59:00,20.481145234438195,in
2025-01-02T00:00:00,21.361686605945952,in
2025-01-02T00:01:00,21.092528294259203,in
2025-01-02T00:02:00,20.925797388481055,in
2025-01-02T00:03:00,21.311862980290623,in
2025-01-02T00:04:00,20.978266083934393,in
2025-01-02T00:05:00,21.05790037003543,in
2025-01-02T00:06:00,20.972615107921136,in
2025-01-02T00:07:00,21.301159441246813,in
2025-01-02T00:08:00,21.045309168482337,in
2025-01-02T00:09:00,21.091193574460704,in
2025-01-02T00:10:00,21.257070096483748,in
2025-01-02T00:11:00,21.172023088385245,in
2025-01-02T00:12:00,21.083866790750797,in
2025-01-02T00:13:00,21.26636176377875,in
2025-01-02T00:14:00,21.488376858194577,in
2025-01-02T00:15:00,21.16303418688191,in
2025-01-02T00:16:00,21.140771719602732,in
2025-01-02T00:17:00,21.156703547734026,in
2025-01-02T00:18:00,21.335542231508136,in
2025-01-02T00:19:00,21.056982859942146,in
2025-01-02T00:20:00,21.11301584256185,in
2025-01-02T00:21:00,20.932064082556145,in
2025-01-02T00:22:00,20.993033335291525,in
2025-01-02T00:23:00,21.10089229436835,in
2025-01-02T00:24:00,21.17813616473934,in
2025-01-02T00:25:00,21.459869119148042,in
2025-01-02T00:26:00,21.28290078288829,in
2025-01-02T00:27:00,21.073700510702995,in
2025-01-02T00:28:00,21.109340670216838,in
2025-01-02T00:29:00,21.432790379210957,in
2025-01-02T00:30:00,21.4036246875642,in
2025-01-02T00:31:00,21.246925251828767,in
2025-01-02T00:32:00,21.18440784333735,in
2025-01-02T00:33:00,21.427625050336022,in
2025-01-02T00:34:00,21.117998477542702,in
2025-01-02T00:35:00,21.333928483141225,in
2025-01-02T00:36:00,21.624162949543397,in
2025-01-02T00:37:00,21.322221276342287,in
2025-01-02T00:38:00,21.183243815591823,in
2025-01-02T00:39:00,21.369321191245746,in
2025-01-02T00:40:00,21.245458405496358,in
2025-01-02T00:41:00,21.115049187430333,in
2025-01-02T00:42:00,21.437541685563275,in
2025-01-02T00:43:00,21.50829386955688,in
2025-01-02T00:44:00,21.3022276902748,in
2025-01-02T00:45:00,21.300535718279235,in
2025-01-02T00:46:00,21.221155878521543,in
2025-01-02T00:47:00,21.351182046962364,in
2025-01-02T00:48:00,21.297610753811625,in
2025-01-02T00:49:00,21.238616498938487,in
2025-01-02T00:50:00,21.682413725551395,in
2025-01-02T00:51:00,21.476890772561283,in
2025-01-02T00:52:00,21.50111585675893,in
2025-01-02T00:53:00,21.556117399071685,in
2025-01-02T00:54:00,21.547624743106127,in
2025-01-02T00:55:00,21.37837547901851,in
2025-01-02T00:56:00,21.489608181811718,in
2025-01-02T00:57:00,21.41676452763075,in
2025-01-02T00:58:00,21.531292791559984,in
2025-01-02T00:59:00,21.525191203977776,in
2025-01-02T01:00:00,21.42496287066533,in
2025-01-02T01:01:00,21.291401295150674,in
2025-01-02T01:02:00,21.52117555043594,in
2025-01-02T01:03:00,21.477052990770915,in
2025-01-02T01:04:00,21.23260037164435,in
2025-01-02T01:05:00,21.60077748068096,in
2025-01-02T01:06:00,21.677910589124604,in
2025-01-02T01:07:00,21.92085268943651,in
2025-01-02T01:08:00,21.491418265814172,in
2025-01-02T01:09:00,21.47779834547464,in
2025-01-02T01:10:00,21.400707617557906,in
2025-01-02T01:11:00,21.60694094166016,in
2025-01-02T01:12:00,21.614524345448235,in
2025-01-02T01:13:00,21.471022047501634,in
2025-01-02T01:14:00,21.575024648865032,in
2025-01-02T01:15:00,21.313019505934342,in
2025-01-02T01:16:00,21.757338521421893,in
2025-01-02T01:17:00,21.511350039031708,in
2025-01-02T01:18:00,21.630330496303756,in
2025-01-02T01:19:00,21.430108895857646,in
2025-01-02T01:20:00,21.565350604746904,in
2025-01-02T01:21:00,21.61936231927432,in
2025-01-02T01:22:00,21.66821116123452,in
2025-01-02T01:23:00,21.750474746120727,in
2025-01-02T01:24:00,21.90299233244247,in
2025-01-02T01:25:00,21.80565986903557,in
2025-01-02T01:26:00,21.848705859212714,in
2025-01-02T01:27:00,21.929930372509112,in
2025-01-02T01:28:00,21.807109980308272,in
2025-01-02T01:29:00,21.724792060109703,in
2025-01-02T01:30:00,21.890314401498156,in
2025-01-02T01:31:00,21.908553454622588,in
2025-01-02T01:32:00,21.85354618888461,in
2025-01-02T01:33:00,21.54673106552891,in
2025-01-02T01:34:00,21.64737454949999,in
2025-01-02T01:35:00,21.741038134691497,in
2025-01-02T01:36:00,21.907886226575076,in
2025-01-02T01:37:00,21.796421913915264,in
2025-01-02T01:38:00,21.978838789977136,in
2025-01-02T01:39:00,22.01428225698484,in
2025-01-02T01:40:00,22.005564084806263,in
2025-01-02T01:41:00,22.015214669647634,in
2025-01-02T01:42:00,21.6875327228455,in
2025-01-02T01:43:00,21.92417834452757,in
2025-01-02T01:44:00,21.769357696368438,in
2025-01-02T01:45:00,21.621833791835833,in
2025-01-02T01:46:00,21.83478225112191,in
2025-01-02T01:47:00,22.08532496971733,in
2025-01-02T01:48:00,21.96443938903188,in
2025-01-02T01:49:00,22.206715148698198,in
2025-01-02T01:50:00,21.939345747059544,in
2025-01-02T01:51:00,22.288650781520797,in
2025-01-02T01:52:00,21.956829190422553,in
2025-01-02T01:53:00,21.942295018003414,in
2025-01-02T01:54:00,21.755737590196027,in
2025-01-02T01:55:00,22.12295464097479,in
2025-01-02T01:56:00,21.88977641778436,in
2025-01-02T01:57:00,21.876763662946004,in
2025-01-02T01:58:00,22.17473151356764,in
2025-01-02T01:59:00,22.1650067817499,in
2025-01-02T02:00:00,22.169807705081602,in
2025-01-02T02:01:00,21.954397948461246,in
2025-01-02T02:02:00,22.00980669120096,in
2025-01-02T02:03:00,22.01720103148831,in
2025-01-02T02:04:00,22.152282539975424,in
2025-01-02T02:05:00,22.276664470343256,in
2025-01-02T02:06:00,22.107575879895506,in
2025-01-02T02:07:00,22.35731068922325,in
2025-01-02T02:08:00,22.20437815610996,in
2025-01-02T02:09:00,22.043299722400974,in
2025-01-02T02:10:00,22.211545485650017,in
2025-01-02T02:11:00,22.351847298849002,in
2025-01-02T02:12:00,22.404415259987086,in
2025-01-02T02:13:00,22.29141927681662,in
2025-01-02T02:14:00,22.125948247118416,in
2025-01-02T02:15:00,22.098302270351898,in
2025-01-02T02:16:00,22.225923373022457,in
2025-01-02T02:17:00,22.399313154681455,in
2025-01-02T02:18:00,22.221983559787855,in
2025-01-02T02:19:00,22.233796195804732,in
2025-01-02T02:20:00,22.18202116364288,in
2025-01-02T02:21:00,22.133819577932123,in
2025-01-02T02:22:00,22.16737132904386,in
2025-01-02T02:23:00,22.22069002101098,in
2025-01-02T02:24:00,22.46677192597128,in
2025-01-02T02:25:00,22.18177668292431,in
2025-01-02T02:26:00,22.23429823892252,in
2025-01-02T02:27:00,22.105268145854698,in
2025-01-02T02:28:00,22.351233346781267,in
2025-01-02T02:29:00,22.457399815079402,in
2025-01-02T02:30:00,22.504727061333615,in
2025-01-02T02:31:00,22.300206539251803,in
2025-01-02T02:32:00,22.364499344412014,in
2025-01-02T02:33:00,22.26395269565685,in
2025-01-02T02:34:00,22.3748216242134,in
2025-01-02T02:35:00,22.351341545254716,in
2025-01-02T02:36:00,22.321608588168186,in
2025-01-02T02:37:00,22.342148185049222,in
2025-01-02T02:38:00,22.397883554230404,in
2025-01-02T02:39:00,22.294576142471215,in
2025-01-02T02:40:00,22.310921836522155,in
2025-01-02T02:41:00,22.611991392998416,in
2025-01-02T02:42:00,22.771053066311254,in
2025-01-02T02:43:00,22.19239302973736,in
2025-01-02T02:44:00,22.19269731009668,in
2025-01-02T02:45:00,22.246607719861032,in
2025-01-02T02:46:00,22.38324260657861,in
2025-01-02T02:47:00,22.541650578935943,in
2025-01-02T02:48:00,22.50451132294276,in
2025-01-02T02:49:00,22.45016001482996,in
2025-01-02T02:50:00,22.51221955991989,in
2025-01-02T02:51:00,22.337581946548745,in
2025-01-02T02:52:00,22.41328369292484,in
2025-01-02T02:53:00,22.455386599588458,in
2025-01-02T02:54:00,22.229258276881033,in
2025-01-02T02:55:00,22.301175253943956,in
2025-01-02T02:56:00,22.315608882007684,in
2025-01-02T02:57:00,22.606922819610553,in
2025-01-02T02:58:00,22.537563250394747,in
2025-01-02T02:59:00,22.600863076422147,in
2025-01-02T03:00:00,22.24168984173467,in
2025-01-02T03:01:00,22.30352742600821,in
2025-01-02T03:02:00,22.63395906819499,in
2025-01-02T03:03:00,22.126080453480238,in
2025-01-02T03:04:00,22.73496911527397,in
2025-01-02T03:05:00,22.286160456533565,in
2025-01-02T03:06:00,22.69453242319659,in
2025-01-02T03:07:00,22.443104842554632,in
2025-01-02T03:08:00,22.74207896672121,in
2025-01-02T03:09:00,23.074307287038614,in
2025-01-02T03:10:00,22.26043495449038,in
2025-01-02T03:11:00,22.71403517023512,in
2025-01-02T03:12:00,22.346809581710833,in
2025-01-02T03:13:00,22.690342951300124,in
2025-01-02T03:14:00,22.6035934882774,in
2025-01-02T03:15:00,22.662346278975598,in
2025-01-02T03:16:00,22.51438336746508,in
2025-01-02T03:17:00,22.77646245695005,in
2025-01-02T03:18:00,22.450360042771987,in
2025-01-02T03:19:00,22.862079025441464,in
2025-01-02T03:20:00,22.62265274065981,in
2025-01-02T03:21:00,22.481830512544523,in
2025-01-02T03:22:00,22.93965528602004,in
2025-01-02T03:23:00,22.698480678074056,in
2025-01-02T03:24:00,23.002881294656905,in
2025-01-02T03:25:00,22.9080794959644,in
2025-01-02T03:26:00,22.61328059773063,in
2025-01-02T03:27:00,22.72836640487916,in
2025-01-02T03:28:00,22.76736887778136,in
2025-01-02T03:29:00,22.98624271470283,in
2025-01-02T03:30:00,22.830994521735246,in
2025-01-02T03:31:00,22.79986581643811,in
2025-01-02T03:32:00,22.7514803189138,in
2025-01-02T03:33:00,22.781904157390336,in
2025-01-02T03:34:00,22.993186950702242,in
2025-01-02T03:35:00,22.806049182337098,in
2025-01-02T03:36:00,22.754223695456872,in
2025-01-02T03:37:00,22.7367616303849,in
2025-01-02T03:38:00,22.74632171223705,in
2025-01-02T03:39:00,22.627005075668443,in
2025-01-02T03:40:00,22.732680227232425,in
2025-01-02T03:41:00,23.077900521150465,in
2025-01-02T03:42:00,22.830032304531468,in
2025-01-02T03:43:00,22.974552265092246,in
2025-01-02T03:44:00,22.504928815893027,in
2025-01-02T03:45:00,22.969824076782885,in
2025-01-02T03:46:00,22.86819272056425,in
2025-01-02T03:47:00,22.82798087864129,in
2025-01-02T03:48:00,22.935124993092263,in
2025-01-02T03:49:00,22.84137404216211,in
2025-01-02T03:50:00,22.604915988486812,in
2025-01-02T03:51:00,23.069566231826013,in
2025-01-02T03:52:00,22.97539575977401,in
2025-01-02T03:53:00,22.899547966157506,in
2025-01-02T03:54:00,22.80938971470835,in
2025-01-02T03:55:00,22.741498910422703,in
2025-01-02T03:56:00,23.00320314655288,in
2025-01-02T03:57:00,23.219258627027713,in
2025-01-02T03:58:00,23.015322091718087,in
2025-01-02T03:59:00,22.78501876643649,in
2025-01-02T04:00:00,23.03376750905576,in
2025-01-02T04:01:00,22.999546509754044,in
2025-01-02T04:02:00,23.14468326983254,in
2025-01-02T04:03:00,23.11359614876586,in
2025-01-02T04:04:00,22.58220276970362,in
2025-01-02T04:05:00,23.119332846985312,in
2025-01-02T04:06:00,22.89447521800628,in
2025-01-02T04:07:00,22.839168536086436,in
2025-01-02T04:08:00,23.03156751691037,in
2025-01-02T04:09:00,23.128874698185722,in
2025-01-02T04:10:00,22.828489025150624,in
2025-01-02T04:11:00,23.18763540529462,in
2025-01-02T04:12:00,23.203778897159793,in
2025-01-02T04:13:00,23.10363288848475,in
2025-01-02T04:14:00,22.973730426090057,in
2025-01-02T04:15:00,22.96423376541081,in
2025-01-02T04:16:00,23.27227562667853,in
2025-01-02T04:17:00,22.898926452415754,in
2025-01-02T04:18:00,23.292483042972542,in
2025-01-02T04:19:00,23.11521365132304,in
2025-01-02T04:20:00,23.132777697755664,in
2025-01-02T04:21:00,22.89807722426247,in
2025-01-02T04:22:00,23.13939841690259,in
2025-01-02T04:23:00,23.260537158676577,in
2025-01-02T04:24:00,22.97510899140715,in
2025-01-02T04:25:00,23.257414676814943,in
2025-01-02T04:26:00,23.202997411554534,in
2025-01-02T04:27:00,23.100085859066475,in
2025-01-02T04:28:00,23.331831009277792,in
2025-01-02T04:29:00,22.880249460739,in
2025-01-02T04:30:00,23.269524970328998,in
2025-01-02T04:31:00,23.467349833779892,in
2025-01-02T04:32:00,23.447314421516413,in
2025-01-02T04:33:00,23.296658906700447,in
2025-01-02T04:34:00,23.199777156855614,in
2025-01-02T04:35:00,23.156476560885974,in
2025-01-02T04:36:00,23.21320191301383,in
2025-01-02T04:37:00,23.346981744312718,in
2025-01-02T04:38:00,23.151069869736613,in
2025-01-02T04:39:00,23.392491576668725,in
2025-01-02T04:40:00,23.605549297073576,in
2025-01-02T04:41:00,23.282965474016816,in
2025-01-02T04:42:00,23.097236876167873,in
2025-01-02T04:43:00,23.103807792977985,in
2025-01-02T04:44:00,23.42860289073775,in
2025-01-02T04:45:00,23.30972970335607,in
2025-01-02T04:46:00,23.456764730841083,in
2025-01-02T04:47:00,23.251718194627767,in
2025-01-02T04:48:00,23.462854744848688,in
2025-01-02T04:49:00,23.320988738851877,in
2025-01-02T04:50:00,23.241304806932728,in
2025-01-02T04:51:00,23.297451719245526,in
2025-01-02T04:52:00,23.184438566811508,in
2025-01-02T04:53:00,23.66876991443996,in
2025-01-02T04:54:00,23.362251879353735,in
2025-01-02T04:55:00,23.479703224866867,in
2025-01-02T04:56:00,23.308786370987374,in
2025-01-02T04:57:00,23.23779174638639,in
2025-01-02T04:58:00,23.366736451962012,in
2025-01-02T04:59:00,23.573208328918817,in
2025-01-02T05:00:00,23.33610379366335,in
2025-01-02T05:01:00,23.289790955337157,in
2025-01-02T05:02:00,23.449820534963735,in
2025-01-02T05:03:00,23.50745727695697,in
2025-01-02T05:04:00,23.685106826005278,in
2025-01-02T05:05:00,23.497790495875385,in
2025-01-02T05:06:00,23.54734764380426,in
2025-01-02T05:07:00,23.56463322530285,in
2025-01-02T05:08:00,23.289755095948447,in
2025-01-02T05:09:00,23.32414520830094,in
2025-01-02T05:10:00,23.311970230179398,in
2025-01-02T05:11:00,23.280614391619917,in
2025-01-02T05:12:00,23.605608632185348,in
2025-01-02T05:13:00,23.535622263872963,in
2025-01-02T05:14:00,23.50983585104172,in
2025-01-02T05:15:00,23.114772137647613,in
2025-01-02T05:16:00,23.817740689238335,in
2025-01-02T05:17:00,23.380989168145067,in
2025-01-02T05:18:00,23.828583844590906,in
2025-01-02T05:19:00,23.30907871746736,in
2025-01-02T05:20:00,23.410228712454472,in
2025-01-02T05:21:00,23.207256256770474,in
2025-01-02T05:22:00,23.597567913166845,in
2025-01-02T05:23:00,23.383596765042686,in
2025-01-02T05:24:00,23.393341899799186,in
2025-01-02T05:25:00,23.353891833609605,in
2025-01-02T05:26:00,23.681819573115508,in
2025-01-02T05:27:00,23.67735340949662,in
2025-01-02T05:28:00,23.84782659087526,in
2025-01-02T05:29:00,23.47852315432674,in
2025-01-02T05:30:00,23.61952958623949,in
2025-01-02T05:31:00,23.398603725458948,in
2025-01-02T05:32:00,23.547015166684286,in
2025-01-02T05:33:00,23.524680828389943,in
2025-01-02T05:34:00,23.677381214858745,in
2025-01-02T05:35:00,23.765442479497693,in
2025-01-02T05:36:00,23.76669399237462,in
2025-01-02T05:37:00,23.496726123097382,in
2025-01-02T05:38:00,23.778001222406086,in
2025-01-02T05:39:00,23.62667033975719,in
2025-01-02T05:40:00,23.589614554193428,in
2025-01-02T05:41:00,23.537017152861488,in
2025-01-02T05:42:00,23.5642620080898,in
2025-01-02T05:43:00,23.914526575183814,in
2025-01-02T05:44:00,23.704186760084188,in
2025-01-02T05:45:00,23.68913100173027,in
2025-01-02T05:46:00,23.628434615353797,in
2025-01-02T05:47:00,24.03946910341122,in
2025-01-02T05:48:00,23.87309270921781,in
2025-01-02T05:49:00,23.573918708708966,in
2025-01-02T05:50:00,23.64574063342008,in
2025-01-02T05:51:00,23.659318961902308,in
2025-01-02T05:52:00,23.71797698905524,in
2025-01-02T05:53:00,23.59552055109641,in
2025-01-02T05:54:00,23.77110280721244,in
2025-01-02T05:55:00,23.92763696115179,in
2025-01-02T05:56:00,23.517290385053602,in
2025-01-02T05:57:00,23.549590812439096,in
2025-01-02T05:58:00,23.650784537588454,in
2025-01-02T05:59:00,23.662151676392618,in
2025-01-02T06:00:00,24.031820688780765,in
2025-01-02T06:01:00,23.88665401198051,in
2025-01-02T06:02:00,23.88235974469754,in
2025-01-02T06:03:00,23.705337160118585,in
2025-01-02T06:04:00,23.70629240326077,in
2025-01-02T06:05:00,23.535697699350205,in
2025-01-02T06:06:00,23.8748952595311,in
2025-01-02T06:07:00,23.83543966713209,in
2025-01-02T06:08:00,23.958794790419596,in
2025-01-02T06:09:00,23.738350817922658,in
2025-01-02T06:10:00,23.752754794426384,in
2025-01-02T06:11:00,23.803541112255566,in
2025-01-02T06:12:00,23.915797684702802,in
2025-01-02T06:13:00,23.56542554350765,in
2025-01-02T06:14:00,23.900277143264805,in
2025-01-02T06:15:00,23.790671148739452,in
2025-01-02T06:16:00,23.638792502405277,in
2025-01-02T06:17:00,23.488705615747065,in
2025-01-02T06:18:00,23.78469951191797,in
2025-01-02T06:19:00,24.026067238399843,in
2025-01-02T06:20:00,24.063818274084507,in
2025-01-02T06:21:00,23.869592779250677,in
2025-01-02T06:22:00,24.114223391329425,in
2025-01-02T06:23:00,23.817082924710665,in
2025-01-02T06:24:00,23.97008644803162,in
2025-01-02T06:25:00,23.76293832490293,in
2025-01-02T06:26:00,23.756930322877626,in
2025-01-02T06:27:00,23.7359560527657,in
2025-01-02T06:28:00,23.531930364836235,in
2025-01-02T06:29:00,24.037465782332937,in
2025-01-02T06:30:00,23.75151419915187,in
2025-01-02T06:31:00,23.730865191071853,in
2025-01-02T06:32:00,23.677371956891673,in
2025-01-02T06:33:00,23.826965190263405,in
2025-01-02T06:34:00,24.12535898254801,in
2025-01-02T06:35:00,24.178082566189005,in
2025-01-02T06:36:00,23.61803082162409,in
2025-01-02T06:37:00,23.817103219975582,in
2025-01-02T06:38:00,23.718190712982743,in
2025-01-02T06:39:00,24.024633333026696,in
2025-01-02T06:40:00,23.922374273665906,in
2025-01-02T06:41:00,23.786866631405765,in
2025-01-02T06:42:00,23.89616894427301,in
2025-01-02T06:43:00,23.816565247574413,in
2025-01-02T06:44:00,24.13317406535487,in
2025-01-02T06:45:00,23.97590418624262,in
2025-01-02T06:46:00,23.997120823549864,in
2025-01-02T06:47:00,23.499360630698817,in
2025-01-02T06:48:00,23.892094730765987,in
2025-01-02T06:49:00,24.217273243145414,in
2025-01-02T06:50:00,24.106353262001956,in
2025-01-02T06:51:00,23.632976451026327,in
2025-01-02T06:52:00,23.86559563702353,in
2025-01-02T06:53:00,23.734914801721818,in
2025-01-02T06:54:00,24.174304703790817,in
2025-01-02T06:55:00,23.956741451113245,in
2025-01-02T06:56:00,23.80735405791692,in
2025-01-02T06:57:00,23.930034164438414,in
2025-01-02T06:58:00,23.536156077056972,in
2025-01-02T06:59:00,23.76683045213914,in
2025-01-02T07:00:00,23.937318211452084,in
2025-01-02T07:01:00,24.060943183095883,in
2025-01-02T07:02:00,23.645098162666613,in
2025-01-02T07:03:00,23.881288523258142,in
2025-01-02T07:04:00,24.092044313329815,in
2025-01-02T07:05:00,23.72496614097053,in
2025-01-02T07:06:00,23.97911726601298,in
2025-01-02T07:07:00,23.9566546923868,in
2025-01-02T07:08:00,24.20589717762396,in
2025-01-02T07:09:00,23.91616421205028,in
2025-01-02T07:10:00,23.926851924483604,in
2025-01-02T07:11:00,24.08270617590006,in
2025-01-02T07:12:00,23.75734290126021,in
2025-01-02T07:13:00,23.92495846398654,in
2025-01-02T07:14:00,23.891490657615584,in
2025-01-02T07:15:00,23.940733788900697,in
2025-01-02T07:16:00,24.090515334239754,in
2025-01-02T07:17:00,24.048025018213345,in
2025-01-02T07:18:00,23.85420746884861,in
2025-01-02T07:19:00,23.988586275791665,in
2025-01-02T07:20:00,24.193181748139494,in
2025-01-02T07:21:00,23.846407263296562,in
2025-01-02T07:22:00,23.994346220134016,in
2025-01-02T07:23:00,23.94501863157967,in
2025-01-02T07:24:00,23.96592592881476,in
2025-01-02T07:25:00,23.732124377598108,in
2025-01-02T07:26:00,24.189646154870665,in
2025-01-02T07:27:00,23.863149988506112,in
2025-01-02T07:28:00,24.13444693300617,in
2025-01-02T07:29:00,23.888525303566638,in
2025-01-02T07:30:00,23.889064024963258,in
2025-01-02T07:31:00,24.165978386929247,in
2025-01-02T07:32:00,24.134174993804333,in
2025-01-02T07:33:00,24.01743679875445,in
2025-01-02T07:34:00,24.101316293824123,in
2025-01-02T07:35:00,23.94482975940618,in
2025-01-02T07:36:00,23.98778864657871,in
2025-01-02T07:37:00,23.890693377632253,in
2025-01-02T07:38:00,24.126402139129397,in
2025-01-02T07:39:00,23.887597855474223,in
2025-01-02T07:40:00,24.21516284792417,in
2025-01-02T07:41:00,23.945755879747548,in
2025-01-02T07:42:00,23.996910952068706,in
2025-01-02T07:43:00,24.10830957329712,in
2025-01-02T07:44:00,23.998707763698086,in
2025-01-02T07:45:00,23.95103159933441,in
2025-01-02T07:46:00,23.991766079672466,in
2025-01-02T07:47:00,24.130856094148335,in
2025-01-02T07:48:00,23.897831236188644,in
2025-01-02T07:49:00,23.978761221878912,in
2025-01-02T07:50:00,23.999639452264336,in
2025-01-02T07:51:00,24.128145851810594,in
2025-01-02T07:52:00,23.983804847957476,in
2025-01-02T07:53:00,24.270312045847483,in
2025-01-02T07:54:00,23.97583386329385,in
2025-01-02T07:55:00,23.963871508399023,in
2025-01-02T07:56:00,23.974040572070123,in
2025-01-02T07:57:00,23.802332440849312,in
2025-01-02T07:58:00,23.84441481911454,in
2025-01-02T07:59:00,23.920380927980606,in
2025-01-02T08:00:00,24.17037447732752,in
2025-01-02T08:01:00,23.995012052537167,in
2025-01-02T08:02:00,23.92722721768599,in
2025-01-02T08:03:00,24.183808866989004,in
2025-01-02T08:04:00,24.232371960246624,in
2025-01-02T08:05:00,24.187831423295982,in
2025-01-02T08:06:00,23.87135115036584,in
2025-01-02T08:07:00,23.924779888644377,in
2025-01-02T08:08:00,24.2708420645854,in
2025-01-02T08:09:00,24.034629026281447,in
2025-01-02T08:10:00,23.9579523834293,in
2025-01-02T08:11:00,24.10544896716953,in
2025-01-02T08:12:00,24.148353929612867,in
2025-01-02T08:13:00,23.911065905475457,in
2025-01-02T08:14:00,24.029185590636725,in
2025-01-02T08:15:00,24.134701856859763,in
2025-01-02T08:16:00,23.82108502862567,in
2025-01-02T08:17:00,23.996352188812892,in
2025-01-02T08:18:00,23.82667621950865,in
2025-01-02T08:19:00,23.845593930456502,in
2025-01-02T08:20:00,23.907924384561444,in
2025-01-02T08:21:00,24.063177785831243,in
2025-01-02T08:22:00,23.942489002438638,in
2025-01-02T08:23:00,23.892674317756565,in
2025-01-02T08:24:00,23.99677697523529,in
2025-01-02T08:25:00,23.816068267204674,in
2025-01-02T08:26:00,24.051464194028263,in
2025-01-02T08:27:00,24.1558449282036,in
2025-01-02T08:28:00,23.973211697134442,in
2025-01-02T08:29:00,23.953612550364397,in
2025-01-02T08:30:00,24.03890577572996,in
2025-01-02T08:31:00,23.677461381949033,in
2025-01-02T08:32:00,24.061058755972823,in
2025-01-02T08:33:00,24.44458564420107,in
2025-01-02T08:34:00,23.959630293556625,in
2025-01-02T08:35:00,23.95885426587807,in
2025-01-02T08:36:00,24.08691773120523,in
2025-01-02T08:37:00,24.220792633350158,in
2025-01-02T08:38:00,24.11881637973958,in
2025-01-02T08:39:00,23.647771086328625,in
2025-01-02T08:40:00,24.05412533167383,in
2025-01-02T08:41:00,24.353870917078833,in
2025-01-02T08:42:00,24.059875972141832,in
2025-01-02T08:43:00,23.791710508460255,in
2025-01-02T08:44:00,24.00552881055812,in
2025-01-02T08:45:00,23.7694674731053,in
2025-01-02T08:46:00,24.144769962631987,in
2025-01-02T08:47:00,23.81470855676498,in
2025-01-02T08:48:00,23.967431746671416,in
2025-01-02T08:49:00,23.82579521262658,in
2025-01-02T08:50:00,23.870624805607665,in
2025-01-02T08:51:00,24.1736072378961,in
2025-01-02T08:52:00,23.964258704304527,in
2025-01-02T08:53:00,23.86287814586204,in
2025-01-02T08:54:00,23.772955645162344,in
2025-01-02T08:55:00,23.661928916666607,in
2025-01-02T08:56:00,23.75289935752359,in
2025-01-02T08:57:00,23.955255705630165,in
2025-01-02T08:58:00,24.083330346064617,in
2025-01-02T08:59:00,23.850039153964556,in
2025-01-02T09:00:00,24.167433192685987,in
2025-01-02T09:01:00,23.821949584323395,in
2025-01-02T09:02:00,23.891559147985262,in
2025-01-02T09:03:00,23.76297396485671,in
2025-01-02T09:04:00,24.071137652061815,in
2025-01-02T09:05:00,24.234726300878542,in
2025-01-02T09:06:00,23.653366925595957,in
2025-01-02T09:07:00,23.863218411314424,in
2025-01-02T09:08:00,24.102326488983575,in
2025-01-02T09:09:00,23.692998060700532,in
2025-01-02T09:10:00,23.99243648754212,in
2025-01-02T09:11:00,24.088012429317693,in
2025-01-02T09:12:00,23.913847354743833,in
2025-01-02T09:13:00,23.981937713044772,in
2025-01-02T09:14:00,24.16078266833154,in
2025-01-02T09:15:00,24.186124242105386,in
2025-01-02T09:16:00,23.88174206924346,in
2025-01-02T09:17:00,23.808321363390682,in
2025-01-02T09:18:00,23.747285965523304,in
2025-01-02T09:19:00,24.028896653077048,in
2025-01-02T09:20:00,23.673618907903172,in
2025-01-02T09:21:00,23.838496566146286,in
2025-01-02T09:22:00,23.888747844139967,in
2025-01-02T09:23:00,23.79482004246421,in
2025-01-02T09:24:00,23.90913389274727,in
2025-01-02T09:25:00,24.24869273630951,in
2025-01-02T09:26:00,23.842595347412068,in
2025-01-02T09:27:00,23.79230826162974,in
2025-01-02T09:28:00,24.006667482790853,in
2025-01-02T09:29:00,23.88701855465696,in
2025-01-02T09:30:00,24.063659430704277,in
2025-01-02T09:31:00,23.869105086313862,in
2025-01-02T09:32:00,23.803746225709226,in
2025-01-02T09:33:00,23.570023687083612,in
2025-01-02T09:34:00,23.59115994469849,in
2025-01-02T09:35:00,23.555268154674827,in
2025-01-02T09:36:00,23.883991790227835,in
2025-01-02T09:37:00,23.61918666517406,in
2025-01-02T09:38:00,24.008259146640995,in
2025-01-02T09:39:00,23.820823332378556,in
2025-01-02T09:40:00,23.775987536208053,in
2025-01-02T09:41:00,23.682332029628085,in
2025-01-02T09:42:00,23.898509380940254,in
2025-01-02T09:43:00,23.680721805713816,in
2025-01-02T09:44:00,23.649781391987855,in
2025-01-02T09:45:00,23.97199797115618,in
2025-01-02T09:46:00,23.843061897320304,in
2025-01-02T09:47:00,23.75071847258503,in
2025-01-02T09:48:00,23.878227996086792,in
2025-01-02T09:49:00,23.779374063938075,in
2025-01-02T09:50:00,23.831473638924194,in
2025-01-02T09:51:00,23.647448089569767,in
2025-01-02T09:52:00,24.07645497705445,in
2025-01-02T09:53:00,23.67483848125934,in
2025-01-02T09:54:00,23.99103667436643,in
2025-01-02T09:55:00,23.725123184019346,in
2025-01-02T09:56:00,23.870303981627035,in
2025-01-02T09:57:00,23.855125538999516,in
2025-01-02T09:58:00,23.912739155152305,in
2025-01-02T09:59:00,23.610304072903663,in
2025-01-02T10:00:00,23.89339611776071,in
2025-01-02T10:01:00,24.004636988045508,in
2025-01-02T10:02:00,23.684454373996772,in
2025-01-02T10:03:00,23.724018733074224,in
2025-01-02T10:04:00,23.6358176050322,in
2025-01-02T10:05:00,23.65785830351813,in
2025-01-02T10:06:00,23.961993748548057,in
2025-01-02T10:07:00,23.550069271071596,in
2025-01-02T10:08:00,23.554778369035237,in
2025-01-02T10:09:00,23.933090783870107,in
2025-01-02T10:10:00,23.780465155509027,in
2025-01-02T10:11:00,24.000133563285164,in
2025-01-02T10:12:00,23.60977534021697,in
2025-01-02T10:13:00,23.691514482281153,in
2025-01-02T10:14:00,23.568670102568568,in
2025-01-02T10:15:00,23.684434399902244,in
2025-01-02T10:16:00,23.391960640517436,in
2025-01-02T10:17:00,23.75592268175263,in
2025-01-02T10:18:00,23.69677348976788,in
2025-01-02T10:19:00,23.63466067651444,in
2025-01-02T10:20:00,23.579749439888037,in
2025-01-02T10:21:00,23.499070012218144,in
2025-01-02T10:22:00,23.737387973517553,in
2025-01-02T10:23:00,23.447484466074517,in
2025-01-02T10:24:00,23.694818375557283,in
2025-01-02T10:25:00,23.924056917756385,in
2025-01-02T10:26:00,23.83054194453108,in
2025-01-02T10:27:00,23.376738433981522,in
2025-01-02T10:28:00,23.51676031104309,in
2025-01-02T10:29:00,23.655221616152545,in
2025-01-02T10:30:00,23.57616439228032,in
2025-01-02T10:31:00,23.371468289745327,in
2025-01-02T10:32:00,23.633818899934468,in
2025-01-02T10:33:00,23.569131327494045,in
2025-01-02T10:34:00,23.852365124995398,in
2025-01-02T10:35:00,23.52178466079315,in
2025-01-02T10:36:00,23.729492430712927,in
2025-01-02T10:37:00,23.358722027694874,in
2025-01-02T10:38:00,23.38904777209096,in
2025-01-02T10:39:00,23.64593295811834,in
2025-01-02T10:40:00,23.694648503329063,in
2025-01-02T10:41:00,23.3828560306539,in
2025-01-02T10:42:00,23.52442354217265,in
2025-01-02T10:43:00,23.307893092738738,in
2025-01-02T10:44:00,23.482236186499723,in
2025-01-02T10:45:00,23.62921803280157,in
2025-01-02T10:46:00,23.432667666707584,in
2025-01-02T10:47:00,23.454759544231827,in
2025-01-02T10:48:00,23.31682034121038,in
2025-01-02T10:49:00,23.383182492929926,in
2025-01-02T10:50:00,23.738271311052397,in
2025-01-02T10:51:00,23.47958375262894,in
2025-01-02T10:52:00,23.31236123824075,in
2025-01-02T10:53:00,23.409526147277102,in
2025-01-02T10:54:00,23.21113459884959,in
2025-01-02T10:55:00,23.29260397029848,in
2025-01-02T10:56:00,23.64273056153427,in
2025-01-02T10:57:00,23.41123152319132,in
2025-01-02T10:58:00,23.710110424723545,in
2025-01-02T10:59:00,23.406068575472165,in
2025-01-02T11:00:00,23.408816757944372,in
2025-01-02T11:01:00,23.504163572693255,in
2025-01-02T11:02:00,23.00093039126679,in
2025-01-02T11:03:00,23.426321818231397,in
2025-01-02T11:04:00,23.38196876770885,in
2025-01-02T11:05:00,23.605931945591813,in
2025-01-02T11:06:00,23.52141106051205,in
2025-01-02T11:07:00,23.200312227820696,in
2025-01-02T11:08:00,23.550317512919136,in
2025-01-02T11:09:00,23.318254312228735,in
2025-01-02T11:10:00,23.215512431286914,in
2025-01-02T11:11:00,23.374299102500018,in
2025-01-02T11:12:00,23.307845809368146,in
2025-01-02T11:13:00,23.562533129105947,in
2025-01-02T11:14:00,23.376333400705157,in
2025-01-02T11:15:00,23.34954046833304,in
2025-01-02T11:16:00,23.44721512040933,in
2025-01-02T11:17:00,23.46945024763935,in
2025-01-02T11:18:00,23.416436860804964,in
2025-01-02T11:19:00,23.50516748020817,in
2025-01-02T11:20:00,23.376877581310147,in
2025-01-02T11:21:00,23.304025723670176,in
2025-01-02T11:22:00,23.458032249868733,in
2025-01-02T11:23:00,23.251776236112715,in
2025-01-02T11:24:00,23.263627759551376,in
2025-01-02T11:25:00,23.510083481962656,in
2025-01-02T11:26:00,23.488317892468523,in
2025-01-02T11:27:00,23.23696152758117,in
2025-01-02T11:28:00,23.163290214055476,in
2025-01-02T11:29:00,23.443910585100173,in
2025-01-02T11:30:00,23.337585611704725,in
2025-01-02T11:31:00,23.257925164215393,in
2025-01-02T11:32:00,23.155349139775605,in
2025-01-02T11:33:00,23.246403687948508,in
2025-01-02T11:34:00,23.186389304519526,in
2025-01-02T11:35:00,23.08296856979122,in
2025-01-02T11:36:00,23.19492685387303,in
2025-01-02T11:37:00,23.20831293812081,in
2025-01-02T11:38:00,23.105096651383846,in
2025-01-02T11:39:00,23.289864233365893,in
2025-01-02T11:40:00,23.340477731548738,in
2025-01-02T11:41:00,23.28547817924092,in
2025-01-02T11:42:00,23.091375216067565,in
2025-01-02T11:43:00,23.238983081018393,in
2025-01-02T11:44:00,23.130080016560502,in
2025-01-02T11:45:00,22.925778569254312,in
2025-01-02T11:46:00,23.20478337739878,in
2025-01-02T11:47:00,23.11850620518337,in
2025-01-02T11:48:00,23.47831027034045,in
2025-01-02T11:49:00,23.300539572227777,in
2025-01-02T11:50:00,23.18127174023383,in
2025-01-02T11:51:00,23.10460460702445,in
2025-01-02T11:52:00,23.084396866725115,in
2025-01-02T11:53:00,22.901874436758774,in
2025-01-02T11:54:00,22.784149045351914,in
2025-01-02T11:55:00,22.906662649958808,in
2025-01-02T11:56:00,23.02291859709454,in
2025-01-02T11:57:00,22.706755280422755,in
2025-01-02T11:58:00,22.9334284570805,in
2025-01-02T11:59:00,22.970405999122388,in
2025-01-02T12:00:00,27.967686016977183,in
2025-01-02T12:01:00,27.893174467622195,in
2025-01-02T12:02:00,27.933620048049725,in
2025-01-02T12:03:00,28.235826557212487,in
2025-01-02T12:04:00,28.068941032716268,in
2025-01-02T12:05:00,27.877932421304056,in
2025-01-02T12:06:00,27.94406535226492,in
2025-01-02T12:07:00,27.94239233402185,in
2025-01-02T12:08:00,27.82374981051076,in
2025-01-02T12:09:00,27.815859507988648,in
2025-01-02T12:10:00,28.075075829519076,in
2025-01-02T12:11:00,27.852780173606394,in
2025-01-02T12:12:00,27.743776541424467,in
2025-01-02T12:13:00,27.893725830464458,in
2025-01-02T12:14:00,27.910097089188987,in
2025-01-02T12:15:00,27.588671746808927,in
2025-01-02T12:16:00,27.870630339905578,in
2025-01-02T12:17:00,27.99908750496107,in
2025-01-02T12:18:00,27.928706601444865,in
2025-01-02T12:19:00,28.187606747082164,in
2025-01-02T12:20:00,28.032902945828226,in
2025-01-02T12:21:00,28.054659578787486,in
2025-01-02T12:22:00,28.249399375699628,in
2025-01-02T12:23:00,27.935161144493144,in
2025-01-02T12:24:00,27.837933817341508,in
2025-01-02T12:25:00,27.951554423732176,in
2025-01-02T12:26:00,27.713612672841244,in
2025-01-02T12:27:00,27.80564066069278,in
2025-01-02T12:28:00,27.6843031105168,in
2025-01-02T12:29:00,27.833119606908074,in
2025-01-02T12:30:00,22.66758050152721,in
2025-01-02T12:31:00,22.65425795972561,in
2025-01-02T12:32:00,22.811234180797655,in
2025-01-02T12:33:00,22.720458158902588,in
2025-01-02T12:34:00,22.443874283091084,in
2025-01-02T12:35:00,22.506542538370592,in
2025-01-02T12:36:00,22.54464592537138,in
2025-01-02T12:37:00,22.576136290078335,in
2025-01-02T12:38:00,22.762578261940735,in
2025-01-02T12:39:00,22.725074941215734,in
2025-01-02T12:40:00,22.843832192406218,in
2025-01-02T12:41:00,22.78875370944792,in
2025-01-02T12:42:00,22.828399161894943,in
2025-01-02T12:43:00,22.75064071924444,in
2025-01-02T12:44:00,22.682588205278037,in
2025-01-02T12:45:00,22.807781691949472,in
2025-01-02T12:46:00,22.7725212315712,in
2025-01-02T12:47:00,22.6827419181006,in
2025-01-02T12:48:00,22.808694769378917,in
2025-01-02T12:49:00,22.25786036168051,in
2025-01-02T12:50:00,22.55784212288748,in
2025-01-02T12:51:00,22.547214580103383,in
2025-01-02T12:52:00,22.75764584106771,in
2025-01-02T12:53:00,22.812101785810796,in
2025-01-02T12:54:00,22.350503783876306,in
2025-01-02T12:55:00,22.771333104184375,in
2025-01-02T12:56:00,22.37555793373006,in
2025-01-02T12:57:00,22.371698612896026,in
2025-01-02T12:58:00,22.49933389680741,in
2025-01-02T12:59:00,22.47833145809606,in
2025-01-02T13:00:00,22.28387549824751,in
2025-01-02T13:01:00,22.606685592434943,in
2025-01-02T13:02:00,22.602670371817876,in
2025-01-02T13:03:00,22.650412825482537,in
2025-01-02T13:04:00,22.418825491732658,in
2025-01-02T13:05:00,22.46943437740648,in
2025-01-02T13:06:00,22.462326652976415,in
2025-01-02T13:07:00,22.711600098065098,in
2025-01-02T13:08:00,22.024765391292746,in
2025-01-02T13:09:00,22.297853217694637,in
2025-01-02T13:10:00,22.433710354294977,in
2025-01-02T13:11:00,22.26151980907557,in
2025-01-02T13:12:00,22.377075328044853,in
2025-01-02T13:13:00,22.38837217182487,in
2025-01-02T13:14:00,22.300082952515528,in
2025-01-02T13:15:00,22.399850982947658,in
2025-01-02T13:16:00,22.475840382416763,in
2025-01-02T13:17:00,22.337608105262817,in
2025-01-02T13:18:00,22.296491840888987,in
2025-01-02T13:19:00,22.331022353449605,in
2025-01-02T13:20:00,22.34618090333702,in
2025-01-02T13:21:00,22.077651072897886,in
2025-01-02T13:22:00,22.399328299415547,in
2025-01-02T13:23:00,22.253834946790633,in
2025-01-02T13:24:00,22.502099191302122,in
2025-01-02T13:25:00,22.392904793726206,in
2025-01-02T13:26:00,22.47112878289217,in
2025-01-02T13:27:00,22.135334674925126,in
2025-01-02T13:28:00,22.22263820574202,in
2025-01-02T13:29:00,22.083333087428834,in
2025-01-02T13:30:00,22.155273703100708,in
2025-01-02T13:31:00,22.440213751947947,in
2025-01-02T13:32:00,22.46686227349867,in
2025-01-02T13:33:00,22.06285480069501,in
2025-01-02T13:34:00,22.157664777288222,in
2025-01-02T13:35:00,22.206304398900336,in
2025-01-02T13:36:00,22.296897772806776,in
2025-01-02T13:37:00,21.93640458369368,in
2025-01-02T13:38:00,21.95124149281118,in
2025-01-02T13:39:00,22.25644715890767,in
2025-01-02T13:40:00,21.88195570015763,in
2025-01-02T13:41:00,22.09859680410358,in
2025-01-02T13:42:00,22.181231962739517,in
2025-01-02T13:43:00,22.210566875880765,in
2025-01-02T13:44:00,22.118255233156678,in
2025-01-02T13:45:00,22.07594275060316,in
2025-01-02T13:46:00,22.248782708027186,in
2025-01-02T13:47:00,22.15616646408162,in
2025-01-02T13:48:00,22.00761941919317,in
2025-01-02T13:49:00,22.101614691545024,in
2025-01-02T13:50:00,22.144714128129106,in
2025-01-02T13:51:00,22.336255217735843,in
2025-01-02T13:52:00,22.187747543648737,in
2025-01-02T13:53:00,22.24326055481274,in
2025-01-02T13:54:00,21.960762787170804,in
2025-01-02T13:55:00,21.96500233413087,in
2025-01-02T13:56:00,21.99959781395262,in
2025-01-02T13:57:00,22.004643294146963,in
2025-01-02T13:58:00,21.866249327326315,in
2025-01-02T13:59:00,22.198616662553015,in
2025-01-02T14:00:00,22.132502745663817,in
2025-01-02T14:01:00,21.94542170223528,in
2025-01-02T14:02:00,22.07880352635533,in
2025-01-02T14:03:00,22.007255683307886,in
2025-01-02T14:04:00,22.07306938426514,in
2025-01-02T14:05:00,21.754724161402034,in
2025-01-02T14:06:00,21.925796942404638,in
2025-01-02T14:07:00,21.930217194394487,in
2025-01-02T14:08:00,22.023747321536746,in
2025-01-02T14:09:00,21.827214728304543,in
2025-01-02T14:10:00,21.537771616656972,in
2025-01-02T14:11:00,21.741788785304877,in
2025-01-02T14:12:00,21.886170889657475,in
2025-01-02T14:13:00,21.896197058698746,in
2025-01-02T14:14:00,22.130465139324038,in
2025-01-02T14:15:00,21.956605707638428,in
2025-01-02T14:16:00,21.872716594396476,in
2025-01-02T14:17:00,21.846924328091987,in
2025-01-02T14:18:00,22.008709315869762,in
2025-01-02T14:19:00,21.74586701715198,in
2025-01-02T14:20:00,21.804645946343594,in
2025-01-02T14:21:00,21.65360804465245,in
2025-01-02T14:22:00,22.02114440226385,in
2025-01-02T14:23:00,21.85849871732609,in
2025-01-02T14:24:00,21.6848145790641,in
2025-01-02T14:25:00,21.765097998748324,in
2025-01-02T14:26:00,21.850041186945127,in
2025-01-02T14:27:00,21.72731736817598,in
2025-01-02T14:28:00,21.676090719932816,in
2025-01-02T14:29:00,21.64946100883069,in
2025-01-02T14:30:00,21.789791900446065,in
2025-01-02T14:31:00,21.67658999757095,in
2025-01-02T14:32:00,21.653590137865457,in
2025-01-02T14:33:00,21.51260549275933,in
2025-01-02T14:34:00,21.716027264219857,in
2025-01-02T14:35:00,21.66856971180138,in
2025-01-02T14:36:00,21.638883817623245,in
2025-01-02T14:37:00,21.708330470415657,in
2025-01-02T14:38:00,21.78210512768903,in
2025-01-02T14:39:00,21.766535813093025,in
2025-01-02T14:40:00,21.735612919801103,in
2025-01-02T14:41:00,21.608012367256958,in
2025-01-02T14:42:00,21.550479198624522,in
2025-01-02T14:43:00,21.470364581784168,in
2025-01-02T14:44:00,21.5294085331462,in
2025-01-02T14:45:00,21.61276687023823,in
2025-01-02T14:46:00,21.483321212917733,in
2025-01-02T14:47:00,21.607125068587262,in
2025-01-02T14:48:00,21.439358116677706,in
2025-01-02T14:49:00,21.326495872336054,in
2025-01-02T14:50:00,21.690031690253512,in
2025-01-02T14:51:00,21.487442940652123,in
2025-01-02T14:52:00,21.424542843328684,in
2025-01-02T14:53:00,21.377522146960555,in
2025-01-02T14:54:00,21.59656466849775,in
2025-01-02T14:55:00,21.73086437206785,in
2025-01-02T14:56:00,21.455695129649744,in
2025-01-02T14:57:00,21.475358907742628,in
2025-01-02T14:58:00,21.659984767874477,in
2025-01-02T14:59:00,21.219229247935203,in
2025-01-02T15:00:00,21.77739220623186,in
2025-01-02T15:01:00,21.840552616433005,in
2025-01-02T15:02:00,21.059572618430476,in
2025-01-02T15:03:00,21.44249361593234,in
2025-01-02T15:04:00,21.34088323358557,in
2025-01-02T15:05:00,21.40062620630231,in
2025-01-02T15:06:00,21.369211550149767,in
2025-01-02T15:07:00,21.545371328503723,in
2025-01-02T15:08:00,21.39837110450933,in
2025-01-02T15:09:00,21.270280767918866,in
2025-01-02T15:10:00,21.372760626797184,in
2025-01-02T15:11:00,21.467489037488342,in
2025-01-02T15:12:00,21.204407812085314,in
2025-01-02T15:13:00,21.126737333687004,in
2025-01-02T15:14:00,21.664302107315113,in
2025-01-02T15:15:00,21.260757067437414,in
2025-01-02T15:16:00,21.328260743047757,in
2025-01-02T15:17:00,21.28094939860059,in
2025-01-02T15:18:00,21.41459943714478,in
2025-01-02T15:19:00,21.590085052457006,in
2025-01-02T15:20:00,21.40294978960806,in
2025-01-02T15:21:00,21.080011113714015,in
2025-01-02T15:22:00,21.09196672342979,in
2025-01-02T15:23:00,21.231573207705534,in
2025-01-02T15:24:00,21.243029120979408,in
2025-01-02T15:25:00,21.01683123300061,in
2025-01-02T15:26:00,21.38989868457757,in
2025-01-02T15:27:00,21.095937041298107,in
2025-01-02T15:28:00,21.474782047487043,in
2025-01-02T15:29:00,21.515797654875993,in
2025-01-02T15:30:00,21.197395105374994,in
2025-01-02T15:31:00,21.29242397278909,in
2025-01-02T15:32:00,21.033745659708824,in
2025-01-02T15:33:00,21.304063736203332,in
2025-01-02T15:34:00,21.127772998634356,in
2025-01-02T15:35:00,21.03142132204427,in
2025-01-02T15:36:00,21.14312646561045,in
2025-01-02T15:37:00,21.108700093512244,in
2025-01-02T15:38:00,21.12183960423696,in
2025-01-02T15:39:00,21.305132510347597,in
2025-01-02T15:40:00,21.036967337623242,in
2025-01-02T15:41:00,21.407115970163165,in
2025-01-02T15:42:00,20.94021886145961,in
2025-01-02T15:43:00,21.373424026167957,in
2025-01-02T15:44:00,20.970781113135843,in
2025-01-02T15:45:00,21.115270634681508,in
2025-01-02T15:46:00,21.03407495675868,in
2025-01-02T15:47:00,21.048243817194454,in
2025-01-02T15:48:00,21.212222585974242,in
2025-01-02T15:49:00,21.30922618935041,in
2025-01-02T15:50:00,21.255081479273276,in
2025-01-02T15:51:00,21.008042509498505,in
2025-01-02T15:52:00,21.088695157788905,in
2025-01-02T15:53:00,20.93604898458006,in
2025-01-02T15:54:00,20.89694993259458,in
2025-01-02T15:55:00,20.866077326301927,in
2025-01-02T15:56:00,20.96474476345971,in
2025-01-02T15:57:00,21.060198361658333,in
2025-01-02T15:58:00,20.728380605830342,in
2025-01-02T15:59:00,21.000613937262468,in
2025-01-02T16:00:00,21.22740376868243,in
2025-01-02T16:01:00,21.160738706270067,in
2025-01-02T16:02:00,20.89714566259959,in
2025-01-02T16:03:00,20.76788289145348,in
2025-01-02T16:04:00,21.038898396149616,in
2025-01-02T16:05:00,20.61483924614783,in
2025-01-02T16:06:00,21.121525987950506,in
2025-01-02T16:07:00,20.915534034013774,in
2025-01-02T16:08:00,21.214856519620202,in
2025-01-02T16:09:00,20.67372614533231,in
2025-01-02T16:10:00,21.063122717087527,in
2025-01-02T16:11:00,20.902974731741885,in
2025-01-02T16:12:00,20.861064350249134,in
2025-01-02T16:13:00,20.69793702117835,in
2025-01-02T16:14:00,20.98548821538264,in
2025-01-02T16:15:00,20.990280141677324,in
2025-01-02T16:16:00,21.14938336335339,in
2025-01-02T16:17:00,21.025597684038953,in
2025-01-02T16:18:00,20.778103226806977,in
2025-01-02T16:19:00,20.709427087264764,in
2025-01-02T16:20:00,20.64757341226955,in
2025-01-02T16:21:00,21.066693271771452,in
2025-01-02T16:22:00,20.721867945936438,in
2025-01-02T16:23:00,21.05353514907083,in
2025-01-02T16:24:00,20.903190301544363,in
2025-01-02T16:25:00,20.86686613551193,in
2025-01-02T16:26:00,20.764324179613276,in
2025-01-02T16:27:00,20.902451735809016,in
2025-01-02T16:28:00,20.79404933927038,in
2025-01-02T16:29:00,20.734030030193892,in
2025-01-02T16:30:00,20.88687785997979,in
2025-01-02T16:31:00,20.753969623547935,in
2025-01-02T16:32:00,20.64892683253786,in
2025-01-02T16:33:00,20.85178611769943,in
2025-01-02T16:34:00,20.74537287838048,in
2025-01-02T16:35:00,20.82148955739555,in
2025-01-02T16:36:00,20.673280239147196,in
2025-01-02T16:37:00,20.553221147172824,in
2025-01-02T16:38:00,20.988104653821615,in
2025-01-02T16:39:00,20.95311370765337,in
2025-01-02T16:40:00,20.84699252481622,in
2025-01-02T16:41:00,20.649580437907932,in
2025-01-02T16:42:00,20.65605620736547,in
2025-01-02T16:43:00,20.901829611959027,in
2025-01-02T16:44:00,20.634807436383873,in
2025-01-02T16:45:00,20.586424964347767,in
2025-01-02T16:46:00,20.955595104913996,in
2025-01-02T16:47:00,20.661085015756253,in
2025-01-02T16:48:00,20.927002586559357,in
2025-01-02T16:49:00,20.445507598527165,in
2025-01-02T16:50:00,20.726547317186355,in
2025-01-02T16:51:00,20.953060898816606,in
2025-01-02T16:52:00,20.640465891573836,in
2025-01-02T16:53:00,20.590033345507113,in
2025-01-02T16:54:00,20.44812806097273,in
2025-01-02T16:55:00,20.77932534660075,in
2025-01-02T16:56:00,20.495164046685904,in
2025-01-02T16:57:00,20.590197796408145,in
2025-01-02T16:58:00,20.413006129431405,in
2025-01-02T16:59:00,20.82550474110268,in
2025-01-02T17:00:00,20.759019234235762,in
2025-01-02T17:01:00,20.57489153637146,in
2025-01-02T17:02:00,20.4003767613536,in
2025-01-02T17:03:00,20.797782170537086,in
2025-01-02T17:04:00,20.506430640265627,in
2025-01-02T17:05:00,20.38949134975786,in
2025-01-02T17:06:00,20.284933556104544,in
2025-01-02T17:07:00,20.446363290451135,in
2025-01-02T17:08:00,20.31909687838217,in
2025-01-02T17:09:00,20.437931855650206,in
2025-01-02T17:10:00,20.63710663643441,in
2025-01-02T17:11:00,20.46325372043005,in
2025-01-02T17:12:00,20.56706435636227,in
2025-01-02T17:13:00,20.399385050946766,in
2025-01-02T17:14:00,20.51186391837663,in
2025-01-02T17:15:00,20.78445550835495,in
2025-01-02T17:16:00,20.438307927850424,in
2025-01-02T17:17:00,20.54253444687485,in
2025-01-02T17:18:00,20.244358984679675,in
2025-01-02T17:19:00,20.701550978797474,in
2025-01-02T17:20:00,20.396330119420316,in
2025-01-02T17:21:00,20.619896383339057,in
2025-01-02T17:22:00,20.438273788860727,in
2025-01-02T17:23:00,20.54295161658875,in
2025-01-02T17:24:00,20.54635994116771,in
2025-01-02T17:25:00,20.37236498288733,in
2025-01-02T17:26:00,20.59856965165945,in
2025-01-02T17:27:00,20.315518408639544,in
2025-01-02T17:28:00,20.540668625790687,in
2025-01-02T17:29:00,20.360090058387335,in
2025-01-02T17:30:00,20.46572701171234,in
2025-01-02T17:31:00,20.338697044577614,in
2025-01-02T17:32:00,20.410225376111406,in
2025-01-02T17:33:00,20.236288319364114,in
2025-01-02T17:34:00,20.429419826468884,in
2025-01-02T17:35:00,20.393738966708977,in
2025-01-02T17:36:00,20.300942978139236,in
2025-01-02T17:37:00,20.36859784111143,in
2025-01-02T17:38:00,20.39186963471255,in
2025-01-02T17:39:00,20.274263331686875,in
2025-01-02T17:40:00,20.342382125062567,in
2025-01-02T17:41:00,20.205873332981437,in
2025-01-02T17:42:00,20.70360757860012,in
2025-01-02T17:43:00,20.505688300776853,in
2025-01-02T17:44:00,20.38288897073465,in
2025-01-02T17:45:00,20.512877714516414,in
2025-01-02T17:46:00,20.0353404843631,in
2025-01-02T17:47:00,19.94377572762938,in
2025-01-02T17:48:00,20.262765204846666,in
2025-01-02T17:49:00,20.1111373525309,in
2025-01-02T17:50:00,20.27772627970698,in
2025-01-02T17:51:00,20.33939285268129,in
2025-01-02T17:52:00,20.44196598243824,in
2025-01-02T17:53:00,20.12855595236759,in
2025-01-02T17:54:00,20.354664274215825,in
2025-01-02T17:55:00,20.292334712626943,in
2025-01-02T17:56:00,20.33779179508574,in
2025-01-02T17:57:00,20.203221384384054,in
2025-01-02T17:58:00,20.484211950096267,in
2025-01-02T17:59:00,20.25680269232675,in
2025-01-02T18:00:00,20.534076525956685,in
2025-01-02T18:01:00,20.14504407296938,in
2025-01-02T18:02:00,20.370712709113533,in
2025-01-02T18:03:00,20.246057713770327,in
2025-01-02T18:04:00,20.201599223221194,in
2025-01-02T18:05:00,20.34139378965512,in
2025-01-02T18:06:00,20.197489752797633,in
2025-01-02T18:07:00,19.83892372301563,in
2025-01-02T18:08:00,19.774674595806,in
2025-01-02T18:09:00,20.420888049116524,in
2025-01-02T18:10:00,20.41051710232551,in
2025-01-02T18:11:00,20.50506685896692,in
2025-01-02T18:12:00,20.21535771438094,in
2025-01-02T18:13:00,20.020146892878042,in
2025-01-02T18:14:00,20.147193700398297,in
2025-01-02T18:15:00,20.20796819423882,in
2025-01-02T18:16:00,20.0513561737589,in
2025-01-02T18:17:00,20.445889729800903,in
2025-01-02T18:18:00,20.53075486324684,in
2025-01-02T18:19:00,20.26283181420079,in
2025-01-02T18:20:00,20.18575486392197,in
2025-01-02T18:21:00,19.989468605578672,in
2025-01-02T18:22:00,20.41204254267032,in
2025-01-02T18:23:00,20.18792193447318,in
2025-01-02T18:24:00,20.129534424953206,in
2025-01-02T18:25:00,20.241553155062284,in
2025-01-02T18:26:00,20.078023121881373,in
2025-01-02T18:27:00,20.184448855670478,in
2025-01-02T18:28:00,19.94262026546827,in
2025-01-02T18:29:00,20.31866113504696,in
2025-01-02T18:30:00,20.136579278807076,in
2025-01-02T18:31:00,20.322739121059968,in
2025-01-02T18:32:00,20.115461864190184,in
2025-01-02T18:33:00,20.121950937938557,in
2025-01-02T18:34:00,19.95731724979216,in
2025-01-02T18:35:00,20.249947807387127,in
2025-01-02T18:36:00,20.001463153902133,in
2025-01-02T18:37:00,20.056766224648094,in
2025-01-02T18:38:00,20.126812699415584,in
2025-01-02T18:39:00,20.141800955708433,in
2025-01-02T18:40:00,19.86470021739552,in
2025-01-02T18:41:00,20.083027089664057,in
2025-01-02T18:42:00,20.2340015506122,in
2025-01-02T18:43:00,20.055071254035845,in
2025-01-02T18:44:00,20.07525308566937,in
2025-01-02T18:45:00,20.130500648636197,in
2025-01-02T18:46:00,20.08445862470555,in
2025-01-02T18:47:00,19.946024422238107,in
2025-01-02T18:48:00,20.092435048859656,in
2025-01-02T18:49:00,20.244319376214328,in
2025-01-02T18:50:00,19.934889706413482,in
2025-01-02T18:51:00,20.033787827662756,in
2025-01-02T18:52:00,19.880145789483667,in
2025-01-02T18:53:00,20.226064570963924,in
2025-01-02T18:54:00,20.068506799237934,in
2025-01-02T18:55:00,19.952370346187262,in
2025-01-02T18:56:00,20.091316448144838,in
2025-01-02T18:57:00,19.894549494858385,in
2025-01-02T18:58:00,19.917714763863692,in
2025-01-02T18:59:00,19.851405322864608,in
2025-01-02T19:00:00,19.908131461788255,in
2025-01-02T19:01:00,20.269508759772087,in
2025-01-02T19:02:00,19.953736969551393,in
2025-01-02T19:03:00,20.131471948984213,in
2025-01-02T19:04:00,19.93396333445462,in
2025-01-02T19:05:00,20.17124592223796,in
2025-01-02T19:06:00,19.90134785906495,in
2025-01-02T19:07:00,20.05912567224337,in
2025-01-02T19:08:00,20.059187566909873,in
2025-01-02T19:09:00,20.39848615944696,in
2025-01-02T19:10:00,20.14197177895716,in
2025-01-02T19:11:00,19.956602184925252,in
2025-01-02T19:12:00,20.146462143079965,in
2025-01-02T19:13:00,20.36263522560361,in
2025-01-02T19:14:00,19.795705177185695,in
2025-01-02T19:15:00,19.91205713280823,in
2025-01-02T19:16:00,20.001210999237678,in
2025-01-02T19:17:00,19.97253597047769,in
2025-01-02T19:18:00,19.983576680122614,in
2025-01-02T19:19:00,19.83628376486843,in
2025-01-02T19:20:00,20.240977902008087,in
2025-01-02T19:21:00,19.81549659211235,in
2025-01-02T19:22:00,19.997396875482163,in
2025-01-02T19:23:00,20.18288185564364,in
2025-01-02T19:24:00,20.020095590237844,in
2025-01-02T19:25:00,19.876367854029066,in
2025-01-02T19:26:00,19.819666924820073,in
2025-01-02T19:27:00,19.986197346956494,in
2025-01-02T19:28:00,19.905909427639287,in
2025-01-02T19:29:00,20.049052868981683,in
2025-01-02T19:30:00,19.80689260509375,in
2025-01-02T19:31:00,20.137945461173715,in
2025-01-02T19:32:00,20.032240125192025,in
2025-01-02T19:33:00,20.04233854524302,in
2025-01-02T19:34:00,20.229017805382828,in
2025-01-02T19:35:00,19.94621799879958,in
2025-01-02T19:36:00,19.90208370505347,in
2025-01-02T19:37:00,19.927898419246144,in
2025-01-02T19:38:00,19.980328617837156,in
2025-01-02T19:39:00,19.994745410631978,in
2025-01-02T19:40:00,19.883005943326243,in
2025-01-02T19:41:00,19.703406207049518,in
2025-01-02T19:42:00,19.922025982401887,in
2025-01-02T19:43:00,20.059473479744064,in
2025-01-02T19:44:00,20.025310645418376,in
2025-01-02T19:45:00,20.184215323996668,in
2025-01-02T19:46:00,20.297053384750832,in
2025-01-02T19:47:00,20.117116724604074,in
2025-01-02T19:48:00,20.210119026852084,in
2025-01-02T19:49:00,20.117319370869566,in
2025-01-02T19:50:00,20.258388445225393,in
2025-01-02T19:51:00,20.279169972662245,in
2025-01-02T19:52:00,20.14389312157865,in
2025-01-02T19:53:00,20.10688984029026,in
2025-01-02T19:54:00,19.969900524258282,in
2025-01-02T19:55:00,19.994275353695595,in
2025-01-02T19:56:00,19.949629009984676,in
2025-01-02T19:57:00,20.093359086486245,in
2025-01-02T19:58:00,19.892023948267756,in
2025-01-02T19:59:00,19.971353107091545,in
2025-01-02T20:00:00,19.646724517223255,in
2025-01-02T20:01:00,20.258482522774408,in
2025-01-02T20:02:00,19.96700496648371,in
2025-01-02T20:03:00,20.068508410452473,in
2025-01-02T20:04:00,20.218972613893925,in
2025-01-02T20:05:00,20.04551996145636,in
2025-01-02T20:06:00,20.217336905362902,in
2025-01-02T20:07:00,19.81467214650387,in
2025-01-02T20:08:00,20.360824834401466,in
2025-01-02T20:09:00,20.16460845729187,in
2025-01-02T20:10:00,20.03328393070928,in
2025-01-02T20:11:00,20.216065126923915,in
2025-01-02T20:12:00,19.827445697592445,in
2025-01-02T20:13:00,19.95992442706988,in
2025-01-02T20:14:00,20.22036796261662,in
2025-01-02T20:15:00,19.72422312638855,in
2025-01-02T20:16:00,20.088940565724172,in
2025-01-02T20:17:00,20.085326053777802,in
2025-01-02T20:18:00,20.301549205057068,in
2025-01-02T20:19:00,19.769425682046144,in
2025-01-02T20:20:00,20.249055262371254,in
2025-01-02T20:21:00,19.92446953337834,in
2025-01-02T20:22:00,19.942156184278865,in
2025-01-02T20:23:00,19.826762305454206,in
2025-01-02T20:24:00,19.847778403643417,in
2025-01-02T20:25:00,20.072415675673447,in
2025-01-02T20:26:00,19.84600650142962,in
2025-01-02T20:27:00,20.124905736138086,in
2025-01-02T20:28:00,19.915462789671892,in
2025-01-02T20:29:00,19.83403502976327,in
2025-01-02T20:30:00,19.937938905298395,in
2025-01-02T20:31:00,20.06877428398968,in
2025-01-02T20:32:00,19.977860873227204,in
2025-01-02T20:33:00,20.02582874411058,in
2025-01-02T20:34:00,20.126399392551576,in
2025-01-02T20:35:00,20.185640196807018,in
2025-01-02T20:36:00,19.97810902252131,in
2025-01-02T20:37:00,19.86937396454311,in
2025-01-02T20:38:00,20.038842968763916,in
2025-01-02T20:39:00,20.099485319799456,in
2025-01-02T20:40:00,19.81127569807979,in
2025-01-02T20:41:00,19.89832736015628,in
2025-01-02T20:42:00,19.925612150477647,in
2025-01-02T20:43:00,20.003925876240924,in
2025-01-02T20:44:00,19.922590547560656,in
2025-01-02T20:45:00,20.144485547958073,in
2025-01-02T20:46:00,19.79938061053958,in
2025-01-02T20:47:00,19.80495125045167,in
2025-01-02T20:48:00,19.993621476805668,in
2025-01-02T20:49:00,20.019189866453665,in
2025-01-02T20:50:00,19.82921140483142,in
2025-01-02T20:51:00,19.95830303258584,in
2025-01-02T20:52:00,19.991103297816665,in
2025-01-02T20:53:00,19.99424679102578,in
2025-01-02T20:54:00,20.07804238169804,in
2025-01-02T20:55:00,19.958079027709942,in
2025-01-02T20:56:00,20.28108399244925,in
2025-01-02T20:57:00,20.134768876546527,in
2025-01-02T20:58:00,19.942637691147585,in
2025-01-02T20:59:00,20.08008484617725,in
2025-01-02T21:00:00,20.086750645212707,in
2025-01-02T21:01:00,20.252633573517038,in
2025-01-02T21:02:00,19.9826817292453,in
2025-01-02T21:03:00,20.19019033175079,in
2025-01-02T21:04:00,20.083754779490732,in
2025-01-02T21:05:00,20.30363526869546,in
2025-01-02T21:06:00,20.275994248159524,in
2025-01-02T21:07:00,20.11440417407926,in
2025-01-02T21:08:00,20.04804809492152,in
2025-01-02T21:09:00,20.165950997537546,in
2025-01-02T21:10:00,20.065498594434473,in
2025-01-02T21:11:00,20.34725446661019,in
2025-01-02T21:12:00,20.109657479136246,in
2025-01-02T21:13:00,20.03975535271932,in
2025-01-02T21:14:00,20.034410426676512,in
2025-01-02T21:15:00,19.924184403229983,in
2025-01-02T21:16:00,20.192446718015365,in
2025-01-02T21:17:00,19.988820278818505,in
2025-01-02T21:18:00,20.279439255643805,in
2025-01-02T21:19:00,19.92370771138702,in
2025-01-02T21:20:00,20.13970097577417,in
2025-01-02T21:21:00,20.29615089192965,in
2025-01-02T21:22:00,19.80381856180966,in
2025-01-02T21:23:00,20.432469412196806,in
2025-01-02T21:24:00,20.06904636742588,in
2025-01-02T21:25:00,20.15714856875872,in
2025-01-02T21:26:00,20.224882247863402,in
2025-01-02T21:27:00,20.251300252673484,in
2025-01-02T21:28:00,20.186714881605376,in
2025-01-02T21:29:00,20.298526679520823,in
2025-01-02T21:30:00,20.2301015419157,in
2025-01-02T21:31:00,20.41973022766394,in
2025-01-02T21:32:00,20.23733942452331,in
2025-01-02T21:33:00,20.457112907684667,in
2025-01-02T21:34:00,20.3010416772654,in
2025-01-02T21:35:00,19.898514522895866,in
2025-01-02T21:36:00,20.564574486472974,in
2025-01-02T21:37:00,20.09032429657424,in
2025-01-02T21:38:00,20.404409060527172,in
2025-01-02T21:39:00,20.187732668817752,in
2025-01-02T21:40:00,20.346547964567087,in
2025-01-02T21:41:00,20.087817872461397,in
2025-01-02T21:42:00,20.288691112763715,in
2025-01-02T21:43:00,20.160624939545663,in
2025-01-02T21:44:00,20.43926237414015,in
2025-01-02T21:45:00,20.27205474204717,in
2025-01-02T21:46:00,20.350522672991183,in
2025-01-02T21:47:00,19.889430582456765,in
2025-01-02T21:48:00,20.20515104965497,in
2025-01-02T21:49:00,20.28354846228727,in
2025-01-02T21:50:00,20.259520569609514,in
2025-01-02T21:51:00,20.374198307131593,in
2025-01-02T21:52:00,20.179219177511527,in
2025-01-02T21:53:00,20.24553658934442,in
2025-01-02T21:54:00,20.419549789338316,in
2025-01-02T21:55:00,19.90474313806818,in
2025-01-02T21:56:00,20.33916316096696,in
2025-01-02T21:57:00,20.20492526195537,in
2025-01-02T21:58:00,20.122440889437158,in
2025-01-02T21:59:00,20.314084004663112,in
2025-01-02T22:00:00,20.45206688695242,in
2025-01-02T22:01:00,20.428200564313837,in
2025-01-02T22:02:00,20.256474724480956,in
2025-01-02T22:03:00,20.412548321561236,in
2025-01-02T22:04:00,20.415875583362652,in
2025-01-02T22:05:00,20.27707056808013,in
2025-01-02T22:06:00,20.190757588493586,in
2025-01-02T22:07:00,20.204010445340526,in
2025-01-02T22:08:00,20.429581810017368,in
2025-01-02T22:09:00,20.30222233453515,in
2025-01-02T22:10:00,20.156289775414642,in
2025-01-02T22:11:00,20.065192548744847,in
2025-01-02T22:12:00,20.447433581923608,in
2025-01-02T22:13:00,20.245410924964848,in
2025-01-02T22:14:00,20.38178651921406,in
2025-01-02T22:15:00,20.52301681145528,in
2025-01-02T22:16:00,20.145586183361896,in
2025-01-02T22:17:00,20.340049894668695,in
2025-01-02T22:18:00,20.32614350082314,in
2025-01-02T22:19:00,20.413667555459867,in
2025-01-02T22:20:00,20.54756991118508,in
2025-01-02T22:21:00,20.16729911747728,in
2025-01-02T22:22:00,20.457238655593226,in
2025-01-02T22:23:00,20.53158060231903,in
2025-01-02T22:24:00,20.354009451656587,in
2025-01-02T22:25:00,20.366493742531066,in
2025-01-02T22:26:00,20.455053684113302,in
2025-01-02T22:27:00,20.44921493630135,in
2025-01-02T22:28:00,20.490081871010485,in
2025-01-02T22:29:00,20.492188073890937,in
2025-01-02T22:30:00,20.265997473575183,in
2025-01-02T22:31:00,20.567160827168053,in
2025-01-02T22:32:00,20.59899596711509,in
2025-01-02T22:33:00,20.457278572292054,in
2025-01-02T22:34:00,20.210660390312718,in
2025-01-02T22:35:00,20.423019177914224,in
2025-01-02T22:36:00,20.47486895862714,in
2025-01-02T22:37:00,20.279524676167604,in
2025-01-02T22:38:00,20.40273012368801,in
2025-01-02T22:39:00,20.2509109277193,in
2025-01-02T22:40:00,20.559004947510008,in
2025-01-02T22:41:00,20.49842835767025,in
2025-01-02T22:42:00,20.2323205940778,in
2025-01-02T22:43:00,20.537589760469196,in
2025-01-02T22:44:00,20.48210449744591,in
2025-01-02T22:45:00,20.573782527455208,in
2025-01-02T22:46:00,20.443358693358682,in
2025-01-02T22:47:00,20.387663339765147,in
2025-01-02T22:48:00,20.39808365507654,in
2025-01-02T22:49:00,20.438838212544074,in
2025-01-02T22:50:00,20.52826909086691,in
2025-01-02T22:51:00,20.553548750942348,in
2025-01-02T22:52:00,20.508684615090445,in
2025-01-02T22:53:00,20.479760127885722,in
2025-01-02T22:54:00,20.4965407677746,in
2025-01-02T22:55:00,20.93143079370653,in
2025-01-02T22:56:00,20.445711626597966,in
2025-01-02T22:57:00,20.48370031186876,in
2025-01-02T22:58:00,21.067577217946855,in
2025-01-02T22:59:00,20.64278124412251,in
2025-01-02T23:00:00,20.37878933774135,in
2025-01-02T23:01:00,20.71837363168465,in
2025-01-02T23:02:00,20.461675638020125,in
2025-01-02T23:03:00,20.740778306487403,in
2025-01-02T23:04:00,20.579038917176405,in
2025-01-02T23:05:00,20.55100451101205,in
2025-01-02T23:06:00,20.86466559393663,in
2025-01-02T23:07:00,20.71459422224617,in
2025-01-02T23:08:00,20.78195169549238,in
2025-01-02T23:09:00,20.707636460862105,in
2025-01-02T23:10:00,20.582152906199713,in
2025-01-02T23:11:00,20.746969548169393,in
2025-01-02T23:12:00,20.84312109618495,in
2025-01-02T23:13:00,20.68844737452596,in
2025-01-02T23:14:00,20.9450062942205,in
2025-01-02T23:15:00,20.808881450280147,in
2025-01-02T23:16:00,20.719679324484726,in
2025-01-02T23:17:00,20.73220347472723,in
2025-01-02T23:18:00,20.721689472684776,in
2025-01-02T23:19:00,20.520066222874824,in
2025-01-02T23:20:00,20.70091395125563,in
2025-01-02T23:21:00,20.754299968840005,in
2025-01-02T23:22:00,20.665430791254494,in
2025-01-02T23:23:00,20.78524089568067,in
2025-01-02T23:24:00,20.74455534145359,in
2025-01-02T23:25:00,20.864206839296696,in
2025-01-02T23:26:00,20.854437583884618,in
2025-01-02T23:27:00,20.78688509451806,in
2025-01-02T23:28:00,20.56359511565338,in
2025-01-02T23:29:00,21.044173850733277,in
2025-01-02T23:30:00,20.761193492196885,in
2025-01-02T23:31:00,20.77727905585994,in
2025-01-02T23:32:00,20.744991826390994,in
2025-01-02T23:33:00,20.73008905044885,in
2025-01-02T23:34:00,21.041963133697394,in
2025-01-02T23:35:00,21.025287351330743,in
2025-01-02T23:36:00,20.891088505951704,in
2025-01-02T23:37:00,20.815375645560522,in
2025-01-02T23:38:00,20.931461786330182,in
2025-01-02T23:39:00,20.85677916719094,in
2025-01-02T23:40:00,20.824313689549445,in
2025-01-02T23:41:00,20.91072236303334,in
2025-01-02T23:42:00,20.80101386410852,in
2025-01-02T23:43:00,20.91222978421038,in
2025-01-02T23:44:00,20.91224733190175,in
2025-01-02T23:45:00,20.97929993714948,in
2025-01-02T23:46:00,20.80325548575454,in
2025-01-02T23:47:00,21.00993399389165,in
2025-01-02T23:48:00,20.77477520602737,in
2025-01-02T23:49:00,20.832166059520823,in
2025-01-02T23:50:00,20.846062024434488,in
2025-01-02T23:51:00,20.771963202312723,in
2025-01-02T23:52:00,21.09251081404144,in
2025-01-02T23:53:00,20.80221428126779,in
2025-01-02T23:54:00,20.8501654199571,in
2025-01-02T23:55:00,21.150764640251953,in
2025-01-02T23:56:00,20.88433644490184,in
2025-01-02T23:57:00,20.949192425075182,in
2025-01-02T23:58:00,20.833118923941107,in
2025-01-02T23:59:00,21.11739472705235,in
2025-01-03T00:00:00,21.12701043662866,in
2025-01-03T00:01:00,21.1184088782681,in
2025-01-03T00:02:00,21.095782354022155,in
2025-01-03T00:03:00,21.033795883659014,in
2025-01-03T00:04:00,20.951724259466626,in
2025-01-03T00:05:00,20.91577706616132,in
2025-01-03T00:06:00,21.23916830849503,in
2025-01-03T00:07:00,21.1680813063893,in
2025-01-03T00:08:00,20.957061240348153,in
2025-01-03T00:09:00,21.074745724583245,in
2025-01-03T00:10:00,21.03148550958218,in
2025-01-03T00:11:00,20.915020563910222,in
2025-01-03T00:12:00,21.1186667070141,in
2025-01-03T00:13:00,21.03747921828925,in
2025-01-03T00:14:00,20.96472387383603,in
2025-01-03T00:15:00,20.893552736440732,in
2025-01-03T00:16:00,20.888687181390992,in
2025-01-03T00:17:00,21.075395566036967,in
2025-01-03T00:18:00,21.12621356081967,in
2025-01-03T00:19:00,21.015567398672736,in
2025-01-03T00:20:00,21.252374390667185,in
2025-01-03T00:21:00,21.152848543657697,in
2025-01-03T00:22:00,21.257146311277317,in
2025-01-03T00:23:00,21.151125676244888,in
2025-01-03T00:24:00,21.068459068567332,in
2025-01-03T00:25:00,21.211624255953318,in
2025-01-03T00:26:00,21.01310068534676,in
2025-01-03T00:27:00,21.29142806532696,in
2025-01-03T00:28:00,21.07796536204448,in
2025-01-03T00:29:00,21.36431295570637,in
2025-01-03T00:30:00,21.18386477333353,in
2025-01-03T00:31:00,21.402082792741624,in
2025-01-03T00:32:00,21.082393334879924,in
2025-01-03T00:33:00,21.157219669871004,in
2025-01-03T00:34:00,21.32413778857869,in
2025-01-03T00:35:00,21.45069848744661,in
2025-01-03T00:36:00,21.533255437156637,in
2025-01-03T00:37:00,21.2976228485567,in
2025-01-03T00:38:00,21.575247082099075,in
2025-01-03T00:39:00,21.264316203371198,in
2025-01-03T00:40:00,21.480774856703107,in
2025-01-03T00:41:00,21.18283941444945,in
2025-01-03T00:42:00,21.395416357561945,in
2025-01-03T00:43:00,20.98936475334596,in
2025-01-03T00:44:00,21.180625039337716,in
2025-01-03T00:45:00,21.42712258910579,in
2025-01-03T00:46:00,21.16852485935974,in
2025-01-03T00:47:00,21.437714828650876,in
2025-01-03T00:48:00,21.51793472937196,in
2025-01-03T00:49:00,21.315073373036235,in
2025-01-03T00:50:00,21.253245457640322,in
2025-01-03T00:51:00,21.335788857670646,in
2025-01-03T00:52:00,21.2703847426769,in
2025-01-03T00:53:00,21.408425430029432,in
2025-01-03T00:54:00,21.447282904325366,in
2025-01-03T00:55:00,21.394440453473493,in
2025-01-03T00:56:00,21.699879174394024,in
2025-01-03T00:57:00,21.349208527316804,in
2025-01-03T00:58:00,21.674238224731777,in
2025-01-03T00:59:00,21.317751685637234,in
2025-01-03T01:00:00,21.493278545286188,in
2025-01-03T01:01:00,21.668261914871152,in
2025-01-03T01:02:00,21.668943564729116,in
2025-01-03T01:03:00,21.44465472928698,in
2025-01-03T01:04:00,21.599416666811365,in
2025-01-03T01:05:00,21.58780507789729,in
2025-01-03T01:06:00,21.45211839549928,in
2025-01-03T01:07:00,21.633991708727383,in
2025-01-03T01:08:00,21.829471717120125,in
2025-01-03T01:09:00,21.629360229716394,in
2025-01-03T01:10:00,21.652074228984393,in
2025-01-03T01:11:00,21.67646790241721,in
2025-01-03T01:12:00,21.36503012726121,in
2025-01-03T01:13:00,21.661750198700584,in
2025-01-03T01:14:00,21.448750194939823,in
2025-01-03T01:15:00,21.521336314863074,in
2025-01-03T01:16:00,21.942673276425182,in
2025-01-03T01:17:00,21.58896268653371,in
2025-01-03T01:18:00,21.524502833371567,in
2025-01-03T01:19:00,21.817000295887524,in
2025-01-03T01:20:00,21.510552094239785,in
2025-01-03T01:21:00,21.594188120673493,in
2025-01-03T01:22:00,21.857262613476568,in
2025-01-03T01:23:00,21.68493000358854,in
2025-01-03T01:24:00,21.452891513150554,in
2025-01-03T01:25:00,21.77735166976856,in
2025-01-03T01:26:00,21.6449112954338,in
2025-01-03T01:27:00,21.943992478997174,in
2025-01-03T01:28:00,21.630725755934748,in
2025-01-03T01:29:00,21.887982035511442,in
2025-01-03T01:30:00,22.005302320414753,in
2025-01-03T01:31:00,21.619960578156604,in
2025-01-03T01:32:00,21.727279360075975,in
2025-01-03T01:33:00,21.823218996205988,in
2025-01-03T01:34:00,21.64499170958106,in
2025-01-03T01:35:00,21.822810492302246,in
2025-01-03T01:36:00,21.757205030338795,in
2025-01-03T01:37:00,21.762863741036842,in
2025-01-03T01:38:00,21.815649253865768,in
2025-01-03T01:39:00,21.827686470009976,in
2025-01-03T01:40:00,21.85027062986609,in
2025-01-03T01:41:00,21.74455963315707,in
2025-01-03T01:42:00,21.759806049891846,in
2025-01-03T01:43:00,21.833994881285477,in
2025-01-03T01:44:00,21.85377340632638,in
2025-01-03T01:45:00,21.80336634054772,in
2025-01-03T01:46:00,21.926493867243188,in
2025-01-03T01:47:00,21.614400162571965,in
2025-01-03T01:48:00,21.78575814867777,in
2025-01-03T01:49:00,21.862054569026885,in
2025-01-03T01:50:00,21.784343947214733,in
2025-01-03T01:51:00,22.165860070703197,in
2025-01-03T01:52:00,21.933030283603742,in
2025-01-03T01:53:00,21.96543842531424,in
2025-01-03T01:54:00,21.87516149718943,in
2025-01-03T01:55:00,21.954003391874934,in
2025-01-03T01:56:00,21.782807167480023,in
2025-01-03T01:57:00,21.94834825344305,in
2025-01-03T01:58:00,21.841995664713888,in
2025-01-03T01:59:00,21.949662843717082,in
2025-01-03T02:00:00,21.616012515054624,in
2025-01-03T02:01:00,21.839526137302965,in
2025-01-03T02:02:00,22.237042031673894,in
2025-01-03T02:03:00,22.15073885350882,in
2025-01-03T02:04:00,22.232760713261854,in
2025-01-03T02:05:00,22.25178796051976,in
2025-01-03T02:06:00,22.153302010240417,in
2025-01-03T02:07:00,21.99314672361277,in
2025-01-03T02:08:00,21.91421135146516,in
2025-01-03T02:09:00,22.250531322335593,in
2025-01-03T02:10:00,22.096923970888778,in
2025-01-03T02:11:00,22.470059679499972,in
2025-01-03T02:12:00,22.049907216084275,in
2025-01-03T02:13:00,22.409319953343825,in
2025-01-03T02:14:00,22.09857831046535,in
2025-01-03T02:15:00,22.331213548049092,in
2025-01-03T02:16:00,22.394016708073117,in
2025-01-03T02:17:00,21.99477449116369,in
2025-01-03T02:18:00,22.084168479712062,in
2025-01-03T02:19:00,22.010669531169626,in
2025-01-03T02:20:00,21.989819812256584,in
2025-01-03T02:21:00,22.283063264905547,in
2025-01-03T02:22:00,22.16219724950309,in
2025-01-03T02:23:00,22.208231071702674,in
2025-01-03T02:24:00,22.2924927967813,in
2025-01-03T02:25:00,21.93912572464669,in
2025-01-03T02:26:00,22.41942132812937,in
2025-01-03T02:27:00,22.18271067041469,in
2025-01-03T02:28:00,22.323598882745973,in
2025-01-03T02:29:00,22.34550486415594,in
2025-01-03T02:30:00,22.466671868554673,in
2025-01-03T02:31:00,22.25397325237999,in
2025-01-03T02:32:00,21.95980058306369,in
2025-01-03T02:33:00,22.29555438600039,in
2025-01-03T02:34:00,22.32572485098346,in
2025-01-03T02:35:00,22.149107643508817,in
2025-01-03T02:36:00,22.3349925282454,in
2025-01-03T02:37:00,22.26733236599871,in
2025-01-03T02:38:00,22.128682119328978,in
2025-01-03T02:39:00,22.439421741949438,in
2025-01-03T02:40:00,22.26273758269919,in
2025-01-03T02:41:00,22.29493020873712,in
2025-01-03T02:42:00,22.29508422389123,in
2025-01-03T02:43:00,22.55836986163709,in
2025-01-03T02:44:00,22.37548056648708,in
2025-01-03T02:45:00,22.40204561711413,in
2025-01-03T02:46:00,22.332640445676432,in
2025-01-03T02:47:00,22.47671352561859,in
2025-01-03T02:48:00,22.618221088903116,in
2025-01-03T02:49:00,22.52153446693587,in
2025-01-03T02:50:00,22.535909272076434,in
2025-01-03T02:51:00,22.532329400925654,in
2025-01-03T02:52:00,22.242865712191055,in
2025-01-03T02:53:00,22.326982957089957,in
2025-01-03T02:54:00,22.43614261867194,in
2025-01-03T02:55:00,22.366492178278364,in
2025-01-03T02:56:00,22.324163237485934,in
2025-01-03T02:57:00,22.2114802249274,in
2025-01-03T02:58:00,22.29878062613876,in
2025-01-03T02:59:00,22.470725062809663,in
2025-01-03T03:00:00,22.507224135182206,in
2025-01-03T03:01:00,22.407104362496362,in
2025-01-03T03:02:00,22.546315534058994,in
2025-01-03T03:03:00,22.47780585359389,in
2025-01-03T03:04:00,22.714860749740076,in
2025-01-03T03:05:00,22.535414163458256,in
2025-01-03T03:06:00,22.672480321618103,in
2025-01-03T03:07:00,22.606874600612386,in
2025-01-03T03:08:00,22.374432753558864,in
2025-01-03T03:09:00,22.579484423590564,in
2025-01-03T03:10:00,22.416067984109244,in
2025-01-03T03:11:00,22.59351047232348,in
2025-01-03T03:12:00,22.50626436616529,in
2025-01-03T03:13:00,22.68362206799022,in
2025-01-03T03:14:00,22.43325616219025,in
2025-01-03T03:15:00,22.645084204398238,in
2025-01-03T03:16:00,22.736998646298794,in
2025-01-03T03:17:00,22.795520625921924,in
2025-01-03T03:18:00,22.55298855478491,in
2025-01-03T03:19:00,22.67849608183773,in
2025-01-03T03:20:00,22.71166233258807,in
2025-01-03T03:21:00,22.9243030560864,in
2025-01-03T03:22:00,22.47821525340641,in
2025-01-03T03:23:00,22.571916694234773,in
2025-01-03T03:24:00,23.13740527300101,in
2025-01-03T03:25:00,22.683911483974004,in
2025-01-03T03:26:00,22.4493533819631,in
2025-01-03T03:27:00,22.653732353517448,in
2025-01-03T03:28:00,22.333882203612166,in
2025-01-03T03:29:00,22.79343534157329,in
2025-01-03T03:30:00,22.88683457877191,in
2025-01-03T03:31:00,22.636672566848326,in
2025-01-03T03:32:00,22.71085366864082,in
2025-01-03T03:33:00,22.92803583607387,in
2025-01-03T03:34:00,22.534965818123577,in
2025-01-03T03:35:00,22.60725769788754,in
2025-01-03T03:36:00,22.779256008894254,in
2025-01-03T03:37:00,22.70858747960693,in
2025-01-03T03:38:00,22.785306450691436,in
2025-01-03T03:39:00,22.64775692716388,in
2025-01-03T03:40:00,22.87738354636962,in
2025-01-03T03:41:00,22.83075251702592,in
2025-01-03T03:42:00,22.94340076775154,in
2025-01-03T03:43:00,22.898950439880878,in
2025-01-03T03:44:00,22.907745804452556,in
2025-01-03T03:45:00,22.667631277258483,in
2025-01-03T03:46:00,22.966284358966348,in
2025-01-03T03:47:00,22.8505669218042,in
2025-01-03T03:48:00,22.882991253331646,in
2025-01-03T03:49:00,23.072987486692533,in
2025-01-03T03:50:00,22.815581892992533,in
2025-01-03T03:51:00,23.13390668991907,in
2025-01-03T03:52:00,23.155614420477743,in
2025-01-03T03:53:00,23.05955699997434,in
2025-01-03T03:54:00,22.8072243989041,in
2025-01-03T03:55:00,22.634033550994733,in
2025-01-03T03:56:00,23.131444477631664,in
2025-01-03T03:57:00,22.99395024219357,in
2025-01-03T03:58:00,22.873067499583712,in
2025-01-03T03:59:00,23.16846735891376,in
2025-01-03T04:00:00,22.870766167868325,in
2025-01-03T04:01:00,22.94392466535641,in
2025-01-03T04:02:00,23.093810280568956,in
2025-01-03T04:03:00,22.85554574741187,in
2025-01-03T04:04:00,23.013654013379046,in
2025-01-03T04:05:00,23.200917093908043,in
2025-01-03T04:06:00,23.076663740975064,in
2025-01-03T04:07:00,23.239541797827293,in
2025-01-03T04:08:00,23.229878882167306,in
2025-01-03T04:09:00,23.068389781994465,in
2025-01-03T04:10:00,22.72408801024004,in
2025-01-03T04:11:00,22.916083098453687,in
2025-01-03T04:12:00,23.203778186887725,in
2025-01-03T04:13:00,22.864048745997035,in
2025-01-03T04:14:00,23.054870082336073,in
2025-01-03T04:15:00,23.161912558092556,in
2025-01-03T04:16:00,23.33882141130572,in
2025-01-03T04:17:00,23.039356900921973,in
2025-01-03T04:18:00,23.036289317487196,in
2025-01-03T04:19:00,23.13212666021828,in
2025-01-03T04:20:00,23.199789818173606,in
2025-01-03T04:21:00,23.131153355965054,in
2025-01-03T04:22:00,23.31879616375475,in
2025-01-03T04:23:00,23.048627756320595,in
2025-01-03T04:24:00,23.193594644591805,in
2025-01-03T04:25:00,23.249401203264217,in
2025-01-03T04:26:00,23.1296106520168,in
2025-01-03T04:27:00,23.32260569162531,in
2025-01-03T04:28:00,23.22597382749045,in
2025-01-03T04:29:00,23.32891483305863,in
2025-01-03T04:30:00,23.246638474224763,in
2025-01-03T04:31:00,23.28089524579198,in
2025-01-03T04:32:00,23.136464187123913,in
2025-01-03T04:33:00,23.143572142840984,in
2025-01-03T04:34:00,23.42868874526455,in
2025-01-03T04:35:00,23.34717351104617,in
2025-01-03T04:36:00,23.105196007166317,in
2025-01-03T04:37:00,23.292540170823255,in
2025-01-03T04:38:00,22.91609003252521,in
2025-01-03T04:39:00,23.192786979406254,in
2025-01-03T04:40:00,23.429729370866063,in
2025-01-03T04:41:00,23.273476120979254,in
2025-01-03T04:42:00,23.316582997110274,in
2025-01-03T04:43:00,22.853062317947412,in
2025-01-03T04:44:00,23.25328001526059,in
2025-01-03T04:45:00,23.36943246377422,in
2025-01-03T04:46:00,23.395033577741223,in
2025-01-03T04:47:00,23.476116688701822,in
2025-01-03T04:48:00,23.306722549951704,in
2025-01-03T04:49:00,23.31988524297571,in
2025-01-03T04:50:00,23.15136280081984,in
2025-01-03T04:51:00,23.326923260189904,in
2025-01-03T04:52:00,23.174760460765324,in
2025-01-03T04:53:00,23.093185462681905,in
2025-01-03T04:54:00,23.213932245870918,in
2025-01-03T04:55:00,23.60932884773513,in
2025-01-03T04:56:00,23.348732560691005,in
2025-01-03T04:57:00,23.42856252413686,in
2025-01-03T04:58:00,23.324794090919994,in
2025-01-03T04:59:00,23.13944679599415,in
2025-01-03T05:00:00,23.554630531112547,in
2025-01-03T05:01:00,23.094541030268232,in
2025-01-03T05:02:00,23.343281996789614,in
2025-01-03T05:03:00,23.424411654721798,in
2025-01-03T05:04:00,23.47325304719178,in
2025-01-03T05:05:00,23.335757483440183,in
2025-01-03T05:06:00,23.175054519566327,in
2025-01-03T05:07:00,23.336577945914485,in
2025-01-03T05:08:00,23.350393705095392,in
2025-01-03T05:09:00,23.35268099459811,in
2025-01-03T05:10:00,23.62006346215139,in
2025-01-03T05:11:00,23.298395838252794,in
2025-01-03T05:12:00,23.531436542120513,in
2025-01-03T05:13:00,23.515859305706087,in
2025-01-03T05:14:00,23.641979703198754,in
2025-01-03T05:15:00,23.483709834197413,in
2025-01-03T05:16:00,23.628088805525177,in
2025-01-03T05:17:00,23.489296948053983,in
2025-01-03T05:18:00,23.58597081018778,in
2025-01-03T05:19:00,23.30102377647797,in
2025-01-03T05:20:00,23.136347174794288,in
2025-01-03T05:21:00,23.594315692181798,in
2025-01-03T05:22:00,23.607926635681324,in
2025-01-03T05:23:00,23.62011063813715,in
2025-01-03T05:24:00,23.475552045700738,in
2025-01-03T05:25:00,23.78322730401732,in
2025-01-03T05:26:00,23.496234641344273,in
2025-01-03T05:27:00,23.633765714712347,in
2025-01-03T05:28:00,23.665216940964054,in
2025-01-03T05:29:00,23.83919017145005,in
2025-01-03T05:30:00,23.539152237613994,in
2025-01-03T05:31:00,23.494025069134874,in
2025-01-03T05:32:00,23.372549212432286,in
2025-01-03T05:33:00,23.835362676381493,in
2025-01-03T05:34:00,23.67092535729172,in
2025-01-03T05:35:00,23.680848374419107,in
2025-01-03T05:36:00,24.08553962494848,in
2025-01-03T05:37:00,23.671904675107967,in
2025-01-03T05:38:00,23.432882825947633,in
2025-01-03T05:39:00,23.603897574074413,in
2025-01-03T05:40:00,23.492086727250683,in
2025-01-03T05:41:00,23.583913616696908,in
2025-01-03T05:42:00,23.58786393683084,in
2025-01-03T05:43:00,23.565125839594316,in
2025-01-03T05:44:00,23.449082769306774,in
2025-01-03T05:45:00,23.901814469655935,in
2025-01-03T05:46:00,23.71259885080009,in
2025-01-03T05:47:00,23.638751506490483,in
2025-01-03T05:48:00,23.79098681031821,in
2025-01-03T05:49:00,23.752738117156195,in
2025-01-03T05:50:00,23.72813650153708,in
2025-01-03T05:51:00,23.79420535432297,in
2025-01-03T05:52:00,23.716186403876648,in
2025-01-03T05:53:00,23.801237668539866,in
2025-01-03T05:54:00,23.81824717383985,in
2025-01-03T05:55:00,23.734231551600814,in
2025-01-03T05:56:00,23.68127542737981,in
2025-01-03T05:57:00,23.948372493220994,in
2025-01-03T05:58:00,23.651573089917036,in
2025-01-03T05:59:00,23.786368050472895,in
2025-01-03T06:00:00,23.79413706917974,in
2025-01-03T06:01:00,23.644963951138738,in
2025-01-03T06:02:00,23.619538034083075,in
2025-01-03T06:03:00,23.691914211015117,in
2025-01-03T06:04:00,23.67540688630245,in
2025-01-03T06:05:00,23.534733927169185,in
2025-01-03T06:06:00,23.65990996294604,in
2025-01-03T06:07:00,23.801714924105955,in
2025-01-03T06:08:00,23.955786723340143,in
2025-01-03T06:09:00,23.853133975202127,in
2025-01-03T06:10:00,23.38409149160091,in
2025-01-03T06:11:00,23.87422984018507,in
2025-01-03T06:12:00,23.698290280492376,in
2025-01-03T06:13:00,23.85391989802544,in
2025-01-03T06:14:00,23.787748434322456,in
2025-01-03T06:15:00,23.764842339152352,in
2025-01-03T06:16:00,23.78225273340401,in
2025-01-03T06:17:00,23.79803283240471,in
2025-01-03T06:18:00,24.006831314513256,in
2025-01-03T06:19:00,23.805961262845972,in
2025-01-03T06:20:00,23.975445994050478,in
2025-01-03T06:21:00,23.95727222752701,in
2025-01-03T06:22:00,23.919979373890634,in
2025-01-03T06:23:00,23.555531264134725,in
2025-01-03T06:24:00,23.994585813709442,in
2025-01-03T06:25:00,23.761937764118557,in
2025-01-03T06:26:00,23.94147924093146,in
2025-01-03T06:27:00,23.691702495311734,in
2025-01-03T06:28:00,23.663248600409393,in
2025-01-03T06:29:00,24.140860253865583,in
2025-01-03T06:30:00,23.704211604996853,in
2025-01-03T06:31:00,24.022997003892897,in
2025-01-03T06:32:00,23.87213075734905,in
2025-01-03T06:33:00,23.794601096989823,in
2025-01-03T06:34:00,23.85411080331452,in
2025-01-03T06:35:00,23.668851564085898,in
2025-01-03T06:36:00,23.865097696053017,in
2025-01-03T06:37:00,23.70785937228763,in
2025-01-03T06:38:00,23.8140278093497,in
2025-01-03T06:39:00,24.015177606440403,in
2025-01-03T06:40:00,23.917513843055467,in
2025-01-03T06:41:00,23.660026455680665,in
2025-01-03T06:42:00,24.013006201221437,in
2025-01-03T06:43:00,23.887113076499197,in
2025-01-03T06:44:00,23.80970936093723,in
2025-01-03T06:45:00,24.005861704576553,in
2025-01-03T06:46:00,23.871566284865846,in
2025-01-03T06:47:00,23.724549051417895,in
2025-01-03T06:48:00,24.179284489307747,in
2025-01-03T06:49:00,23.90219848285291,in
2025-01-03T06:50:00,23.89522612082412,in
2025-01-03T06:51:00,23.849274113154785,in
2025-01-03T06:52:00,24.08960437284471,in
2025-01-03T06:53:00,23.83641094538832,in
2025-01-03T06:54:00,23.685892490914647,in
2025-01-03T06:55:00,23.81829805948746,in
2025-01-03T06:56:00,24.121539581944855,in
2025-01-03T06:57:00,24.04973029712586,in
2025-01-03T06:58:00,23.889008558518267,in
2025-01-03T06:59:00,24.135562918903695,in
2025-01-03T07:00:00,24.044042986901417,in
2025-01-03T07:01:00,23.894103473282694,in
2025-01-03T07:02:00,23.911408802491053,in
2025-01-03T07:03:00,23.987859479205323,in
2025-01-03T07:04:00,23.81580841010242,in
2025-01-03T07:05:00,23.943359899452926,in
2025-01-03T07:06:00,23.991016845487348,in
2025-01-03T07:07:00,23.693713581129614,in
2025-01-03T07:08:00,23.920342081185286,in
2025-01-03T07:09:00,23.905226213212174,in
2025-01-03T07:10:00,24.106802217233913,in
2025-01-03T07:11:00,23.677787663853703,in
2025-01-03T07:12:00,23.899069298512053,in
2025-01-03T07:13:00,23.88582774786448,in
2025-01-03T07:14:00,24.103860053829898,in
2025-01-03T07:15:00,23.955038575401726,in
2025-01-03T07:16:00,24.232668563743182,in
2025-01-03T07:17:00,24.064232802736978,in
2025-01-03T07:18:00,23.904976365999477,in
2025-01-03T07:19:00,24.004030199776427,in
2025-01-03T07:20:00,23.916505184618995,in
2025-01-03T07:21:00,24.10002153168972,in
2025-01-03T07:22:00,23.77274154608081,in
2025-01-03T07:23:00,23.850438336634763,in
2025-01-03T07:24:00,24.043730168973514,in
2025-01-03T07:25:00,24.160586488244064,in
2025-01-03T07:26:00,23.647736437302953,in
2025-01-03T07:27:00,24.1854734560379,in
2025-01-03T07:28:00,23.95951586821894,in
2025-01-03T07:29:00,23.69915055048319,in
2025-01-03T07:30:00,23.532630546464222,in
2025-01-03T07:31:00,23.754601989488187,in
2025-01-03T07:32:00,23.982136574905834,in
2025-01-03T07:33:00,23.97625220823852,in
2025-01-03T07:34:00,24.08212377655957,in
2025-01-03T07:35:00,23.905689599810497,in
2025-01-03T07:36:00,23.82283770876962,in
2025-01-03T07:37:00,23.927974078352687,in
2025-01-03T07:38:00,23.995833939771092,in
2025-01-03T07:39:00,24.026225774392614,in
2025-01-03T07:40:00,23.87401469129263,in
2025-01-03T07:41:00,24.128348010045826,in
2025-01-03T07:42:00,23.90062515170765,in
2025-01-03T07:43:00,23.864042765850236,in
2025-01-03T07:44:00,23.913769374099402,in
2025-01-03T07:45:00,24.156943872832596,in
2025-01-03T07:46:00,23.976350128902638,in
2025-01-03T07:47:00,23.89260631565423,in
2025-01-03T07:48:00,24.13617523207643,in
2025-01-03T07:49:00,24.319109053962215,in
2025-01-03T07:50:00,24.029548838310056,in
2025-01-03T07:51:00,24.183534441611258,in
2025-01-03T07:52:00,24.154193346624407,in
2025-01-03T07:53:00,23.908221218924673,in
2025-01-03T07:54:00,24.003309777022547,in
2025-01-03T07:55:00,23.80714235970422,in
2025-01-03T07:56:00,23.968954050358537,in
2025-01-03T07:57:00,23.905900099779156,in
2025-01-03T07:58:00,23.939490952552,in
2025-01-03T07:59:00,23.887496706734417,in
2025-01-03T08:00:00,23.956935478770664,in
2025-01-03T08:01:00,24.079815864381207,in
2025-01-03T08:02:00,23.982000059562345,in
2025-01-03T08:03:00,23.720172675484708,in
2025-01-03T08:04:00,23.887777305578012,in
2025-01-03T08:05:00,23.77161415127608,in
2025-01-03T08:06:00,24.035923683848377,in
2025-01-03T08:07:00,24.074564786281552,in
2025-01-03T08:08:00,24.037263887316314,in
2025-01-03T08:09:00,23.880347413486536,in
2025-01-03T08:10:00,24.035124532533395,in
2025-01-03T08:11:00,23.92717963460457,in
2025-01-03T08:12:00,23.82652525204661,in
2025-01-03T08:13:00,24.108072829071038,in
2025-01-03T08:14:00,24.1189737599023,in
2025-01-03T08:15:00,24.13805216863973,in
2025-01-03T08:16:00,23.90387581051478,in
2025-01-03T08:17:00,24.17140471710293,in
2025-01-03T08:18:00,23.919797329767047,in
2025-01-03T08:19:00,24.091156203226298,in
2025-01-03T08:20:00,23.91575249691849,in
2025-01-03T08:21:00,23.95801253058746,in
2025-01-03T08:22:00,23.627615718125977,in
2025-01-03T08:23:00,23.944650054339288,in
2025-01-03T08:24:00,24.0027072857543,in
2025-01-03T08:25:00,23.926605233840064,in
2025-01-03T08:26:00,24.250571921565946,in
2025-01-03T08:27:00,23.81176700111106,in
2025-01-03T08:28:00,23.900555117717055,in
2025-01-03T08:29:00,23.848279007861553,in
2025-01-03T08:30:00,23.8983231758983,in
2025-01-03T08:31:00,24.13644375421487,in
2025-01-03T08:32:00,24.202240906632188,in
2025-01-03T08:33:00,23.8741838820015,in
2025-01-03T08:34:00,23.869580595315355,in
2025-01-03T08:35:00,23.803153723646435,in
2025-01-03T08:36:00,24.171319489168173,in
2025-01-03T08:37:00,24.14214339415791,in
2025-01-03T08:38:00,23.956673933076143,in
2025-01-03T08:39:00,23.761697238670124,in
2025-01-03T08:40:00,23.77361612120598,in
2025-01-03T08:41:00,23.99367581285027,in
2025-01-03T08:42:00,24.048910502894884,in
2025-01-03T08:43:00,23.654979074697845,in
2025-01-03T08:44:00,23.915057880314645,in
2025-01-03T08:45:00,24.204314944240068,in
2025-01-03T08:46:00,23.927223028247116,in
2025-01-03T08:47:00,24.181536658587763,in
2025-01-03T08:48:00,24.053652120810963,in
2025-01-03T08:49:00,23.791820272800052,in
2025-01-03T08:50:00,23.908691320237086,in
2025-01-03T08:51:00,23.93138050523532,in
2025-01-03T08:52:00,23.805863394356443,in
2025-01-03T08:53:00,23.801278313499257,in
2025-01-03T08:54:00,24.170755129613138,in
2025-01-03T08:55:00,23.79608004667258,in
2025-01-03T08:56:00,24.102356864013295,in
2025-01-03T08:57:00,23.872989147658757,in
2025-01-03T08:58:00,23.93244938127374,in
2025-01-03T08:59:00,24.01836854056367,in
2025-01-03T09:00:00,23.842067851642433,in
2025-01-03T09:01:00,24.014760294681807,in
2025-01-03T09:02:00,23.62029645148499,in
2025-01-03T09:03:00,23.99086658116949,in
2025-01-03T09:04:00,23.552243873190893,in
2025-01-03T09:05:00,23.886072699767087,in
2025-01-03T09:06:00,24.04577591753416,in
2025-01-03T09:07:00,24.008487017518387,in
2025-01-03T09:08:00,23.71784794008178,in
2025-01-03T09:09:00,23.734590229500345,in
2025-01-03T09:10:00,23.80413309544806,in
2025-01-03T09:11:00,23.93272397864028,in
2025-01-03T09:12:00,23.597323054083752,in
2025-01-03T09:13:00,23.897414716026468,in
2025-01-03T09:14:00,23.943361716482407,in
2025-01-03T09:15:00,23.851404681859567,in
2025-01-03T09:16:00,23.969835296406593,in
2025-01-03T09:17:00,23.9217366645345,in
2025-01-03T09:18:00,23.804034843274522,in
2025-01-03T09:19:00,23.591923626473818,in
2025-01-03T09:20:00,23.899397203807442,in
2025-01-03T09:21:00,23.733421367060473,in
2025-01-03T09:22:00,23.786592984767566,in
2025-01-03T09:23:00,23.942139052066487,in
2025-01-03T09:24:00,24.079760860509555,in
2025-01-03T09:25:00,23.858306720049296,in
2025-01-03T09:26:00,23.94394486143093,in
2025-01-03T09:27:00,23.640947204570914,in
2025-01-03T09:28:00,23.89119624628283,in
2025-01-03T09:29:00,23.84209511738356,in
2025-01-03T09:30:00,24.0321432021165,in
2025-01-03T09:31:00,23.76333317193659,in
2025-01-03T09:32:00,23.804764064330524,in
2025-01-03T09:33:00,23.996404590367714,in
2025-01-03T09:34:00,23.82031507991105,in
2025-01-03T09:35:00,23.664296751045804,in
2025-01-03T09:36:00,24.20983590627872,in
2025-01-03T09:37:00,23.661735172653668,in
2025-01-03T09:38:00,23.81021752952066,in
2025-01-03T09:39:00,23.868289571054003,in
2025-01-03T09:40:00,23.85275820042797,in
2025-01-03T09:41:00,23.78044873530778,in
2025-01-03T09:42:00,23.777456513120775,in
2025-01-03T09:43:00,23.766156698701984,in
2025-01-03T09:44:00,23.63019801380963,in
2025-01-03T09:45:00,24.116278365228787,in
2025-01-03T09:46:00,23.756870085547046,in
2025-01-03T09:47:00,23.875497535745737,in
2025-01-03T09:48:00,23.731815119724494,in
2025-01-03T09:49:00,23.724819732118153,in
2025-01-03T09:50:00,23.705705116955997,in
2025-01-03T09:51:00,23.5374984067277,in
2025-01-03T09:52:00,23.74180201469974,in
2025-01-03T09:53:00,23.700730328262857,in
2025-01-03T09:54:00,23.93336290170165,in
2025-01-03T09:55:00,23.57394849377734,in
2025-01-03T09:56:00,23.662667337645562,in
2025-01-03T09:57:00,23.610225944132484,in
2025-01-03T09:58:00,23.95709095098157,in
2025-01-03T09:59:00,23.605986362250086,in
2025-01-03T10:00:00,23.8163957842778,in
2025-01-03T10:01:00,23.87319523141969,in
2025-01-03T10:02:00,23.70133988417074,in
2025-01-03T10:03:00,23.512291172861836,in
2025-01-03T10:04:00,23.509711522589672,in
2025-01-03T10:05:00,23.838788351065304,in
2025-01-03T10:06:00,23.516191225888207,in
2025-01-03T10:07:00,23.759508441650112,in
2025-01-03T10:08:00,23.713248558785942,in
2025-01-03T10:09:00,23.748025516054604,in
2025-01-03T10:10:00,23.757520612802654,in
2025-01-03T10:11:00,23.5420274082661,in
2025-01-03T10:12:00,23.53101190903864,in
2025-01-03T10:13:00,23.77981138181058,in
2025-01-03T10:14:00,23.573369952549676,in
2025-01-03T10:15:00,23.25041695080432,in
2025-01-03T10:16:00,23.75538843979266,in
2025-01-03T10:17:00,23.49774030504406,in
2025-01-03T10:18:00,23.71832275892982,in
2025-01-03T10:19:00,23.852217153281874,in
2025-01-03T10:20:00,23.640818457167278,in
2025-01-03T10:21:00,23.782647985072888,in
2025-01-03T10:22:00,23.651300688793068,in
2025-01-03T10:23:00,23.861262363151198,in
2025-01-03T10:24:00,23.458717922436332,in
2025-01-03T10:25:00,23.611656961472494,in
2025-01-03T10:26:00,23.708687961990655,in
2025-01-03T10:27:00,23.573945861830612,in
2025-01-03T10:28:00,23.77010386959249,in
2025-01-03T10:29:00,23.52719807414263,in
2025-01-03T10:30:00,23.897112353326804,in
2025-01-03T10:31:00,23.899708773128523,in
2025-01-03T10:32:00,23.618332306647538,in
2025-01-03T10:33:00,23.653524038814684,in
2025-01-03T10:34:00,23.743967029048527,in
2025-01-03T10:35:00,23.381689356340658,in
2025-01-03T10:36:00,23.357491920727274,in
2025-01-03T10:37:00,23.73724812524302,in
2025-01-03T10:38:00,23.584347437706388,in
2025-01-03T10:39:00,23.50370787724995,in
2025-01-03T10:40:00,23.53375738167013,in
2025-01-03T10:41:00,23.16855871871045,in
2025-01-03T10:42:00,23.49222758403151,in
2025-01-03T10:43:00,23.402172957889118,in
2025-01-03T10:44:00,23.64712990548781,in
2025-01-03T10:45:00,23.652934231715555,in
2025-01-03T10:46:00,23.58441347669749,in
2025-01-03T10:47:00,23.55143354744327,in
2025-01-03T10:48:00,23.261687638646748,in
2025-01-03T10:49:00,23.569032716973197,in
2025-01-03T10:50:00,23.568964365448753,in
2025-01-03T10:51:00,23.655423916936684,in
2025-01-03T10:52:00,23.780438875102874,in
2025-01-03T10:53:00,23.20285783872906,in
2025-01-03T10:54:00,23.392477218181845,in
2025-01-03T10:55:00,23.333387928545864,in
2025-01-03T10:56:00,23.464555678935064,in
2025-01-03T10:57:00,23.434614165582015,in
2025-01-03T10:58:00,23.391388587346345,in
2025-01-03T10:59:00,23.57451140545675,in
2025-01-03T11:00:00,23.24900143069598,in
2025-01-03T11:01:00,23.251861228803048,in
2025-01-03T11:02:00,23.248184737934995,in
2025-01-03T11:03:00,23.341531781569465,in
2025-01-03T11:04:00,23.205028208531218,in
2025-01-03T11:05:00,23.37574038824465,in
2025-01-03T11:06:00,23.351885622192878,in
2025-01-03T11:07:00,23.252388713552854,in
2025-01-03T11:08:00,23.49506165823343,in
2025-01-03T11:09:00,23.348676411822876,in
2025-01-03T11:10:00,23.510577519836094,in
2025-01-03T11:11:00,23.31547613718867,in
2025-01-03T11:12:00,23.334631979483014,in
2025-01-03T11:13:00,23.247345971299413,in
2025-01-03T11:14:00,23.324183115351154,in
2025-01-03T11:15:00,23.425526326119947,in
2025-01-03T11:16:00,23.250417923140468,in
2025-01-03T11:17:00,23.383281299305647,in
2025-01-03T11:18:00,23.176984052503506,in
2025-01-03T11:19:00,23.406105544114258,in
2025-01-03T11:20:00,23.19858934527629,in
2025-01-03T11:21:00,23.40662998494553,in
2025-01-03T11:22:00,23.281302921920577,in
2025-01-03T11:23:00,23.493553717133693,in
2025-01-03T11:24:00,23.085530623161546,in
2025-01-03T11:25:00,23.03042042837134,in
2025-01-03T11:26:00,23.152596686378907,in
2025-01-03T11:27:00,23.030496256414523,in
2025-01-03T11:28:00,23.023912716487075,in
2025-01-03T11:29:00,23.31766717413788,in
2025-01-03T11:30:00,23.216896039005544,in
2025-01-03T11:31:00,23.138635829580153,in
2025-01-03T11:32:00,23.145585656708285,in
2025-01-03T11:33:00,23.10706355149237,in
2025-01-03T11:34:00,23.437200948675542,in
2025-01-03T11:35:00,23.07229344058071,in
2025-01-03T11:36:00,22.97725041987245,in
2025-01-03T11:37:00,23.28790692389782,in
2025-01-03T11:38:00,23.129042567919708,in
2025-01-03T11:39:00,23.46010643339715,in
2025-01-03T11:40:00,23.068222026882975,in
2025-01-03T11:41:00,23.266891152156127,in
2025-01-03T11:42:00,23.29514207343956,in
2025-01-03T11:43:00,23.04740948055984,in
2025-01-03T11:44:00,23.00694769175514,in
2025-01-03T11:45:00,23.22234544567884,in
2025-01-03T11:46:00,23.190107758311207,in
2025-01-03T11:47:00,22.88499494393319,in
2025-01-03T11:48:00,22.920012724584346,in
2025-01-03T11:49:00,22.70148444199379,in
2025-01-03T11:50:00,23.16390724479047,in
2025-01-03T11:51:00,23.027954952860863,in
2025-01-03T11:52:00,23.03551596532012,in
2025-01-03T11:53:00,22.79871123264846,in
2025-01-03T11:54:00,22.8802817764685,in
2025-01-03T11:55:00,22.96585267943591,in
2025-01-03T11:56:00,22.929227309797938,in
2025-01-03T11:57:00,23.040261583481747,in
2025-01-03T11:58:00,23.102596944916183,in
2025-01-03T11:59:00,23.34798983948383,in
2025-01-03T12:00:00,22.99699744549536,in
2025-01-03T12:01:00,23.159743406814957,in
2025-01-03T12:02:00,22.86035120365997,in
2025-01-03T12:03:00,22.72600053574761,in
2025-01-03T12:04:00,22.916773993486157,in
2025-01-03T12:05:00,22.72231928015764,in
2025-01-03T12:06:00,22.956518495594583,in
2025-01-03T12:07:00,22.829571215693388,in
2025-01-03T12:08:00,22.645802417558595,in
2025-01-03T12:09:00,23.191632812529253,in
2025-01-03T12:10:00,22.84286296950426,in
2025-01-03T12:11:00,22.670104934792285,in
2025-01-03T12:12:00,23.04270676805519,in
2025-01-03T12:13:00,22.79090472769398,in
2025-01-03T12:14:00,23.055920531273216,in
2025-01-03T12:15:00,22.774568230236298,in
2025-01-03T12:16:00,22.79560764003874,in
2025-01-03T12:17:00,22.920615271230393,in
2025-01-03T12:18:00,22.95000510072221,in
2025-01-03T12:19:00,22.968410040404006,in
2025-01-03T12:20:00,22.831775352672,in
2025-01-03T12:21:00,22.916611983308044,in
2025-01-03T12:22:00,22.94123077635099,in
2025-01-03T12:23:00,22.851523076011983,in
2025-01-03T12:24:00,22.792074569161958,in
2025-01-03T12:25:00,22.588699137482806,in
2025-01-03T12:26:00,22.88737426136749,in
2025-01-03T12:27:00,22.79581376763971,in
2025-01-03T12:28:00,22.719419879125944,in
2025-01-03T12:29:00,22.965086877812393,in
2025-01-03T12:30:00,22.551191819793186,in
2025-01-03T12:31:00,23.003902682009603,in
2025-01-03T12:32:00,22.745872195036657,in
2025-01-03T12:33:00,22.78874260179511,in
2025-01-03T12:34:00,22.673745836269056,in
2025-01-03T12:35:00,22.474815139688907,in
2025-01-03T12:36:00,22.695794414320734,in
2025-01-03T12:37:00,22.758793812029353,in
2025-01-03T12:38:00,22.801848579479326,in
2025-01-03T12:39:00,22.662529134389153,in
2025-01-03T12:40:00,22.355159310470675,in
2025-01-03T12:41:00,22.44458423431926,in
2025-01-03T12:42:00,22.975416662032035,in
2025-01-03T12:43:00,22.495500892959758,in
2025-01-03T12:44:00,22.865193727650198,in
2025-01-03T12:45:00,22.502765919993685,in
2025-01-03T12:46:00,22.607240926351004,in
2025-01-03T12:47:00,22.720108851907487,in
2025-01-03T12:48:00,22.495004821762766,in
2025-01-03T12:49:00,22.84856086841988,in
2025-01-03T12:50:00,22.61277085271881,in
2025-01-03T12:51:00,22.662210776896092,in
2025-01-03T12:52:00,22.544602358242606,in
2025-01-03T12:53:00,22.675200579320745,in
2025-01-03T12:54:00,22.804849600385324,in
2025-01-03T12:55:00,22.539965137418505,in
2025-01-03T12:56:00,22.810731630246387,in
2025-01-03T12:57:00,22.451141528473283,in
2025-01-03T12:58:00,22.649091158059274,in
2025-01-03T12:59:00,22.59942957935241,in
2025-01-03T13:00:00,22.35735077930269,in
2025-01-03T13:01:00,22.54127535210666,in
2025-01-03T13:02:00,22.50186489878644,in
2025-01-03T13:03:00,22.364327759616458,in
2025-01-03T13:04:00,22.537544156328455,in
2025-01-03T13:05:00,22.497315216568627,in
2025-01-03T13:06:00,22.45600268561573,in
2025-01-03T13:07:00,22.44811416148603,in
2025-01-03T13:08:00,22.436400569849187,in
2025-01-03T13:09:00,22.386239926856053,in
2025-01-03T13:10:00,22.453854342128455,in
2025-01-03T13:11:00,22.327768212458327,in
2025-01-03T13:12:00,22.81434480535602,in
2025-01-03T13:13:00,22.19588351546056,in
2025-01-03T13:14:00,22.31102545724923,in
2025-01-03T13:15:00,22.314319328345718,in
2025-01-03T13:16:00,22.687692002901773,in
2025-01-03T13:17:00,22.175027874520847,in
2025-01-03T13:18:00,22.428359395682214,in
2025-01-03T13:19:00,22.393146200704667,in
2025-01-03T13:20:00,22.39733670103504,in
2025-01-03T13:21:00,22.524150482089695,in
2025-01-03T13:22:00,22.512469615683422,in
2025-01-03T13:23:00,22.253841607229635,in
2025-01-03T13:24:00,22.341971547504563,in
2025-01-03T13:25:00,22.02463146755701,in
2025-01-03T13:26:00,22.31048277353751,in
2025-01-03T13:27:00,22.167886829807575,in
2025-01-03T13:28:00,22.250388838026055,in
2025-01-03T13:29:00,22.016896080824942,in
2025-01-03T13:30:00,22.321783227447966,in
2025-01-03T13:31:00,21.997912633935318,in
2025-01-03T13:32:00,22.265981377829036,in
2025-01-03T13:33:00,22.051098955962296,in
2025-01-03T13:34:00,22.09896027226543,in
2025-01-03T13:35:00,22.390943565085703,in
2025-01-03T13:36:00,22.297244618422354,in
2025-01-03T13:37:00,22.372756593874733,in
2025-01-03T13:38:00,22.425650574915643,in
2025-01-03T13:39:00,22.067077431255843,in
2025-01-03T13:40:00,22.39915723486145,in
2025-01-03T13:41:00,21.945790566597577,in
2025-01-03T13:42:00,22.268833241637427,in
2025-01-03T13:43:00,22.074216323200805,in
2025-01-03T13:44:00,21.999967926092356,in
2025-01-03T13:45:00,22.222976738555957,in
2025-01-03T13:46:00,22.263839807845095,in
2025-01-03T13:47:00,22.25067583312374,in
2025-01-03T13:48:00,22.13690089582011,in
2025-01-03T13:49:00,22.11574985224207,in
2025-01-03T13:50:00,22.16626876258566,in
2025-01-03T13:51:00,22.124084242845715,in
2025-01-03T13:52:00,22.151002369342898,in
2025-01-03T13:53:00,22.091676945586258,in
2025-01-03T13:54:00,22.178771470291704,in
2025-01-03T13:55:00,21.79954859908656,in
2025-01-03T13:56:00,22.01521379161161,in
2025-01-03T13:57:00,21.818602217065855,in
2025-01-03T13:58:00,22.05895837363748,in
2025-01-03T13:59:00,22.25501614494755,in
2025-01-03T14:00:00,21.928887282707954,in
2025-01-03T14:01:00,22.01036118597509,in
2025-01-03T14:02:00,22.0960199362415,in
2025-01-03T14:03:00,21.663662369092332,in
2025-01-03T14:04:00,21.886778614803806,in
2025-01-03T14:05:00,22.011047578821806,in
2025-01-03T14:06:00,21.513096894535664,in
2025-01-03T14:07:00,21.792401699619113,in
2025-01-03T14:08:00,22.095329702602193,in
2025-01-03T14:09:00,22.07192990354947,in
2025-01-03T14:10:00,21.968908959374847,in
2025-01-03T14:11:00,22.03637338894879,in
2025-01-03T14:12:00,21.927593722677333,in
2025-01-03T14:13:00,21.969923660989593,in
2025-01-03T14:14:00,21.830554864604196,in
2025-01-03T14:15:00,21.886565643978027,in
2025-01-03T14:16:00,21.76563149454938,in
2025-01-03T14:17:00,22.041305521236552,in
2025-01-03T14:18:00,22.071315719969643,in
2025-01-03T14:19:00,22.041370505080156,in
2025-01-03T14:20:00,21.764472200253003,in
2025-01-03T14:21:00,21.673930656768434,in
2025-01-03T14:22:00,21.99985454407208,in
2025-01-03T14:23:00,21.881209957164558,in
2025-01-03T14:24:00,21.84023072469324,in
2025-01-03T14:25:00,21.6872214375543,in
2025-01-03T14:26:00,21.8374431443597,in
2025-01-03T14:27:00,21.60213349613504,in
2025-01-03T14:28:00,21.85137066660156,in
2025-01-03T14:29:00,21.954435066669273,in
2025-01-03T14:30:00,21.983604447146096,in
2025-01-03T14:31:00,21.83657674756903,in
2025-01-03T14:32:00,21.514350565636704,in
2025-01-03T14:33:00,21.742614275659548,in
2025-01-03T14:34:00,22.02533343934944,in
2025-01-03T14:35:00,21.565461489053824,in
2025-01-03T14:36:00,21.67825383398301,in
2025-01-03T14:37:00,21.890543521562495,in
2025-01-03T14:38:00,21.762474876589685,in
2025-01-03T14:39:00,22.03332444097472,in
2025-01-03T14:40:00,21.54277323718185,in
2025-01-03T14:41:00,21.495649541191195,in
2025-01-03T14:42:00,21.819147764390983,in
2025-01-03T14:43:00,21.447570133741802,in
2025-01-03T14:44:00,21.58886681092428,in
2025-01-03T14:45:00,21.59997237423881,in
2025-01-03T14:46:00,21.756662552173495,in
2025-01-03T14:47:00,21.684856692923432,in
2025-01-03T14:48:00,21.652736355491015,in
2025-01-03T14:49:00,21.515280024001857,in
2025-01-03T14:50:00,21.749371374986087,in
2025-01-03T14:51:00,22.16247873636609,in
2025-01-03T14:52:00,21.653790206150706,in
2025-01-03T14:53:00,21.5565500492872,in
2025-01-03T14:54:00,21.338429826639366,in
2025-01-03T14:55:00,21.42900599795008,in
2025-01-03T14:56:00,21.48409967370857,in
2025-01-03T14:57:00,21.427503377901946,in
2025-01-03T14:58:00,21.49682831671209,in
2025-01-03T14:59:00,21.75749851511004,in
2025-01-03T15:00:00,21.669436947400346,in
2025-01-03T15:01:00,21.45011266361381,in
2025-01-03T15:02:00,21.28428125614361,in
2025-01-03T15:03:00,21.657724246705214,in
2025-01-03T15:04:00,21.4413671473468,in
2025-01-03T15:05:00,21.181366908097665,in
2025-01-03T15:06:00,21.538833828366112,in
2025-01-03T15:07:00,21.577460466366848,in
2025-01-03T15:08:00,21.051370329814326,in
2025-01-03T15:09:00,21.283233653728924,in
2025-01-03T15:10:00,21.382020299295295,in
2025-01-03T15:11:00,21.50044803864027,in
2025-01-03T15:12:00,21.304604023556486,in
2025-01-03T15:13:00,21.248851101736413,in
2025-01-03T15:14:00,21.47446607464186,in
2025-01-03T15:15:00,21.286872713396555,in
2025-01-03T15:16:00,21.430171888667992,in
2025-01-03T15:17:00,21.173891361228236,in
2025-01-03T15:18:00,21.129536328647003,in
2025-01-03T15:19:00,21.43745693762891,in
2025-01-03T15:20:00,21.353837699896246,in
2025-01-03T15:21:00,21.446134245830446,in
2025-01-03T15:22:00,21.21969628734285,in
2025-01-03T15:23:00,21.172152128632604,in
2025-01-03T15:24:00,21.48737193404054,in
2025-01-03T15:25:00,21.046680108833428,in
2025-01-03T15:26:00,21.454716652928504,in
2025-01-03T15:27:00,21.456960831102684,in
2025-01-03T15:28:00,21.379800240308086,in
2025-01-03T15:29:00,21.139531637743573,in
2025-01-03T15:30:00,21.11215455976102,in
2025-01-03T15:31:00,21.195069710776632,in
2025-01-03T15:32:00,21.024281791496744,in
2025-01-03T15:33:00,21.066258187418427,in
2025-01-03T15:34:00,21.299212005875866,in
2025-01-03T15:35:00,21.291908987416154,in
2025-01-03T15:36:00,21.029090489868157,in
2025-01-03T15:37:00,21.27998058506806,in
2025-01-03T15:38:00,21.238759010548495,in
2025-01-03T15:39:00,21.389163463111707,in
2025-01-03T15:40:00,21.240133942798728,in
2025-01-03T15:41:00,21.305649678257243,in
2025-01-03T15:42:00,21.210539445022945,in
2025-01-03T15:43:00,21.278098851645744,in
2025-01-03T15:44:00,20.93019013293668,in
2025-01-03T15:45:00,21.09716095099536,in
2025-01-03T15:46:00,21.10175695854625,in
2025-01-03T15:47:00,21.06324062588484,in
2025-01-03T15:48:00,21.15860199506842,in
2025-01-03T15:49:00,21.179409117940452,in
2025-01-03T15:50:00,21.135341335090605,in
2025-01-03T15:51:00,21.042229377166578,in
2025-01-03T15:52:00,20.950697362451457,in
2025-01-03T15:53:00,21.21793857675375,in
2025-01-03T15:54:00,21.09814240197286,in
2025-01-03T15:55:00,20.885230383401314,in
2025-01-03T15:56:00,21.001327628259883,in
2025-01-03T15:57:00,20.761262565349984,in
2025-01-03T15:58:00,21.020458471945187,in
2025-01-03T15:59:00,20.977810001259797,in
2025-01-03T16:00:00,20.9138299574467,in
2025-01-03T16:01:00,21.230142074379476,in
2025-01-03T16:02:00,20.811500156147275,in
2025-01-03T16:03:00,21.083372770598245,in
2025-01-03T16:04:00,21.297930074319677,in
2025-01-03T16:05:00,21.124043669236464,in
2025-01-03T16:06:00,20.95027205325344,in
2025-01-03T16:07:00,20.77746185678276,in
2025-01-03T16:08:00,20.73585214504592,in
2025-01-03T16:09:00,20.871038213925146,in
2025-01-03T16:10:00,20.82235067321927,in
2025-01-03T16:11:00,20.810119020920297,in
2025-01-03T16:12:00,20.861774911649263,in
2025-01-03T16:13:00,20.88807647702732,in
2025-01-03T16:14:00,20.968907821522677,in
2025-01-03T16:15:00,20.703190101041436,in
2025-01-03T16:16:00,20.779277623638553,in
2025-01-03T16:17:00,20.850439332186493,in
2025-01-03T16:18:00,20.837864747136845,in
2025-01-03T16:19:00,21.135470030919407,in
2025-01-03T16:20:00,20.887684116206486,in
2025-01-03T16:21:00,20.60367114813162,in
2025-01-03T16:22:00,20.90132129281614,in
2025-01-03T16:23:00,20.913350227136732,in
2025-01-03T16:24:00,20.80566029117834,in
2025-01-03T16:25:00,20.635371202111454,in
2025-01-03T16:26:00,21.074062630794334,in
2025-01-03T16:27:00,20.642868211821497,in
2025-01-03T16:28:00,20.895485784658295,in
2025-01-03T16:29:00,20.819419603273804,in
2025-01-03T16:30:00,20.872598724337028,in
2025-01-03T16:31:00,21.0315941285562,in
2025-01-03T16:32:00,20.85292288016984,in
2025-01-03T16:33:00,20.678012467323807,in
2025-01-03T16:34:00,20.920869567993957,in
2025-01-03T16:35:00,20.653488138125265,in
2025-01-03T16:36:00,20.765892919609616,in
2025-01-03T16:37:00,20.5406268016726,in
2025-01-03T16:38:00,20.572851375343962,in
2025-01-03T16:39:00,20.72882999660426,in
2025-01-03T16:40:00,20.769637786914053,in
2025-01-03T16:41:00,20.452393447310417,in
2025-01-03T16:42:00,20.775697008539733,in
2025-01-03T16:43:00,20.57156614858481,in
2025-01-03T16:44:00,20.879835144369665,in
2025-01-03T16:45:00,20.628513705476188,in
2025-01-03T16:46:00,20.50621656313603,in
2025-01-03T16:47:00,20.67960735169222,in
2025-01-03T16:48:00,20.524303537120478,in
2025-01-03T16:49:00,20.84560815634563,in
2025-01-03T16:50:00,20.64889911589865,in
2025-01-03T16:51:00,20.619647015470125,in
2025-01-03T16:52:00,20.724773432714656,in
2025-01-03T16:53:00,20.47889190346724,in
2025-01-03T16:54:00,20.429917800313213,in
2025-01-03T16:55:00,20.678226625351705,in
2025-01-03T16:56:00,20.445732652880686,in
2025-01-03T16:57:00,20.439417557254224,in
2025-01-03T16:58:00,20.72369487608343,in
2025-01-03T16:59:00,20.670730167585656,in
2025-01-03T17:00:00,20.397712006258967,in
2025-01-03T17:01:00,20.486758842312227,in
2025-01-03T17:02:00,20.43793936829969,in
2025-01-03T17:03:00,20.83384400785678,in
2025-01-03T17:04:00,20.69722196345829,in
2025-01-03T17:05:00,20.492145348979697,in
2025-01-03T17:06:00,20.635680461376946,in
2025-01-03T17:07:00,20.33983013234558,in
2025-01-03T17:08:00,20.43639567408324,in
2025-01-03T17:09:00,20.54708447101991,in
2025-01-03T17:10:00,20.59327993875164,in
2025-01-03T17:11:00,20.504944876199318,in
2025-01-03T17:12:00,20.550912375652345,in
2025-01-03T17:13:00,20.519635718869573,in
2025-01-03T17:14:00,20.477551948118652,in
2025-01-03T17:15:00,20.451898546213414,in
2025-01-03T17:16:00,20.426641108652788,in
2025-01-03T17:17:00,20.519660657526188,in
2025-01-03T17:18:00,20.54081040717986,in
2025-01-03T17:19:00,20.50328893553277,in
2025-01-03T17:20:00,20.29112155626189,in
2025-01-03T17:21:00,20.312477158181604,in
2025-01-03T17:22:00,20.51658310411677,in
2025-01-03T17:23:00,20.67196570693626,in
2025-01-03T17:24:00,20.46857039631987,in
2025-01-03T17:25:00,20.37848077194269,in
2025-01-03T17:26:00,20.46843475461159,in
2025-01-03T17:27:00,20.258842924861497,in
2025-01-03T17:28:00,20.620319966267026,in
2025-01-03T17:29:00,20.446609974188515,in
2025-01-03T17:30:00,20.31287473743595,in
2025-01-03T17:31:00,20.382976675016828,in
2025-01-03T17:32:00,20.323673545095872,in
2025-01-03T17:33:00,20.594242871140406,in
2025-01-03T17:34:00,20.361950265348504,in
2025-01-03T17:35:00,20.410415653382373,in
2025-01-03T17:36:00,20.4680249797478,in
2025-01-03T17:37:00,20.265737045505297,in
2025-01-03T17:38:00,20.400825383207636,in
2025-01-03T17:39:00,20.407882225085775,in
2025-01-03T17:40:00,20.128584088268926,in
2025-01-03T17:41:00,20.39461059743231,in
2025-01-03T17:42:00,20.344883313014503,in
2025-01-03T17:43:00,20.366315445563025,in
2025-01-03T17:44:00,20.347269311913504,in
2025-01-03T17:45:00,20.375936256337422,in
2025-01-03T17:46:00,20.53282983971709,in
2025-01-03T17:47:00,20.150501576491713,in
2025-01-03T17:48:00,20.27133601378409,in
2025-01-03T17:49:00,20.417914768415645,in
2025-01-03T17:50:00,20.385355988533416,in
2025-01-03T17:51:00,20.377455189593366,in
2025-01-03T17:52:00,20.71694039003815,in
2025-01-03T17:53:00,20.391415878626383,in
2025-01-03T17:54:00,20.464360340730074,in
2025-01-03T17:55:00,20.244115449826232,in
2025-01-03T17:56:00,20.136728542511182,in
2025-01-03T17:57:00,20.234039562612047,in
2025-01-03T17:58:00,20.38353570481846,in
2025-01-03T17:59:00,20.333353167815588,in
2025-01-03T18:00:00,20.328436898020957,in
2025-01-03T18:01:00,20.231450713002147,in
2025-01-03T18:02:00,20.203218215298254,in
2025-01-03T18:03:00,20.228029399210413,in
2025-01-03T18:04:00,20.359431903245987,in
2025-01-03T18:05:00,20.37265560281055,in
2025-01-03T18:06:00,20.091429527225387,in
2025-01-03T18:07:00,20.352569907503945,in
2025-01-03T18:08:00,20.136496629668713,in
2025-01-03T18:09:00,20.300362972850074,in
2025-01-03T18:10:00,20.197183472274183,in
2025-01-03T18:11:00,20.456833999414375,in
2025-01-03T18:12:00,20.155275757276094,in
2025-01-03T18:13:00,20.240833889311943,in
2025-01-03T18:14:00,20.30112025042986,in
2025-01-03T18:15:00,20.075160689416194,in
2025-01-03T18:16:00,20.191483349087626,in
2025-01-03T18:17:00,20.158615788661354,in
2025-01-03T18:18:00,20.117757408789384,in
2025-01-03T18:19:00,20.12513125886878,in
2025-01-03T18:20:00,20.354186615647222,in
2025-01-03T18:21:00,20.093931042135786,in
2025-01-03T18:22:00,20.265038640647656,in
2025-01-03T18:23:00,20.223665163150496,in
2025-01-03T18:24:00,19.963362067348523,in
2025-01-03T18:25:00,20.24725245752507,in
2025-01-03T18:26:00,19.9538528697661,in
2025-01-03T18:27:00,20.256631353926977,in
2025-01-03T18:28:00,20.082911546625496,in
2025-01-03T18:29:00,20.156853144647567,in
2025-01-03T18:30:00,19.95809894253348,in
2025-01-03T18:31:00,20.16727634050559,in
2025-01-03T18:32:00,20.284674853562016,in
2025-01-03T18:33:00,20.021336080052755,in
2025-01-03T18:34:00,20.04808980111435,in
2025-01-03T18:35:00,20.20417741496953,in
2025-01-03T18:36:00,20.20478189555264,in
2025-01-03T18:37:00,19.764602685866702,in
2025-01-03T18:38:00,20.42896657607062,in
2025-01-03T18:39:00,20.202900350687283,in
2025-01-03T18:40:00,20.22515255779613,in
2025-01-03T18:41:00,20.096116902487957,in
2025-01-03T18:42:00,19.836413991532805,in
2025-01-03T18:43:00,20.21303026840197,in
2025-01-03T18:44:00,20.02418464456673,in
2025-01-03T18:45:00,20.18772949513729,in
2025-01-03T18:46:00,20.070532529048194,in
2025-01-03T18:47:00,20.136307654463703,in
2025-01-03T18:48:00,19.981637510198308,in
2025-01-03T18:49:00,20.22486674211528,in
2025-01-03T18:50:00,19.914309242584896,in
2025-01-03T18:51:00,20.426795524886504,in
2025-01-03T18:52:00,20.42308278332198,in
2025-01-03T18:53:00,20.32976221621035,in
2025-01-03T18:54:00,20.27368237812979,in
2025-01-03T18:55:00,20.067218037493095,in
2025-01-03T18:56:00,20.252458613985443,in
2025-01-03T18:57:00,20.060663052351288,in
2025-01-03T18:58:00,19.83971146224596,in
2025-01-03T18:59:00,20.29590556444698,in
2025-01-03T19:00:00,20.23747201686024,in
2025-01-03T19:01:00,20.0612072560238,in
2025-01-03T19:02:00,19.879927080644116,in
2025-01-03T19:03:00,19.973608079099645,in
2025-01-03T19:04:00,19.78623670971488,in
2025-01-03T19:05:00,20.199077988266176,in
2025-01-03T19:06:00,19.81476381417502,in
2025-01-03T19:07:00,20.096266113601104,in
2025-01-03T19:08:00,19.924705868262578,in
2025-01-03T19:09:00,19.835309842233055,in
2025-01-03T19:10:00,20.08316124975192,in
2025-01-03T19:11:00,19.99546787927784,in
2025-01-03T19:12:00,20.169433164346195,in
2025-01-03T19:13:00,19.851768264721525,in
2025-01-03T19:14:00,19.92655339393727,in
2025-01-03T19:15:00,19.680283107919905,in
2025-01-03T19:16:00,19.709093630755483,in
2025-01-03T19:17:00,20.304828066045758,in
2025-01-03T19:18:00,20.34602992148704,in
2025-01-03T19:19:00,20.04582753549101,in
2025-01-03T19:20:00,19.906810179089607,in
2025-01-03T19:21:00,19.98412054306033,in
2025-01-03T19:22:00,20.158464927298493,in
2025-01-03T19:23:00,19.94884891390623,in
2025-01-03T19:24:00,20.060268398865976,in
2025-01-03T19:25:00,20.02136357149229,in
2025-01-03T19:26:00,19.936646372763736,in
2025-01-03T19:27:00,19.94176831446188,in
2025-01-03T19:28:00,20.063461993269684,in
2025-01-03T19:29:00,19.871734984768118,in
2025-01-03T19:30:00,20.084869679095906,in
2025-01-03T19:31:00,19.945253256693196,in
2025-01-03T19:32:00,20.03401279241459,in
2025-01-03T19:33:00,20.22145747101543,in
2025-01-03T19:34:00,19.987627481862784,in
2025-01-03T19:35:00,20.149857974584158,in
2025-01-03T19:36:00,19.74215128088088,in
2025-01-03T19:37:00,19.93950851145209,in
2025-01-03T19:38:00,20.013360896427056,in
2025-01-03T19:39:00,20.296889746731644,in
2025-01-03T19:40:00,19.713617791327525,in
2025-01-03T19:41:00,19.99243751572056,in
2025-01-03T19:42:00,20.224668660171183,in
2025-01-03T19:43:00,19.887746569011,in
2025-01-03T19:44:00,19.972946077916504,in
2025-01-03T19:45:00,20.054043001281126,in
2025-01-03T19:46:00,20.03140668621468,in
2025-01-03T19:47:00,20.238082230203467,in
2025-01-03T19:48:00,20.070012002001835,in
2025-01-03T19:49:00,20.20146916135723,in
2025-01-03T19:50:00,19.9479023032398,in
2025-01-03T19:51:00,19.89046311583101,in
2025-01-03T19:52:00,19.967359867008863,in
2025-01-03T19:53:00,19.827067354321436,in
2025-01-03T19:54:00,20.0732121044804,in
2025-01-03T19:55:00,19.942594228926897,in
2025-01-03T19:56:00,19.899536274690593,in
2025-01-03T19:57:00,20.074970106295137,in
2025-01-03T19:58:00,19.828518787175515,in
2025-01-03T19:59:00,20.1155943706369,in
2025-01-03T20:00:00,19.928249391726297,in
2025-01-03T20:01:00,20.173883505172657,in
2025-01-03T20:02:00,19.94116551713722,in
2025-01-03T20:03:00,20.094957794835675,in
2025-01-03T20:04:00,20.027238965753153,in
2025-01-03T20:05:00,20.112061226897357,in
2025-01-03T20:06:00,20.01717738387103,in
2025-01-03T20:07:00,19.75142320647509,in
2025-01-03T20:08:00,20.15253737684813,in
2025-01-03T20:09:00,19.98838948914987,in
2025-01-03T20:10:00,20.120330968439507,in
2025-01-03T20:11:00,20.105840198560426,in
2025-01-03T20:12:00,19.88674645833915,in
2025-01-03T20:13:00,19.86599734810901,in
2025-01-03T20:14:00,20.102033668373615,in
2025-01-03T20:15:00,19.958794799111217,in
2025-01-03T20:16:00,20.145336291400326,in
2025-01-03T20:17:00,19.978769488371576,in
2025-01-03T20:18:00,20.159676799150986,in
2025-01-03T20:19:00,20.070364667635843,in
2025-01-03T20:20:00,20.05080685287363,in
2025-01-03T20:21:00,19.952288465039636,in
2025-01-03T20:22:00,20.044071745374872,in
2025-01-03T20:23:00,20.18899087074108,in
2025-01-03T20:24:00,20.002823890463958,in
2025-01-03T20:25:00,20.091563490107937,in
2025-01-03T20:26:00,20.01981030008428,in
2025-01-03T20:27:00,20.03255369250196,in
2025-01-03T20:28:00,20.2734193102581,in
2025-01-03T20:29:00,20.1962496052965,in
2025-01-03T20:30:00,20.029020849531737,in
2025-01-03T20:31:00,20.05043631841664,in
2025-01-03T20:32:00,19.914183286984212,in
2025-01-03T20:33:00,19.994751494420917,in
2025-01-03T20:34:00,20.068377941408457,in
2025-01-03T20:35:00,20.150869017499847,in
2025-01-03T20:36:00,20.137006453346363,in
2025-01-03T20:37:00,19.85961840849386,in
2025-01-03T20:38:00,20.173976206527332,in
2025-01-03T20:39:00,20.015571829977212,in
2025-01-03T20:40:00,19.88233579062395,in
2025-01-03T20:41:00,20.232376315322206,in
2025-01-03T20:42:00,20.252982034382782,in
2025-01-03T20:43:00,20.07466125190008,in
2025-01-03T20:44:00,20.14306467339046,in
2025-01-03T20:45:00,20.153546820505206,in
2025-01-03T20:46:00,20.24951641368018,in
2025-01-03T20:47:00,20.15111933384559,in
2025-01-03T20:48:00,19.844551556916603,in
2025-01-03T20:49:00,20.347008949420314,in
2025-01-03T20:50:00,20.207256519182142,in
2025-01-03T20:51:00,19.97288672819206,in
2025-01-03T20:52:00,19.89681610957592,in
2025-01-03T20:53:00,20.128963497639713,in
2025-01-03T20:54:00,20.01352115344951,in
2025-01-03T20:55:00,20.10681516347332,in
2025-01-03T20:56:00,20.170919573639747,in
2025-01-03T20:57:00,19.97657189738697,in
2025-01-03T20:58:00,19.896288520341134,in
2025-01-03T20:59:00,20.12378089235291,in
2025-01-03T21:00:00,19.988140169130318,in
2025-01-03T21:01:00,20.092339720202233,in
2025-01-03T21:02:00,19.871240128038416,in
2025-01-03T21:03:00,20.03726211842151,in
2025-01-03T21:04:00,20.18471939177936,in
2025-01-03T21:05:00,20.170790167375163,in
2025-01-03T21:06:00,19.964106834632624,in
2025-01-03T21:07:00,19.909617622992663,in
2025-01-03T21:08:00,20.089755041536698,in
2025-01-03T21:09:00,20.174115030638536,in
2025-01-03T21:10:00,20.153342369532428,in
2025-01-03T21:11:00,20.018384424059246,in
2025-01-03T21:12:00,20.142560633782683,in
2025-01-03T21:13:00,20.325955068287648,in
2025-01-03T21:14:00,20.134124392683958,in
2025-01-03T21:15:00,19.861167550636996,in
2025-01-03T21:16:00,20.13944289951646,in
2025-01-03T21:17:00,20.418415504896323,in
2025-01-03T21:18:00,19.921608395848303,in
2025-01-03T21:19:00,20.12210666876161,in
2025-01-03T21:20:00,20.086664443473364,in
2025-01-03T21:21:00,20.137999772046292,in
2025-01-03T21:22:00,20.15579344447627,in
2025-01-03T21:23:00,20.300725378537415,in
2025-01-03T21:24:00,20.14555663996572,in
2025-01-03T21:25:00,20.32757319501621,in
2025-01-03T21:26:00,20.121516515217976,in
2025-01-03T21:27:00,20.089860378159955,in
2025-01-03T21:28:00,20.045254843410632,in
2025-01-03T21:29:00,19.87635593759684,in
2025-01-03T21:30:00,20.193608146766305,in
2025-01-03T21:31:00,20.463698099929875,in
2025-01-03T21:32:00,20.227725614687994,in
2025-01-03T21:33:00,20.265429682826454,in
2025-01-03T21:34:00,20.103925152477583,in
2025-01-03T21:35:00,20.132727033070054,in
2025-01-03T21:36:00,20.32060530796479,in
2025-01-03T21:37:00,20.477779958889297,in
2025-01-03T21:38:00,20.403269648616437,in
2025-01-03T21:39:00,20.30450034680904,in
2025-01-03T21:40:00,20.192657012835273,in
2025-01-03T21:41:00,20.22254754623136,in
2025-01-03T21:42:00,20.081803333386038,in
2025-01-03T21:43:00,19.981378393159428,in
2025-01-03T21:44:00,20.033392153737672,in
2025-01-03T21:45:00,20.213724522112912,in
2025-01-03T21:46:00,20.166332437581946,in
2025-01-03T21:47:00,19.993625857469773,in
2025-01-03T21:48:00,20.212388444765804,in
2025-01-03T21:49:00,20.174201168358636,in
2025-01-03T21:50:00,20.05005100535094,in
2025-01-03T21:51:00,20.174497873480902,in
2025-01-03T21:52:00,20.185961864174693,in
2025-01-03T21:53:00,20.145722952600558,in
2025-01-03T21:54:00,20.38136629939246,in
2025-01-03T21:55:00,19.961111254270985,in
2025-01-03T21:56:00,19.95289073711456,in
2025-01-03T21:57:00,20.25550085352177,in
2025-01-03T21:58:00,20.273707686529047,in
2025-01-03T21:59:00,20.32423464142456,in
2025-01-03T22:00:00,20.18710316618926,in
2025-01-03T22:01:00,20.134640418827356,in
2025-01-03T22:02:00,20.275644259212704,in
2025-01-03T22:03:00,20.214950456694893,in
2025-01-03T22:04:00,20.51832610929413,in
2025-01-03T22:05:00,20.241542171165328,in
2025-01-03T22:06:00,20.286741898534252,in
2025-01-03T22:07:00,20.670608270948563,in
2025-01-03T22:08:00,20.274689773677544,in
2025-01-03T22:09:00,20.391967886371916,in
2025-01-03T22:10:00,20.41016352338218,in
2025-01-03T22:11:00,20.427632220628947,in
2025-01-03T22:12:00,20.36608195392084,in
2025-01-03T22:13:00,20.356503807466055,in
2025-01-03T22:14:00,20.34727849934123,in
2025-01-03T22:15:00,20.250661690059843,in
2025-01-03T22:16:00,20.39075267531581,in
2025-01-03T22:17:00,20.65111737735931,in
2025-01-03T22:18:00,20.533349909100497,in
2025-01-03T22:19:00,20.402293827449366,in
2025-01-03T22:20:00,20.49007038113791,in
2025-01-03T22:21:00,20.236340503367042,in
2025-01-03T22:22:00,20.332692140157405,in
2025-01-03T22:23:00,20.519029512697585,in
2025-01-03T22:24:00,20.60504109026883,in
2025-01-03T22:25:00,20.271480865650727,in
2025-01-03T22:26:00,20.31974803235209,in
2025-01-03T22:27:00,20.72469874369966,in
2025-01-03T22:28:00,20.41716816737076,in
2025-01-03T22:29:00,20.681500290835814,in
2025-01-03T22:30:00,20.444321917008896,in
2025-01-03T22:31:00,20.455547894861127,in
2025-01-03T22:32:00,20.378154859637572,in
2025-01-03T22:33:00,20.570749409465044,in
2025-01-03T22:34:00,20.63845031884077,in
2025-01-03T22:35:00,20.284980699293104,in
2025-01-03T22:36:00,20.39284049425299,in
2025-01-03T22:37:00,20.588476490491757,in
2025-01-03T22:38:00,20.43731853755691,in
2025-01-03T22:39:00,20.3883085155731,in
2025-01-03T22:40:00,20.61934243684245,in
2025-01-03T22:41:00,20.639053041141818,in
2025-01-03T22:42:00,20.411741755199113,in
2025-01-03T22:43:00,20.51672501043009,in
2025-01-03T22:44:00,20.30930962016882,in
2025-01-03T22:45:00,20.36199824847024,in
2025-01-03T22:46:00,20.520713343242,in
2025-01-03T22:47:00,20.512596268013574,in
2025-01-03T22:48:00,20.36867893528561,in
2025-01-03T22:49:00,20.4121676563175,in
2025-01-03T22:50:00,20.365688670886417,in
2025-01-03T22:51:00,20.59961395966561,in
2025-01-03T22:52:00,20.242146717257874,in
2025-01-03T22:53:00,20.391521475801166,in
2025-01-03T22:54:00,20.269810025800574,in
2025-01-03T22:55:00,20.618125166459187,in
2025-01-03T22:56:00,20.29091036681449,in
2025-01-03T22:57:00,20.572155492931024,in
2025-01-03T22:58:00,20.81942770405375,in
2025-01-03T22:59:00,20.830644345944062,in
2025-01-03T23:00:00,20.31490030225008,in
2025-01-03T23:01:00,20.636731991332702,in
2025-01-03T23:02:00,20.44983577694323,in
2025-01-03T23:03:00,20.4254486749601,in
2025-01-03T23:04:00,20.59366276592349,in
2025-01-03T23:05:00,20.801217561975427,in
2025-01-03T23:06:00,20.713239679745545,in
2025-01-03T23:07:00,20.522362880074848,in
2025-01-03T23:08:00,20.7417583794865,in
2025-01-03T23:09:00,20.305842259151866,in
2025-01-03T23:10:00,20.53587771500369,in
2025-01-03T23:11:00,20.531682653425474,in
2025-01-03T23:12:00,20.673486891043122,in
2025-01-03T23:13:00,20.63781247344933,in
2025-01-03T23:14:00,20.653539239525543,in
2025-01-03T23:15:00,20.655100440283945,in
2025-01-03T23:16:00,20.691243028167346,in
2025-01-03T23:17:00,20.775500140118286,in
2025-01-03T23:18:00,20.72350355725499,in
2025-01-03T23:19:00,20.665099268223386,in
2025-01-03T23:20:00,20.77468702259764,in
2025-01-03T23:21:00,20.845040527586747,in
2025-01-03T23:22:00,20.644439675836075,in
2025-01-03T23:23:00,20.725678933274065,in
2025-01-03T23:24:00,20.91564520235731,in
2025-01-03T23:25:00,20.58273895404178,in
2025-01-03T23:26:00,21.025676056163153,in
2025-01-03T23:27:00,20.560938855169393,in
2025-01-03T23:28:00,20.71687235766797,in
2025-01-03T23:29:00,20.6330369403997,in
2025-01-03T23:30:00,21.110666191512962,in
2025-01-03T23:31:00,20.713909519587137,in
2025-01-03T23:32:00,20.721243780216625,in
2025-01-03T23:33:00,20.74773848786769,in
2025-01-03T23:34:00,20.824694847681407,in
2025-01-03T23:35:00,20.768114436437155,in
2025-01-03T23:36:00,20.80449647472169,in
2025-01-03T23:37:00,20.30211917577157,in
2025-01-03T23:38:00,20.847168063978394,in
2025-01-03T23:39:00,20.848380613148525,in
2025-01-03T23:40:00,21.008632446909765,in
2025-01-03T23:41:00,21.056365617049302,in
2025-01-03T23:42:00,20.83903131694156,in
2025-01-03T23:43:00,20.996824506860957,in
2025-01-03T23:44:00,20.716378875991786,in
2025-01-03T23:45:00,21.003960885365206,in
2025-01-03T23:46:00,20.810254659505695,in
2025-01-03T23:47:00,20.72570892074066,in
2025-01-03T23:48:00,20.882883628239338,in
2025-01-03T23:49:00,21.12812192434368,in
2025-01-03T23:50:00,20.952551613815974,in
2025-01-03T23:51:00,21.157244190320533,in
2025-01-03T23:52:00,20.82785156446122,in
2025-01-03T23:53:00,21.10474981837846,in
2025-01-03T23:54:00,20.85717886498256,in
2025-01-03T23:55:00,20.996252784402337,in
2025-01-03T23:56:00,21.0024262744788,in
2025-01-03T23:57:00,21.07663758793452,in
2025-01-03T23:58:00,21.022534367065287,in
2025-01-03T23:59:00,20.881574365235675,in
2025-01-01T00:00:00,8.121886831901772,out
2025-01-01T00:01:00,7.610186213212281,out
2025-01-01T00:02:00,8.352539691312826,out
2025-01-01T00:03:00,8.454763459984552,out
2025-01-01T00:04:00,7.324300363162166,out
2025-01-01T00:05:00,7.61001750746244,out
2025-01-01T00:06:00,8.208197851114154,out
2025-01-01T00:07:00,8.056734042321503,out
2025-01-01T00:08:00,8.202676517213291,out
2025-01-01T00:09:00,7.89434132352498,out
2025-01-01T00:10:00,8.613475514137146,out
2025-01-01T00:11:00,8.598985545299643,out
2025-01-01T00:12:00,8.340428016482148,out
2025-01-01T00:13:00,8.791053208167478,out
2025-01-01T00:14:00,8.55329497410996,out
2025-01-01T00:15:00,8.048701790227563,out
2025-01-01T00:16:00,8.566039156097752,out
2025-01-01T00:17:00,8.061097900840794,out
2025-01-01T00:18:00,8.822134694889979,out
2025-01-01T00:19:00,8.476878880678726,out
2025-01-01T00:20:00,8.448989511067845,out
2025-01-01T00:21:00,8.276637894218837,out
2025-01-01T00:22:00,9.064091050590957,out
2025-01-01T00:23:00,8.539316576844936,out
2025-01-01T00:24:00,8.455839650740678,out
2025-01-01T00:25:00,8.512347828916496,out
2025-01-01T00:26:00,8.89214295682878,out
2025-01-01T00:27:00,8.851402010492658,out
2025-01-01T00:28:00,8.89630910506928,out
2025-01-01T00:29:00,8.929522216018132,out
2025-01-01T00:30:00,9.639816193668494,out
2025-01-01T00:31:00,8.646539575088493,out
2025-01-01T00:32:00,8.630141514131777,out
2025-01-01T00:33:00,8.535446640647924,out
2025-01-01T00:34:00,9.133248235807862,out
2025-01-01T00:35:00,9.364329234227856,out
2025-01-01T00:36:00,8.893027807179434,out
2025-01-01T00:37:00,8.628392802837947,out
2025-01-01T00:38:00,8.66049314888757,out
2025-01-01T00:39:00,9.276334138224028,out
2025-01-01T00:40:00,9.339190734482958,out
2025-01-01T00:41:00,9.28492298016513,out
2025-01-01T00:42:00,8.827209270037406,out
2025-01-01T00:43:00,9.212008745279096,out
2025-01-01T00:44:00,9.191528295915559,out
2025-01-01T00:45:00,9.258017370788375,out
2025-01-01T00:46:00,9.54477911768246,out
2025-01-01T00:47:00,9.311288726350938,out
2025-01-01T00:48:00,9.519035570135314,out
2025-01-01T00:49:00,9.300097660734234,out
2025-01-01T00:50:00,9.414285443104612,out
2025-01-01T00:51:00,9.576699900464423,out
2025-01-01T00:52:00,8.766843998120924,out
2025-01-01T00:53:00,9.247333858991563,out
2025-01-01T00:54:00,9.212523121418315,out
2025-01-01T00:55:00,9.170564214659702,out
2025-01-01T00:56:00,9.341474473107333,out
2025-01-01T00:57:00,10.074896282667716,out
2025-01-01T00:58:00,9.15594757804935,out
2025-01-01T00:59:00,9.914923031069758,out
2025-01-01T01:00:00,8.879766361968802,out
2025-01-01T01:01:00,9.444233274753538,out
2025-01-01T01:02:00,9.668531482511542,out
2025-01-01T01:03:00,9.863131631734156,out
2025-01-01T01:04:00,9.938314766819138,out
2025-01-01T01:05:00,9.996312978265923,out
2025-01-01T01:06:00,9.56460203932416,out
2025-01-01T01:07:00,9.54423689173871,out
2025-01-01T01:08:00,10.097420580839282,out
2025-01-01T01:09:00,9.70272771990078,out
2025-01-01T01:10:00,9.293960267690471,out
2025-01-01T01:11:00,9.375870908566673,out
2025-01-01T01:12:00,9.48632105184904,out
2025-01-01T01:13:00,10.077847136524003,out
2025-01-01T01:14:00,9.960798232858778,out
2025-01-01T01:15:00,10.204830933446077,out
2025-01-01T01:16:00,9.782507868208326,out
2025-01-01T01:17:00,10.041559748007408,out
2025-01-01T01:18:00,10.25307731298956,out
2025-01-01T01:19:00,9.903761692131866,out
2025-01-01T01:20:00,10.234830954976976,out
2025-01-01T01:21:00,9.811931966038298,out
2025-01-01T01:22:00,9.956022748930776,out
2025-01-01T01:23:00,9.973051070386962,out
2025-01-01T01:24:00,9.671871839036186,out
2025-01-01T01:25:00,10.369417222016443,out
2025-01-01T01:26:00,10.011246424264694,out
2025-01-01T01:27:00,10.228342272550092,out
2025-01-01T01:28:00,10.439938224057835,out
2025-01-01T01:29:00,10.450504174526575,out
2025-01-01T01:30:00,10.562254637779652,out
2025-01-01T01:31:00,10.280871576017155,out
2025-01-01T01:32:00,10.17506744611798,out
2025-01-01T01:33:00,10.336575853943044,out
2025-01-01T01:34:00,9.717560639968266,out
2025-01-01T01:35:00,9.837635150183187,out
2025-01-01T01:36:00,9.91134001351304,out
2025-01-01T01:37:00,10.06541438464027,out
2025-01-01T01:38:00,10.64806914662681,out
2025-01-01T01:39:00,10.149766803080544,out
2025-01-01T01:40:00,10.38444454882844,out
2025-01-01T01:41:00,11.079103758523175,out
2025-01-01T01:42:00,10.4405609924252,out
2025-01-01T01:43:00,10.901677771813338,out
2025-01-01T01:44:00,10.256779808730515,out
2025-01-01T01:45:00,10.571557118166956,out
2025-01-01T01:46:00,10.297178056694621,out
2025-01-01T01:47:00,10.564977415864385,out
2025-01-01T01:48:00,11.060066253420239,out
2025-01-01T01:49:00,10.056315321424801,out
2025-01-01T01:50:00,10.944261136828546,out
2025-01-01T01:51:00,10.888781362883579,out
2025-01-01T01:52:00,10.579169394436626,out
2025-01-01T01:53:00,10.261494861353679,out
2025-01-01T01:54:00,10.891804364643198,out
2025-01-01T01:55:00,10.674135529890805,out
2025-01-01T01:56:00,11.001928206019903,out
2025-01-01T01:57:00,10.940468307191106,out
2025-01-01T01:58:00,11.595252917149168,out
2025-01-01T01:59:00,10.881556771062039,out
2025-01-01T02:00:00,10.590601002951255,out
2025-01-01T02:01:00,11.094354116255685,out
2025-01-01T02:02:00,11.13322885135293,out
2025-01-01T02:03:00,11.611433546558487,out
2025-01-01T02:04:00,11.424272947826156,out
2025-01-01T02:05:00,11.25538797262293,out
2025-01-01T02:06:00,11.720312544783516,out
2025-01-01T02:07:00,10.681778320182076,out
2025-01-01T02:08:00,10.923614972299331,out
2025-01-01T02:09:00,10.831056718931459,out
2025-01-01T02:10:00,11.067873728818636,out
2025-01-01T02:11:00,10.695172369185439,out
2025-01-01T02:12:00,11.521894588815924,out
2025-01-01T02:13:00,11.200870298279973,out
2025-01-01T02:14:00,10.723299394071287,out
2025-01-01T02:15:00,10.927189765634596,out
2025-01-01T02:16:00,11.480562959804558,out
2025-01-01T02:17:00,11.712080193328163,out
2025-01-01T02:18:00,12.197129778225712,out
2025-01-01T02:19:00,12.585525561980749,out
2025-01-01T02:20:00,11.607222391416675,out
2025-01-01T02:21:00,11.067055892210657,out
2025-01-01T02:22:00,10.631399221973114,out
2025-01-01T02:23:00,11.612582578762138,out
2025-01-01T02:24:00,11.201535075630709,out
2025-01-01T02:25:00,11.38171498610962,out
2025-01-01T02:26:00,11.324098000884126,out
2025-01-01T02:27:00,11.5336312488574,out
2025-01-01T02:28:00,12.037282231227346,out
2025-01-01T02:29:00,11.694583355235505,out
2025-01-01T02:30:00,11.589114639236849,out
2025-01-01T02:31:00,11.259042179076372,out
2025-01-01T02:32:00,11.024095674072207,out
2025-01-01T02:33:00,11.520040532229672,out
2025-01-01T02:34:00,11.713574799498389,out
2025-01-01T02:35:00,12.462712798536309,out
2025-01-01T02:36:00,11.828032154888179,out
2025-01-01T02:37:00,12.189327775784319,out
2025-01-01T02:38:00,11.616751082250923,out
2025-01-01T02:39:00,11.362656505316698,out
2025-01-01T02:40:00,11.470678953226287,out
2025-01-01T02:41:00,11.586653452043482,out
2025-01-01T02:42:00,12.748076182955167,out
2025-01-01T02:43:00,11.588003843086579,out
2025-01-01T02:44:00,12.271749855437582,out
2025-01-01T02:45:00,11.594904019365602,out
2025-01-01T02:46:00,12.348349494444124,out
2025-01-01T02:47:00,12.149270382447352,out
2025-01-01T02:48:00,11.952128479089913,out
2025-01-01T02:49:00,12.017895834153835,out
2025-01-01T02:50:00,11.791626167522205,out
2025-01-01T02:51:00,12.251233353790482,out
2025-01-01T02:52:00,11.90999676823868,out
2025-01-01T02:53:00,11.620855636451255,out
2025-01-01T02:54:00,11.618952424434674,out
2025-01-01T02:55:00,12.218113501782463,out
2025-01-01T02:56:00,12.799586725318157,out
2025-01-01T02:57:00,12.250739404479456,out
2025-01-01T02:58:00,12.158000255355153,out
2025-01-01T02:59:00,12.338418802576827,out
2025-01-01T03:00:00,12.765041383802016,out
2025-01-01T03:01:00,12.348865254285254,out
2025-01-01T03:02:00,12.115131802591595,out
2025-01-01T03:03:00,12.74032714457188,out
2025-01-01T03:04:00,12.487541377416553,out
2025-01-01T03:05:00,12.94848616915693,out
2025-01-01T03:06:00,12.425540000962489,out
2025-01-01T03:07:00,11.8804382066062,out
2025-01-01T03:08:00,11.840858530016757,out
2025-01-01T03:09:00,13.066306229506614,out
2025-01-01T03:10:00,13.113130309174064,out
2025-01-01T03:11:00,12.369501079607952,out
2025-01-01T03:12:00,12.305594024409968,out
2025-01-01T03:13:00,13.060921967267078,out
2025-01-01T03:14:00,12.050916051916618,out
2025-01-01T03:15:00,12.153148037291533,out
2025-01-01T03:16:00,12.785588199212249,out
2025-01-01T03:17:00,12.387547857160461,out
2025-01-01T03:18:00,12.560387046912156,out
2025-01-01T03:19:00,12.514017659285368,out
2025-01-01T03:20:00,12.731296478233443,out
2025-01-01T03:21:00,13.176043736966243,out
2025-01-01T03:22:00,12.66598146308702,out
2025-01-01T03:23:00,12.903931381803856,out
2025-01-01T03:24:00,11.842806928329416,out
2025-01-01T03:25:00,12.659819537785243,out
2025-01-01T03:26:00,12.358356832997334,out
2025-01-01T03:27:00,12.224376361115018,out
2025-01-01T03:28:00,12.37680357486883,out
2025-01-01T03:29:00,12.610488066182736,out
2025-01-01T03:30:00,13.126481058689818,out
2025-01-01T03:31:00,12.245454928111908,out
2025-01-01T03:32:00,12.804065657321525,out
2025-01-01T03:33:00,12.613855102812934,out
2025-01-01T03:34:00,12.69207192595852,out
2025-01-01T03:35:00,13.239770755726736,out
2025-01-01T03:36:00,13.069348141051256,out
2025-01-01T03:37:00,13.40440313476717,out
2025-01-01T03:38:00,12.822890838437955,out
2025-01-01T03:39:00,12.621472286301794,out
2025-01-01T03:40:00,12.82536873898175,out
2025-01-01T03:41:00,13.026880344161471,out
2025-01-01T03:42:00,13.01538647511358,out
2025-01-01T03:43:00,12.525783265869785,out
2025-01-01T03:44:00,13.010421347981401,out
2025-01-01T03:45:00,13.080109005870833,out
2025-01-01T03:46:00,14.010304547416576,out
2025-01-01T03:47:00,13.768454779599226,out
2025-01-01T03:48:00,12.690726067449015,out
2025-01-01T03:49:00,12.931280733166684,out
2025-01-01T03:50:00,12.474971874142513,out
2025-01-01T03:51:00,12.838084124638444,out
2025-01-01T03:52:00,13.214530578374692,out
2025-01-01T03:53:00,13.584454798328672,out
2025-01-01T03:54:00,12.82420745102711,out
2025-01-01T03:55:00,12.867812648010561,out
2025-01-01T03:56:00,12.284088192317212,out
2025-01-01T03:57:00,13.091372100790753,out
2025-01-01T03:58:00,12.744809197905328,out
2025-01-01T03:59:00,12.971237260279944,out
2025-01-01T04:00:00,12.845408111439596,out
2025-01-01T04:01:00,13.17148786523383,out
2025-01-01T04:02:00,12.519042819096747,out
2025-01-01T04:03:00,12.648157944280387,out
2025-01-01T04:04:00,14.099417087647693,out
2025-01-01T04:05:00,12.745391501735433,out
2025-01-01T04:06:00,12.834188444589937,out
2025-01-01T04:07:00,14.02010984056084,out
2025-01-01T04:08:00,14.459712424849723,out
2025-01-01T04:09:00,12.841299173248114,out
2025-01-01T04:10:00,13.174765416354118,out
2025-01-01T04:11:00,13.470725069290623,out
2025-01-01T04:12:00,14.037518202892443,out
2025-01-01T04:13:00,12.963130829095528,out
2025-01-01T04:14:00,13.271495031235307,out
2025-01-01T04:15:00,13.692171479620828,out
2025-01-01T04:16:00,13.56667070758165,out
2025-01-01T04:17:00,13.253727007443489,out
2025-01-01T04:18:00,13.361982520292747,out
2025-01-01T04:19:00,12.876772549378215,out
2025-01-01T04:20:00,13.342577224630032,out
2025-01-01T04:21:00,13.342304046946905,out
2025-01-01T04:22:00,13.552635581109762,out
2025-01-01T04:23:00,13.248441373934924,out
2025-01-01T04:24:00,13.66988815487366,out
2025-01-01T04:25:00,13.896955201844614,out
2025-01-01T04:26:00,13.564532177378132,out
2025-01-01T04:27:00,13.653449824253071,out
2025-01-01T04:28:00,13.544291259745789,out
2025-01-01T04:29:00,13.533239587259276,out
2025-01-01T04:30:00,13.25465398165058,out
2025-01-01T04:31:00,13.679840728774723,out
2025-01-01T04:32:00,13.524188488035326,out
2025-01-01T04:33:00,14.410124640803783,out
2025-01-01T04:34:00,14.211847368882244,out
2025-01-01T04:35:00,13.74638583671939,out
2025-01-01T04:36:00,13.296259675105304,out
2025-01-01T04:37:00,13.165846669322702,out
2025-01-01T04:38:00,14.09649031672593,out
2025-01-01T04:39:00,13.734247705593761,out
2025-01-01T04:40:00,13.830213086072094,out
2025-01-01T04:41:00,12.949221696748547,out
2025-01-01T04:42:00,14.026824339176343,out
2025-01-01T04:43:00,13.846302257642451,out
2025-01-01T04:44:00,13.22893917983011,out
2025-01-01T04:45:00,13.492970853990654,out
2025-01-01T04:46:00,13.795428812979805,out
2025-01-01T04:47:00,13.719181476553759,out
2025-01-01T04:48:00,13.5894706234495,out
2025-01-01T04:49:00,13.672979490633285,out
2025-01-01T04:50:00,13.621510753206607,out
2025-01-01T04:51:00,13.791144671584107,out
2025-01-01T04:52:00,14.326425324975476,out
2025-01-01T04:53:00,12.718764788456369,out
2025-01-01T04:54:00,13.658178303405284,out
2025-01-01T04:55:00,13.83090409486455,out
2025-01-01T04:56:00,13.885967771504752,out
2025-01-01T04:57:00,13.625965586193368,out
2025-01-01T04:58:00,13.079094006260304,out
2025-01-01T04:59:00,13.91992213645852,out
2025-01-01T05:00:00,14.486495043400083,out
2025-01-01T05:01:00,13.188731071517203,out
2025-01-01T05:02:00,14.154417047747922,out
2025-01-01T05:03:00,13.68397536899137,out
2025-01-01T05:04:00,13.79724461932444,out
2025-01-01T05:05:00,13.406893014597989,out
2025-01-01T05:06:00,13.700437053443709,out
2025-01-01T05:07:00,14.360293388642274,out
2025-01-01T05:08:00,14.079282485506495,out
2025-01-01T05:09:00,14.544978565215054,out
2025-01-01T05:10:00,14.328740798310678,out
2025-01-01T05:11:00,14.039021310347904,out
2025-01-01T05:12:00,14.566459414869952,out
2025-01-01T05:13:00,14.049870098402822,out
2025-01-01T05:14:00,14.210743498443803,out
2025-01-01T05:15:00,13.7660833010055,out
2025-01-01T05:16:00,13.916381427029666,out
2025-01-01T05:17:00,13.615732857032947,out
2025-01-01T05:18:00,14.295363019221668,out
2025-01-01T05:19:00,13.432922736631799,out
2025-01-01T05:20:00,14.221786655040312,out
2025-01-01T05:21:00,13.837075931346403,out
2025-01-01T05:22:00,14.386212446610315,out
2025-01-01T05:23:00,14.222325794853894,out
2025-01-01T05:24:00,14.654388506629546,out
2025-01-01T05:25:00,14.222478939262022,out
2025-01-01T05:26:00,13.305279077910203,out
2025-01-01T05:27:00,13.911127051758742,out
2025-01-01T05:28:00,13.472805535411496,out
2025-01-01T05:29:00,13.737883447374783,out
2025-01-01T05:30:00,14.55316054155355,out
2025-01-01T05:31:00,14.207043222437369,out
2025-01-01T05:32:00,13.675704738416433,out
2025-01-01T05:33:00,13.552923795153399,out
2025-01-01T05:34:00,13.974543971210029,out
2025-01-01T05:35:00,13.477713969581467,out
2025-01-01T05:36:00,13.698675261251006,out
2025-01-01T05:37:00,14.094614898125968,out
2025-01-01T05:38:00,14.43450200464575,out
2025-01-01T05:39:00,14.218334154337747,out
2025-01-01T05:40:00,13.060652385111233,out
2025-01-01T05:41:00,14.101139706598673,out
2025-01-01T05:42:00,14.0103174316918,out
2025-01-01T05:43:00,14.149057224745992,out
2025-01-01T05:44:00,14.631868174219427,out
2025-01-01T05:45:00,13.161858228709724,out
2025-01-01T05:46:00,13.75236742045476,out
2025-01-01T05:47:00,14.226712552461434,out
2025-01-01T05:48:00,13.359139448745866,out
2025-01-01T05:49:00,14.583469938131108,out
2025-01-01T05:50:00,14.141631974571409,out
2025-01-01T05:51:00,14.334007811781698,out
2025-01-01T05:52:00,13.767967497505856,out
2025-01-01T05:53:00,14.322707021006762,out
2025-01-01T05:54:00,14.425332572248958,out
2025-01-01T05:55:00,14.091723370534323,out
2025-01-01T05:56:00,14.092846528017827,out
2025-01-01T05:57:00,14.107623261156732,out
2025-01-01T05:58:00,13.654433432489276,out
2025-01-01T05:59:00,13.940931412228265,out
2025-01-01T06:00:00,13.938990987019057,out
2025-01-01T06:01:00,14.153300430065805,out
2025-01-01T06:02:00,14.399701237149145,out
2025-01-01T06:03:00,13.576071532652678,out
2025-01-01T06:04:00,13.949082558810517,out
2025-01-01T06:05:00,14.591154381543044,out
2025-01-01T06:06:00,13.700508658328317,out
2025-01-01T06:07:00,13.66830153810415,out
2025-01-01T06:08:00,14.07726743884705,out
2025-01-01T06:09:00,14.333128293638465,out
2025-01-01T06:10:00,13.99885975171541,out
2025-01-01T06:11:00,14.5246745550845,out
2025-01-01T06:12:00,14.334494801554055,out
2025-01-01T06:13:00,14.327078050100116,out
2025-01-01T06:14:00,14.210455391060838,out
2025-01-01T06:15:00,14.918214779570054,out
2025-01-01T06:16:00,13.903319626012527,out
2025-01-01T06:17:00,13.182092193770309,out
2025-01-01T06:18:00,14.623205747005624,out
2025-01-01T06:19:00,13.796313242603839,out
2025-01-01T06:20:00,14.020320366287686,out
2025-01-01T06:21:00,14.498649839392181,out
2025-01-01T06:22:00,13.331473373779502,out
2025-01-01T06:23:00,13.469152223863016,out
2025-01-01T06:24:00,13.326620197362098,out
2025-01-01T06:25:00,13.64668351332375,out
2025-01-01T06:26:00,14.137285776466321,out
2025-01-01T06:27:00,14.168085878854667,out
2025-01-01T06:28:00,14.065786581579353,out
2025-01-01T06:29:00,13.386923344521342,out
2025-01-01T06:30:00,13.024627793589804,out
2025-01-01T06:31:00,13.966936818477446,out
2025-01-01T06:32:00,13.752897998994088,out
2025-01-01T06:33:00,14.121662629604666,out
2025-01-01T06:34:00,14.214876630660008,out
2025-01-01T06:35:00,13.985465635630035,out
2025-01-01T06:36:00,14.230183277721167,out
2025-01-01T06:37:00,14.013662749007418,out
2025-01-01T06:38:00,14.129739491463976,out
2025-01-01T06:39:00,13.631467049200513,out
2025-01-01T06:40:00,13.837001952540664,out
2025-01-01T06:41:00,13.982954624540529,out
2025-01-01T06:42:00,14.227740835550694,out
2025-01-01T06:43:00,13.73720591746323,out
2025-01-01T06:44:00,14.098230002978829,out
2025-01-01T06:45:00,13.778376165653231,out
2025-01-01T06:46:00,13.832531360793727,out
2025-01-01T06:47:00,14.206080451717131,out
2025-01-01T06:48:00,13.071661455981172,out
2025-01-01T06:49:00,13.344797707546169,out
2025-01-01T06:50:00,13.264901883742471,out
2025-01-01T06:51:00,12.918607475111756,out
2025-01-01T06:52:00,13.57491461264934,out
2025-01-01T06:53:00,14.140049110653786,out
2025-01-01T06:54:00,13.72026589583303,out
2025-01-01T06:55:00,13.90716845165631,out
2025-01-01T06:56:00,14.257461356340297,out
2025-01-01T06:57:00,14.346459911147605,out
2025-01-01T06:58:00,13.78123066837819,out
2025-01-01T06:59:00,14.343709989311419,out
2025-01-01T07:00:00,13.832405621108053,out
2025-01-01T07:01:00,13.453764653441894,out
2025-01-01T07:02:00,13.544022578372243,out
2025-01-01T07:03:00,13.182516813695878,out
2025-01-01T07:04:00,13.412316634136452,out
2025-01-01T07:05:00,13.617092451085801,out
2025-01-01T07:06:00,14.074352416960599,out
2025-01-01T07:07:00,14.43373609729528,out
2025-01-01T07:08:00,13.184955929627398,out
2025-01-01T07:09:00,13.887250654047087,out
2025-01-01T07:10:00,13.306084128826347,out
2025-01-01T07:11:00,13.90425363324495,out
2025-01-01T07:12:00,13.65390443749583,out
2025-01-01T07:13:00,12.96583242687225,out
2025-01-01T07:14:00,14.06126072786459,out
2025-01-01T07:15:00,13.439580491847142,out
2025-01-01T07:16:00,13.459551358246479,out
2025-01-01T07:17:00,13.23663315784083,out
2025-01-01T07:18:00,13.39413563587805,out
2025-01-01T07:19:00,13.818212267816191,out
2025-01-01T07:20:00,13.562457988340887,out
2025-01-01T07:21:00,13.760612816447898,out
2025-01-01T07:22:00,13.764801877061924,out
2025-01-01T07:23:00,14.139075920327338,out
2025-01-01T07:24:00,13.46436809863746,out
2025-01-01T07:25:00,13.001304088958499,out
2025-01-01T07:26:00,14.00939437452094,out
2025-01-01T07:27:00,13.440262048392643,out
2025-01-01T07:28:00,14.008940105231675,out
2025-01-01T07:29:00,13.706593869378388,out
2025-01-01T07:30:00,13.490822182986381,out
2025-01-01T07:31:00,13.67271618764123,out
2025-01-01T07:32:00,14.303434144765163,out
2025-01-01T07:33:00,14.343539472514891,out
2025-01-01T07:34:00,13.530112900363855,out
2025-01-01T07:35:00,13.555945112043513,out
2025-01-01T07:36:00,13.91176880884216,out
2025-01-01T07:37:00,13.132307848355593,out
2025-01-01T07:38:00,13.59299577430656,out
2025-01-01T07:39:00,13.438513903768946,out
2025-01-01T07:40:00,13.563410006802922,out
2025-01-01T07:41:00,13.093383350346445,out
2025-01-01T07:42:00,12.779684708775576,out
2025-01-01T07:43:00,12.57499606153901,out
2025-01-01T07:44:00,12.945810632599159,out
2025-01-01T07:45:00,13.197766335220397,out
2025-01-01T07:46:00,13.252329534952647,out
2025-01-01T07:47:00,14.132766125438629,out
2025-01-01T07:48:00,13.788436493093126,out
2025-01-01T07:49:00,12.949266402377768,out
2025-01-01T07:50:00,13.461148380049714,out
2025-01-01T07:51:00,13.147094530238121,out
2025-01-01T07:52:00,13.183940021937525,out
2025-01-01T07:53:00,13.359474688998466,out
2025-01-01T07:54:00,13.52057112276195,out
2025-01-01T07:55:00,13.12465714069144,out
2025-01-01T07:56:00,13.673258855930117,out
2025-01-01T07:57:00,12.778200751979822,out
2025-01-01T07:58:00,13.224669800584307,out
2025-01-01T07:59:00,14.248262377573187,out
2025-01-01T08:00:00,13.285384319756742,out
2025-01-01T08:01:00,13.756298833868842,out
2025-01-01T08:02:00,13.206383033918438,out
2025-01-01T08:03:00,13.388749307140635,out
2025-01-01T08:04:00,13.120290526455596,out
2025-01-01T08:05:00,13.061308191571998,out
2025-01-01T08:06:00,12.804048027434385,out
2025-01-01T08:07:00,13.2742338935564,out
2025-01-01T08:08:00,12.74767370126425,out
2025-01-01T08:09:00,13.34060102474921,out
2025-01-01T08:10:00,13.494463476655678,out
2025-01-01T08:11:00,13.192846640681248,out
2025-01-01T08:12:00,12.917523914250266,out
2025-01-01T08:13:00,13.199303166810036,out
2025-01-01T08:14:00,12.879845710184444,out
2025-01-01T08:15:00,13.363036524001332,out
2025-01-01T08:16:00,12.241663001644202,out
2025-01-01T08:17:00,12.825295547515674,out
2025-01-01T08:18:00,12.148432333682496,out
2025-01-01T08:19:00,12.3318572955621,out
2025-01-01T08:20:00,13.460457157659517,out
2025-01-01T08:21:00,13.257923323758748,out
2025-01-01T08:22:00,12.596901016823999,out
2025-01-01T08:23:00,12.268442509373715,out
2025-01-01T08:24:00,11.668290431113025,out
2025-01-01T08:25:00,12.62126942243184,out
2025-01-01T08:26:00,13.791307168602266,out
2025-01-01T08:27:00,12.981476584731825,out
2025-01-01T08:28:00,12.567984145863962,out
2025-01-01T08:29:00,12.962044099007857,out
2025-01-01T08:30:00,12.135736700549634,out
2025-01-01T08:31:00,12.625208097384006,out
2025-01-01T08:32:00,12.767855510846628,out
2025-01-01T08:33:00,12.67746132455605,out
2025-01-01T08:34:00,13.011971389790517,out
2025-01-01T08:35:00,12.81716498905171,out
2025-01-01T08:36:00,12.930206175985026,out
2025-01-01T08:37:00,12.37100695160081,out
2025-01-01T08:38:00,12.98887366369054,out
2025-01-01T08:39:00,13.264625771490355,out
2025-01-01T08:40:00,12.208206850853305,out
2025-01-01T08:41:00,12.22431655640935,out
2025-01-01T08:42:00,13.096749528128278,out
2025-01-01T08:43:00,12.468852311626273,out
2025-01-01T08:44:00,13.089786038163256,out
2025-01-01T08:45:00,12.33402456011699,out
2025-01-01T08:46:00,13.075752555242298,out
2025-01-01T08:47:00,12.528938577092378,out
2025-01-01T08:48:00,12.562160482193445,out
2025-01-01T08:49:00,13.067195973588955,out
2025-01-01T08:50:00,12.278955829883076,out
2025-01-01T08:51:00,12.02948621824413,out
2025-01-01T08:52:00,12.208696526503681,out
2025-01-01T08:53:00,12.551159399551656,out
2025-01-01T08:54:00,11.72594259720152,out
2025-01-01T08:55:00,12.589172133418982,out
2025-01-01T08:56:00,12.100530274984811,out
2025-01-01T08:57:00,12.756936724841351,out
2025-01-01T08:58:00,11.3217985729649,out
2025-01-01T08:59:00,11.946485943698047,out
2025-01-01T09:00:00,11.568053426625644,out
2025-01-01T09:01:00,11.893596560190229,out
2025-01-01T09:02:00,12.304521946242684,out
2025-01-01T09:03:00,12.115052108870179,out
2025-01-01T09:04:00,12.06659919517478,out
2025-01-01T09:05:00,12.085404386141592,out
2025-01-01T09:06:00,12.2114827504105,out
2025-01-01T09:07:00,11.707683525180913,out
2025-01-01T09:08:00,12.374730016734611,out
2025-01-01T09:09:00,12.337870861351847,out
2025-01-01T09:10:00,12.207556420756402,out
2025-01-01T09:11:00,12.256814221708513,out
2025-01-01T09:12:00,12.133350838476614,out
2025-01-01T09:13:00,12.809319317097433,out
2025-01-01T09:14:00,11.940882620873422,out
2025-01-01T09:15:00,11.833241603266583,out
2025-01-01T09:16:00,11.634943141800093,out
2025-01-01T09:17:00,11.5036534465452,out
2025-01-01T09:18:00,11.398899574940673,out
2025-01-01T09:19:00,11.521224952565415,out
2025-01-01T09:20:00,11.828453505458407,out
2025-01-01T09:21:00,11.970352063282593,out
2025-01-01T09:22:00,11.83692614508745,out
2025-01-01T09:23:00,11.490017860403212,out
2025-01-01T09:24:00,12.13599617190701,out
2025-01-01T09:25:00,12.051305902024733,out
2025-01-01T09:26:00,11.671228496856912,out
2025-01-01T09:27:00,11.453397237993121,out
2025-01-01T09:28:00,11.91334002028587,out
2025-01-01T09:29:00,11.74849311520114,out
2025-01-01T09:30:00,11.073317670286306,out
2025-01-01T09:31:00,11.604571825863605,out
2025-01-01T09:32:00,11.715704463742044,out
2025-01-01T09:33:00,11.230069688828854,out
2025-01-01T09:34:00,11.644874077643026,out
2025-01-01T09:35:00,10.96592889607838,out
2025-01-01T09:36:00,12.061185953759708,out
2025-01-01T09:37:00,12.00467798784838,out
2025-01-01T09:38:00,11.383210800544454,out
2025-01-01T09:39:00,11.608252875359032,out
2025-01-01T09:40:00,10.477489831786329,out
2025-01-01T09:41:00,10.957441511471686,out
2025-01-01T09:42:00,11.280925853488146,out
2025-01-01T09:43:00,10.94797635759967,out
2025-01-01T09:44:00,11.640916013876744,out
2025-01-01T09:45:00,12.132340010416812,out
2025-01-01T09:46:00,10.84097602410063,out
2025-01-01T09:47:00,10.954774015485405,out
2025-01-01T09:48:00,11.362013557414137,out
2025-01-01T09:49:00,11.890293287607813,out
2025-01-01T09:50:00,10.734847925064983,out
2025-01-01T09:51:00,11.301301544416448,out
2025-01-01T09:52:00,11.908035125724474,out
2025-01-01T09:53:00,10.496579882639512,out
2025-01-01T09:54:00,10.622563705557361,out
2025-01-01T09:55:00,10.943196906378791,out
2025-01-01T09:56:00,10.881993084318163,out
2025-01-01T09:57:00,11.39279903156377,out
2025-01-01T09:58:00,11.141894065692561,out
2025-01-01T09:59:00,10.312659038416307,out
2025-01-01T10:00:00,11.206164161160324,out
2025-01-01T10:01:00,10.74628346710899,out
2025-01-01T10:02:00,11.4643202473973,out
2025-01-01T10:03:00,10.680692434406964,out
2025-01-01T10:04:00,10.654211608237128,out
2025-01-01T10:05:00,11.102385257838138,out
2025-01-01T10:06:00,11.168123154492427,out
2025-01-01T10:07:00,11.019157748683542,out
2025-01-01T10:08:00,10.142590449761425,out
2025-01-01T10:09:00,11.008900897921968,out
2025-01-01T10:10:00,10.356768458740444,out
2025-01-01T10:11:00,10.841353935337047,out
2025-01-01T10:12:00,10.154449224277656,out
2025-01-01T10:13:00,10.879119505241835,out
2025-01-01T10:14:00,10.354547316935905,out
2025-01-01T10:15:00,10.140678281209798,out
2025-01-01T10:16:00,10.915754935327426,out
2025-01-01T10:17:00,10.703329353097205,out
2025-01-01T10:18:00,10.337475860292612,out
2025-01-01T10:19:00,11.139883979017178,out
2025-01-01T10:20:00,10.3594486018163,out
2025-01-01T10:21:00,10.524801494812944,out
2025-01-01T10:22:00,10.595724835008875,out
2025-01-01T10:23:00,10.216446742029417,out
2025-01-01T10:24:00,10.628874375814775,out
2025-01-01T10:25:00,10.203099200286534,out
2025-01-01T10:26:00,10.227839084664994,out
2025-01-01T10:27:00,10.91352019422694,out
2025-01-01T10:28:00,9.92815234993067,out
2025-01-01T10:29:00,9.355153637449128,out
2025-01-01T10:30:00,10.940475392195298,out
2025-01-01T10:31:00,11.291622885157398,out
2025-01-01T10:32:00,10.085531854315741,out
2025-01-01T10:33:00,9.448609408810944,out
2025-01-01T10:34:00,10.074813769867408,out
2025-01-01T10:35:00,10.060139049765944,out
2025-01-01T10:36:00,10.074238160862897,out
2025-01-01T10:37:00,9.680391011217557,out
2025-01-01T10:38:00,10.333068744547397,out
2025-01-01T10:39:00,10.286505292579394,out
2025-01-01T10:40:00,9.45435861202629,out
2025-01-01T10:41:00,10.307179000697916,out
2025-01-01T10:42:00,10.823915148180983,out
2025-01-01T10:43:00,10.046928004551548,out
2025-01-01T10:44:00,9.818478861915539,out
2025-01-01T10:45:00,9.871835506055962,out
2025-01-01T10:46:00,10.149930645217976,out
2025-01-01T10:47:00,9.186714196699612,out
2025-01-01T10:48:00,9.919858247440606,out
2025-01-01T10:49:00,9.673000214382942,out
2025-01-01T10:50:00,10.543364802208057,out
2025-01-01T10:51:00,9.709580356331443,out
2025-01-01T10:52:00,10.42138527278423,out
2025-01-01T10:53:00,9.287681329691734,out
2025-01-01T10:54:00,9.938995734944651,out
2025-01-01T10:55:00,9.806734189702446,out
2025-01-01T10:56:00,9.306205235756083,out
2025-01-01T10:57:00,9.699601145045223,out
2025-01-01T10:58:00,10.088437791202182,out
2025-01-01T10:59:00,9.448670605033207,out
2025-01-01T11:00:00,8.876129210947221,out
2025-01-01T11:01:00,9.520586558642187,out
2025-01-01T11:02:00,9.141310786409647,out
2025-01-01T11:03:00,9.339983382708407,out
2025-01-01T11:04:00,9.418896265723959,out
2025-01-01T11:05:00,8.743854467550834,out
2025-01-01T11:06:00,8.754408847407163,out
2025-01-01T11:07:00,9.568029079744694,out
2025-01-01T11:08:00,9.14061884759532,out
2025-01-01T11:09:00,8.298286873400778,out
2025-01-01T11:10:00,9.612575298271874,out
2025-01-01T11:11:00,9.382013935048375,out
2025-01-01T11:12:00,8.961920215291963,out
2025-01-01T11:13:00,8.69511842241777,out
2025-01-01T11:14:00,9.530530765028917,out
2025-01-01T11:15:00,9.310282181120943,out
2025-01-01T11:16:00,10.097894885332899,out
2025-01-01T11:17:00,9.287219655542383,out
2025-01-01T11:18:00,9.248494409457692,out
2025-01-01T11:19:00,9.000890100799625,out
2025-01-01T11:20:00,9.3685994128819,out
2025-01-01T11:21:00,9.26613110359341,out
2025-01-01T11:22:00,9.490975638590143,out
2025-01-01T11:23:00,8.755926226168045,out
2025-01-01T11:24:00,8.7644438010638,out
2025-01-01T11:25:00,8.721099048774708,out
2025-01-01T11:26:00,9.20317715524926,out
2025-01-01T11:27:00,9.460305508065769,out
2025-01-01T11:28:00,8.651502408500674,out
2025-01-01T11:29:00,8.639196090525102,out
2025-01-01T11:30:00,8.90878804286823,out
2025-01-01T11:31:00,8.65888921480982,out
2025-01-01T11:32:00,9.11203752168684,out
2025-01-01T11:33:00,7.80451346849941,out
2025-01-01T11:34:00,8.348537263840683,out
2025-01-01T11:35:00,8.34023471552721,out
2025-01-01T11:36:00,7.699028374651465,out
2025-01-01T11:37:00,8.215672991924936,out
2025-01-01T11:38:00,8.209012068782975,out
2025-01-01T11:39:00,8.468567850172883,out
2025-01-01T11:40:00,8.968120813150055,out
2025-01-01T11:41:00,8.398824984596947,out
2025-01-01T11:42:00,8.05842908625861,out
2025-01-01T11:43:00,8.421869124686983,out
2025-01-01T11:44:00,8.838208291041294,out
2025-01-01T11:45:00,8.002035248934897,out
2025-01-01T11:46:00,8.002061283640565,out
2025-01-01T11:47:00,8.563576309089957,out
2025-01-01T11:48:00,8.225401291165342,out
2025-01-01T11:49:00,8.546862647411855,out
2025-01-01T11:50:00,8.256257607473898,out
2025-01-01T11:51:00,8.516224353790241,out
2025-01-01T11:52:00,7.795365734598751,out
2025-01-01T11:53:00,8.17839721894363,out
2025-01-01T11:54:00,8.072785684101978,out
2025-01-01T11:55:00,7.644532940565715,out
2025-01-01T11:56:00,7.479323259476229,out
2025-01-01T11:57:00,8.352837187537933,out
2025-01-01T11:58:00,7.911978260103052,out
2025-01-01T11:59:00,7.617267743049549,out
2025-01-01T12:00:00,7.961528425230667,out
2025-01-01T12:01:00,8.42502768723124,out
2025-01-01T12:02:00,7.0353456488609885,out
2025-01-01T12:03:00,7.322806950610603,out
2025-01-01T12:04:00,7.526130984618193,out
2025-01-01T12:05:00,8.453582236480765,out
2025-01-01T12:06:00,7.9559731033204795,out
2025-01-01T12:07:00,8.123695816925556,out
2025-01-01T12:08:00,7.334538652134503,out
2025-01-01T12:09:00,7.3166267553373805,out
2025-01-01T12:10:00,7.917409162497069,out
2025-01-01T12:11:00,7.735440961246114,out
2025-01-01T12:12:00,7.905479790087989,out
2025-01-01T12:13:00,7.584774878248354,out
2025-01-01T12:14:00,7.744966253372712,out
2025-01-01T12:15:00,7.670828858581186,out
2025-01-01T12:16:00,7.892568113169218,out
2025-01-01T12:17:00,7.8781523716053945,out
2025-01-01T12:18:00,6.881296627876223,out
2025-01-01T12:19:00,6.604243332790431,out
2025-01-01T12:20:00,7.877763702574655,out
2025-01-01T12:21:00,7.92608032532436,out
2025-01-01T12:22:00,7.016676277073323,out
2025-01-01T12:23:00,6.654937467709291,out
2025-01-01T12:24:00,7.412443148796959,out
2025-01-01T12:25:00,7.719134041428426,out
2025-01-01T12:26:00,8.039818526366286,out
2025-01-01T12:27:00,7.501294644093557,out
2025-01-01T12:28:00,7.120097260934838,out
2025-01-01T12:29:00,6.885553936551076,out
2025-01-01T12:30:00,7.221423363347954,out
2025-01-01T12:31:00,7.07118853680356,out
2025-01-01T12:32:00,6.758934231948083,out
2025-01-01T12:33:00,7.958546528398241,out
2025-01-01T12:34:00,7.827210894051189,out
2025-01-01T12:35:00,7.541679156282673,out
2025-01-01T12:36:00,6.693053050634965,out
2025-01-01T12:37:00,7.377552336095958,out
2025-01-01T12:38:00,7.265564928635096,out
2025-01-01T12:39:00,7.160921226587474,out
2025-01-01T12:40:00,7.457977040815931,out
2025-01-01T12:41:00,7.186487184301461,out
2025-01-01T12:42:00,7.202592541568849,out
2025-01-01T12:43:00,7.135618297296477,out
2025-01-01T12:44:00,6.991462590941574,out
2025-01-01T12:45:00,6.116013616017558,out
2025-01-01T12:46:00,6.83724082446104,out
2025-01-01T12:47:00,6.555672709619285,out
2025-01-01T12:48:00,6.240593472037437,out
2025-01-01T12:49:00,7.399660614781652,out
2025-01-01T12:50:00,7.392960452725666,out
2025-01-01T12:51:00,7.219503629989239,out
2025-01-01T12:52:00,6.75237904067916,out
2025-01-01T12:53:00,7.1650477028465795,out
2025-01-01T12:54:00,6.604149089105299,out
2025-01-01T12:55:00,6.655003556802075,out
2025-01-01T12:56:00,6.111080078217202,out
2025-01-01T12:57:00,6.681876763625578,out
2025-01-01T12:58:00,6.521874347043121,out
2025-01-01T12:59:00,5.951327464033049,out
2025-01-01T13:00:00,6.426606884658237,out
2025-01-01T13:01:00,6.38992088770943,out
2025-01-01T13:02:00,7.115594210188316,out
2025-01-01T13:03:00,6.72904263221492,out
2025-01-01T13:04:00,6.350754040734593,out
2025-01-01T13:05:00,6.420540839734481,out
2025-01-01T13:06:00,6.313592883018145,out
2025-01-01T13:07:00,6.189656797277245,out
2025-01-01T13:08:00,5.812798892708267,out
2025-01-01T13:09:00,6.1603297991038035,out
2025-01-01T13:10:00,5.897325900313356,out
2025-01-01T13:11:00,5.670687990262679,out
2025-01-01T13:12:00,6.35038675956933,out
2025-01-01T13:13:00,6.277523025070799,out
2025-01-01T13:14:00,5.381489057022217,out
2025-01-01T13:15:00,6.02228935318298,out
2025-01-01T13:16:00,6.444871627617031,out
2025-01-01T13:17:00,6.445545623981805,out
2025-01-01T13:18:00,6.40749358175147,out
2025-01-01T13:19:00,5.988064974740624,out
2025-01-01T13:20:00,5.609861008858327,out
2025-01-01T13:21:00,5.489818126591819,out
2025-01-01T13:22:00,6.03659767434334,out
2025-01-01T13:23:00,6.02596578575977,out
2025-01-01T13:24:00,6.364724747370227,out
2025-01-01T13:25:00,6.265363630434624,out
2025-01-01T13:26:00,5.748101177041749,out
2025-01-01T13:27:00,5.278973023396636,out
2025-01-01T13:28:00,5.624717800700169,out
2025-01-01T13:29:00,5.815000773809614,out
2025-01-01T13:30:00,5.623066107653701,out
2025-01-01T13:31:00,5.4485765869480165,out
2025-01-01T13:32:00,5.7567671550523185,out
2025-01-01T13:33:00,5.429953765130152,out
2025-01-01T13:34:00,5.3562791529583755,out
2025-01-01T13:35:00,5.708100994568953,out
2025-01-01T13:36:00,5.398783109493517,out
2025-01-01T13:37:00,5.633328639910479,out
2025-01-01T13:38:00,5.621122153203415,out
2025-01-01T13:39:00,5.032269974338804,out
2025-01-01T13:40:00,5.271793980009639,out
2025-01-01T13:41:00,6.015698336557835,out
2025-01-01T13:42:00,4.952101614056517,out
2025-01-01T13:43:00,4.546666675985286,out
2025-01-01T13:44:00,4.625035057968533,out
2025-01-01T13:45:00,5.357911837316661,out
2025-01-01T13:46:00,5.335180032554226,out
2025-01-01T13:47:00,5.2523650116053435,out
2025-01-01T13:48:00,5.761732933134121,out
2025-01-01T13:49:00,4.183622736057087,out
2025-01-01T13:50:00,5.3878818703621265,out
2025-01-01T13:51:00,5.830888158770761,out
2025-01-01T13:52:00,4.732058317327971,out
2025-01-01T13:53:00,5.008159392174982,out
2025-01-01T13:54:00,4.835890671550901,out
2025-01-01T13:55:00,4.756328968052664,out
2025-01-01T13:56:00,4.960637476512763,out
2025-01-01T13:57:00,5.639266664492074,out
2025-01-01T13:58:00,5.7804133095742065,out
2025-01-01T13:59:00,4.888325287932692,out
2025-01-01T14:00:00,5.762024085625789,out
2025-01-01T14:01:00,4.9915867285206925,out
2025-01-01T14:02:00,5.656246232916209,out
2025-01-01T14:03:00,4.894922023676291,out
2025-01-01T14:04:00,4.962194680958133,out
2025-01-01T14:05:00,5.033550240094007,out
2025-01-01T14:06:00,6.136550083451322,out
2025-01-01T14:07:00,5.1832306880267,out
2025-01-01T14:08:00,4.537578602620186,out
2025-01-01T14:09:00,5.185912052616675,out
2025-01-01T14:10:00,4.631469335085322,out
2025-01-01T14:11:00,4.558253098631553,out
2025-01-01T14:12:00,5.095606333866682,out
2025-01-01T14:13:00,4.72267485798898,out
2025-01-01T14:14:00,4.799808453932373,out
2025-01-01T14:15:00,4.672172690628505,out
2025-01-01T14:16:00,4.779475829817693,out
2025-01-01T14:17:00,4.793156792804049,out
2025-01-01T14:18:00,3.826775805368838,out
2025-01-01T14:19:00,4.846648491865996,out
2025-01-01T14:20:00,4.1657336139616055,out
2025-01-01T14:21:00,3.9602092055528346,out
2025-01-01T14:22:00,4.492417768190888,out
2025-01-01T14:23:00,4.528094407501177,out
2025-01-01T14:24:00,4.195886020416249,out
2025-01-01T14:25:00,4.784554852885698,out
2025-01-01T14:26:00,3.894193212943591,out
2025-01-01T14:27:00,4.247274897067022,out
2025-01-01T14:28:00,4.155160207114512,out
2025-01-01T14:29:00,4.3496011636068985,out
2025-01-01T14:30:00,4.458977139806571,out
2025-01-01T14:31:00,3.923539139943888,out
2025-01-01T14:32:00,4.595744219028542,out
2025-01-01T14:33:00,4.310637251474877,out
2025-01-01T14:34:00,3.508133678849519,out
2025-01-01T14:35:00,3.4610225907368335,out
2025-01-01T14:36:00,4.219149936529252,out
2025-01-01T14:37:00,4.115381101510363,out
2025-01-01T14:38:00,4.142162632903565,out
2025-01-01T14:39:00,4.152173005504405,out
2025-01-01T14:40:00,4.233498277684837,out
2025-01-01T14:41:00,4.502315966081538,out
2025-01-01T14:42:00,3.658869749651875,out
2025-01-01T14:43:00,3.6146528480633493,out
2025-01-01T14:44:00,3.626316282902004,out
2025-01-01T14:45:00,4.159491776267069,out
2025-01-01T14:46:00,4.522258662164155,out
2025-01-01T14:47:00,3.8321742286991904,out
2025-01-01T14:48:00,2.9845364241829886,out
2025-01-01T14:49:00,3.284202010347843,out
2025-01-01T14:50:00,3.6132440651876347,out
2025-01-01T14:51:00,3.7041039718042654,out
2025-01-01T14:52:00,3.7446543887231187,out
2025-01-01T14:53:00,3.904334507234212,out
2025-01-01T14:54:00,3.7451740135084988,out
2025-01-01T14:55:00,4.270657509523747,out
2025-01-01T14:56:00,3.5616428549734707,out
2025-01-01T14:57:00,3.4683300571597027,out
2025-01-01T14:58:00,3.9860946296090787,out
2025-01-01T14:59:00,3.161654825293743,out
2025-01-01T15:00:00,3.913235995008716,out
2025-01-01T15:01:00,3.779909019750796,out
2025-01-01T15:02:00,3.661520309107645,out
2025-01-01T15:03:00,4.33749878231178,out
2025-01-01T15:04:00,3.435078219850208,out
2025-01-01T15:05:00,4.489935495851098,out
2025-01-01T15:06:00,3.557581194235034,out
2025-01-01T15:07:00,3.118967602717508,out
2025-01-01T15:08:00,3.639845622682907,out
2025-01-01T15:09:00,3.1635668632583807,out
2025-01-01T15:10:00,3.275633640013857,out
2025-01-01T15:11:00,3.717504555085205,out
2025-01-01T15:12:00,3.763363882595686,out
2025-01-01T15:13:00,3.2747886695281,out
2025-01-01T15:14:00,3.901227733284549,out
2025-01-01T15:15:00,3.9519642583345904,out
2025-01-01T15:16:00,4.046263221288685,out
2025-01-01T15:17:00,3.666375456545992,out
2025-01-01T15:18:00,3.982935691234096,out
2025-01-01T15:19:00,2.6682858101152034,out
2025-01-01T15:20:00,3.2765707218347475,out
2025-01-01T15:21:00,3.0401469050298746,out
2025-01-01T15:22:00,3.417942844124637,out
2025-01-01T15:23:00,3.125064447828193,out
2025-01-01T15:24:00,3.2706610944782835,out
2025-01-01T15:25:00,4.073563053524328,out
2025-01-01T15:26:00,3.2364631403173663,out
2025-01-01T15:27:00,3.4536153415916173,out
2025-01-01T15:28:00,3.179027746389977,out
2025-01-01T15:29:00,3.286147872719673,out
2025-01-01T15:30:00,3.242286630427019,out
2025-01-01T15:31:00,3.4033176111815338,out
2025-01-01T15:32:00,3.674309953935114,out
2025-01-01T15:33:00,3.8514347228949686,out
2025-01-01T15:34:00,3.3007068690603645,out
2025-01-01T15:35:00,3.397151128809345,out
2025-01-01T15:36:00,2.6855522300760892,out
2025-01-01T15:37:00,3.0954054112436795,out
2025-01-01T15:38:00,3.4914226758155196,out
2025-01-01T15:39:00,3.4465381243967883,out
2025-01-01T15:40:00,3.1697316273840705,out
2025-01-01T15:41:00,3.4246759561742017,out
2025-01-01T15:42:00,3.251549551865433,out
2025-01-01T15:43:00,3.5205840085405975,out
2025-01-01T15:44:00,3.1415182274525955,out
2025-01-01T15:45:00,2.868902999956315,out
2025-01-01T15:46:00,3.131021570370201,out
2025-01-01T15:47:00,1.8100453145723339,out
2025-01-01T15:48:00,3.1211308868814744,out
2025-01-01T15:49:00,1.494400792127732,out
2025-01-01T15:50:00,2.2502659621605203,out
2025-01-01T15:51:00,3.106340510152554,out
2025-01-01T15:52:00,3.1027231579681622,out
2025-01-01T15:53:00,2.4329151379706513,out
2025-01-01T15:54:00,2.599318197123873,out
2025-01-01T15:55:00,3.418745171407973,out
2025-01-01T15:56:00,2.663384143158257,out
2025-01-01T15:57:00,3.74072965595248,out
2025-01-01T15:58:00,2.829457096080306,out
2025-01-01T15:59:00,2.9802014395261334,out
2025-01-01T16:00:00,3.450597336692812,out
2025-01-01T16:01:00,2.8432179595425136,out
2025-01-01T16:02:00,2.376928232084282,out
2025-01-01T16:03:00,2.721132976885502,out
2025-01-01T16:04:00,2.7380374626875903,out
2025-01-01T16:05:00,2.193742804874328,out
2025-01-01T16:06:00,2.624764495491879,out
2025-01-01T16:07:00,2.417778733168714,out
2025-01-01T16:08:00,3.0720575457214117,out
2025-01-01T16:09:00,2.7039189248958513,out
2025-01-01T16:10:00,2.5648167012716434,out
2025-01-01T16:11:00,2.623424378836551,out
2025-01-01T16:12:00,2.74320966223226,out
2025-01-01T16:13:00,2.8888520194090916,out
2025-01-01T16:14:00,2.2305089389200963,out
2025-01-01T16:15:00,2.2021284977553615,out
2025-01-01T16:16:00,3.049107408366011,out
2025-01-01T16:17:00,2.4308758151825822,out
2025-01-01T16:18:00,2.017751456862087,out
2025-01-01T16:19:00,2.750794211027035,out
2025-01-01T16:20:00,2.7475012001931765,out
2025-01-01T16:21:00,1.9388548541468293,out
2025-01-01T16:22:00,2.6320250609261837,out
2025-01-01T16:23:00,2.823660975508819,out
2025-01-01T16:24:00,2.6684818348269,out
2025-01-01T16:25:00,2.760923718787876,out
2025-01-01T16:26:00,1.9359319144529579,out
2025-01-01T16:27:00,2.619668801105088,out
2025-01-01T16:28:00,2.3559229754971804,out
2025-01-01T16:29:00,2.273678106487432,out
2025-01-01T16:30:00,2.8049450487001715,out
2025-01-01T16:31:00,3.0384667801642933,out
2025-01-01T16:32:00,3.15464489443942,out
2025-01-01T16:33:00,2.953065831370818,out
2025-01-01T16:34:00,2.373600919455779,out
2025-01-01T16:35:00,2.549040849513746,out
2025-01-01T16:36:00,2.705246589730488,out
2025-01-01T16:37:00,2.4376599216037143,out
2025-01-01T16:38:00,2.432272539674232,out
2025-01-01T16:39:00,2.7003532372155687,out
2025-01-01T16:40:00,2.3381312168741775,out
2025-01-01T16:41:00,2.0612291339123123,out
2025-01-01T16:42:00,2.178361827112587,out
2025-01-01T16:43:00,2.5890300287367927,out
2025-01-01T16:44:00,2.3280858628840813,out
2025-01-01T16:45:00,2.454503213776701,out
2025-01-01T16:46:00,2.5780897656436808,out
2025-01-01T16:47:00,2.1518686576296946,out
2025-01-01T16:48:00,2.5961601676810013,out
2025-01-01T16:49:00,2.4371622435236886,out
2025-01-01T16:50:00,1.7837730607460467,out
2025-01-01T16:51:00,2.846802249731378,out
2025-01-01T16:52:00,2.061873566719022,out
2025-01-01T16:53:00,1.5925336978970412,out
2025-01-01T16:54:00,1.8290641069563207,out
2025-01-01T16:55:00,1.8312828094131,out
2025-01-01T16:56:00,2.253299151833102,out
2025-01-01T16:57:00,2.1157283790596213,out
2025-01-01T16:58:00,2.083484493692025,out
2025-01-01T16:59:00,2.4591568432201147,out
2025-01-01T17:00:00,2.3403951867426716,out
2025-01-01T17:01:00,2.324143514774056,out
2025-01-01T17:02:00,2.355045540662831,out
2025-01-01T17:03:00,2.431068408960369,out
2025-01-01T17:04:00,1.3350443056330437,out
2025-01-01T17:05:00,2.026172280214648,out
2025-01-01T17:06:00,1.2936964518181515,out
2025-01-01T17:07:00,2.1741484199564276,out
2025-01-01T17:08:00,2.1519264223988515,out
2025-01-01T17:09:00,2.5661589868647967,out
2025-01-01T17:10:00,2.6172777143688486,out
2025-01-01T17:11:00,2.2177233805248737,out
2025-01-01T17:12:00,1.9309699646384069,out
2025-01-01T17:13:00,2.3197916101107925,out
2025-01-01T17:14:00,1.9092847173452974,out
2025-01-01T17:15:00,2.1147312570032786,out
2025-01-01T17:16:00,2.504691426098324,out
2025-01-01T17:17:00,1.882189075251172,out
2025-01-01T17:18:00,2.422742010313273,out
2025-01-01T17:19:00,2.366716361599176,out
2025-01-01T17:20:00,1.7092367550744234,out
2025-01-01T17:21:00,2.476221296938494,out
2025-01-01T17:22:00,2.361712928925214,out
2025-01-01T17:23:00,2.118792155587671,out
2025-01-01T17:24:00,1.7689405732181134,out
2025-01-01T17:25:00,1.7261485297632082,out
2025-01-01T17:26:00,1.85083978906729,out
2025-01-01T17:27:00,2.2791294643987627,out
2025-01-01T17:28:00,1.676141520590019,out
2025-01-01T17:29:00,2.229809515126655,out
2025-01-01T17:30:00,1.5546286202057809,out
2025-01-01T17:31:00,1.9663428681461705,out
2025-01-01T17:32:00,2.0885821919816716,out
2025-01-01T17:33:00,3.0196413162940092,out
2025-01-01T17:34:00,1.4876426037323285,out
2025-01-01T17:35:00,2.6244677972621364,out
2025-01-01T17:36:00,2.092805593385272,out
2025-01-01T17:37:00,2.194657657700915,out
2025-01-01T17:38:00,2.0749619751522093,out
2025-01-01T17:39:00,2.2030611618301226,out
2025-01-01T17:40:00,1.961357769704719,out
2025-01-01T17:41:00,2.602227057596415,out
2025-01-01T17:42:00,1.8359075399113434,out
2025-01-01T17:43:00,2.469392718274785,out
2025-01-01T17:44:00,1.756868850355846,out
2025-01-01T17:45:00,1.9887457220078648,out
2025-01-01T17:46:00,1.5824061885527103,out
2025-01-01T17:47:00,2.191659464794916,out
2025-01-01T17:48:00,2.5862731742431704,out
2025-01-01T17:49:00,1.975967209161954,out
2025-01-01T17:50:00,1.9269563910272896,out
2025-01-01T17:51:00,1.558778997328492,out
2025-01-01T17:52:00,1.9119379764645033,out
2025-01-01T17:53:00,1.3656807510911115,out
2025-01-01T17:54:00,1.6369048554591252,out
2025-01-01T17:55:00,2.092142255964199,out
2025-01-01T17:56:00,2.5285191081582106,out
2025-01-01T17:57:00,3.124198379047759,out
2025-01-01T17:58:00,1.7655944275866116,out
2025-01-01T17:59:00,2.5741771783337697,out
2025-01-01T18:00:00,2.097500992160659,out
2025-01-01T18:01:00,1.9395580569770432,out
2025-01-01T18:02:00,2.173266242305433,out
2025-01-01T18:03:00,2.0252806280279416,out
2025-01-01T18:04:00,2.0450721193065395,out
2025-01-01T18:05:00,1.8380945723898772,out
2025-01-01T18:06:00,1.442812186227116,out
2025-01-01T18:07:00,1.385348373970889,out
2025-01-01T18:08:00,2.2649529911979163,out
2025-01-01T18:09:00,1.8939457465213774,out
2025-01-01T18:10:00,1.7672751106463869,out
2025-01-01T18:11:00,2.010311931779557,out
2025-01-01T18:12:00,2.326195692638808,out
2025-01-01T18:13:00,2.081795553866467,out
2025-01-01T18:14:00,1.748769234812411,out
2025-01-01T18:15:00,2.5033636428279595,out
2025-01-01T18:16:00,2.6462898996337074,out
2025-01-01T18:17:00,2.214321551532227,out
2025-01-01T18:18:00,2.407961402138868,out
2025-01-01T18:19:00,2.517390983738956,out
2025-01-01T18:20:00,2.4748715380113318,out
2025-01-01T18:21:00,2.2708101053970786,out
2025-01-01T18:22:00,2.2669616286268806,out
2025-01-01T18:23:00,2.238053119833131,out
2025-01-01T18:24:00,1.5939335579715423,out
2025-01-01T18:25:00,2.3159512334099164,out
2025-01-01T18:26:00,1.496243277489853,out
2025-01-01T18:27:00,1.7237494762204204,out
2025-01-01T18:28:00,2.5661491172753026,out
2025-01-01T18:29:00,2.384058366999389,out
2025-01-01T18:30:00,2.646290147631482,out
2025-01-01T18:31:00,1.9461348622037893,out
2025-01-01T18:32:00,1.5974920510398705,out
2025-01-01T18:33:00,1.9659168002538416,out
2025-01-01T18:34:00,2.106717338724728,out
2025-01-01T18:35:00,2.10142642372944,out
2025-01-01T18:36:00,2.5273421479318543,out
2025-01-01T18:37:00,1.9335136306372303,out
2025-01-01T18:38:00,2.2231001794977807,out
2025-01-01T18:39:00,1.6912127858776913,out
2025-01-01T18:40:00,2.271280393144276,out
2025-01-01T18:41:00,2.096999234196509,out
2025-01-01T18:42:00,1.8005452193024656,out
2025-01-01T18:43:00,2.0109658687770002,out
2025-01-01T18:44:00,2.036566600707927,out
2025-01-01T18:45:00,2.007226265845779,out
2025-01-01T18:46:00,2.828988269182095,out
2025-01-01T18:47:00,2.086348764169345,out
2025-01-01T18:48:00,2.033555951526232,out
2025-01-01T18:49:00,1.2976329781798701,out
2025-01-01T18:50:00,1.7845410164886084,out
2025-01-01T18:51:00,2.042716707166382,out
2025-01-01T18:52:00,1.8794385408179317,out
2025-01-01T18:53:00,2.712407486588427,out
2025-01-01T18:54:00,2.0998053674554518,out
2025-01-01T18:55:00,2.687325280847732,out
2025-01-01T18:56:00,2.202907495964168,out
2025-01-01T18:57:00,2.199505676328103,out
2025-01-01T18:58:00,2.1555955786463534,out
2025-01-01T18:59:00,2.1992428671649247,out
2025-01-01T19:00:00,2.891963043485534,out
2025-01-01T19:01:00,1.283431766326635,out
2025-01-01T19:02:00,1.4175989829727897,out
2025-01-01T19:03:00,2.00800024885567,out
2025-01-01T19:04:00,2.2382409771451135,out
2025-01-01T19:05:00,2.5157426435900327,out
2025-01-01T19:06:00,2.436316470001831,out
2025-01-01T19:07:00,2.1008734700188842,out
2025-01-01T19:08:00,2.6697889415184926,out
2025-01-01T19:09:00,2.681958494517972,out
2025-01-01T19:10:00,2.3513214280192636,out
2025-01-01T19:11:00,2.6706882311350664,out
2025-01-01T19:12:00,2.4027190076019296,out
2025-01-01T19:13:00,2.077212032075584,out
2025-01-01T19:14:00,2.589184804362806,out
2025-01-01T19:15:00,2.362664472060837,out
2025-01-01T19:16:00,2.327424485105893,out
2025-01-01T19:17:00,2.924647306519123,out
2025-01-01T19:18:00,1.3638022020308949,out
2025-01-01T19:19:00,1.7858702403979478,out
2025-01-01T19:20:00,1.8870161047348004,out
2025-01-01T19:21:00,2.225547725437573,out
2025-01-01T19:22:00,2.278123596603202,out
2025-01-01T19:23:00,1.78625848277471,out
2025-01-01T19:24:00,2.0044542280924587,out
2025-01-01T19:25:00,2.0636161128937807,out
2025-01-01T19:26:00,3.4004642289382088,out
2025-01-01T19:27:00,3.147839461867312,out
2025-01-01T19:28:00,2.2721971055254158,out
2025-01-01T19:29:00,2.3013236597718816,out
2025-01-01T19:30:00,1.9970412060569607,out
2025-01-01T19:31:00,1.7035420046871825,out
2025-01-01T19:32:00,2.4302188047219473,out
2025-01-01T19:33:00,2.0881119458089983,out
2025-01-01T19:34:00,2.463699341024452,out
2025-01-01T19:35:00,1.8680487856659256,out
2025-01-01T19:36:00,2.213937470820291,out
2025-01-01T19:37:00,2.588878576658601,out
2025-01-01T19:38:00,2.6867162138543152,out
2025-01-01T19:39:00,2.718129740546317,out
2025-01-01T19:40:00,2.033957684117283,out
2025-01-01T19:41:00,2.915143419328017,out
2025-01-01T19:42:00,2.2644036152600955,out
2025-01-01T19:43:00,2.8489537299073935,out
2025-01-01T19:44:00,2.60298025155772,out
2025-01-01T19:45:00,2.0682085511726904,out
2025-01-01T19:46:00,2.5039147485553728,out
2025-01-01T19:47:00,2.788271836358685,out
2025-01-01T19:48:00,2.899147007059632,out
2025-01-01T19:49:00,2.609501992107813,out
2025-01-01T19:50:00,3.2906465571710917,out
2025-01-01T19:51:00,3.093078483616373,out
2025-01-01T19:52:00,2.599652796286536,out
2025-01-01T19:53:00,3.014704295622462,out
2025-01-01T19:54:00,3.500614718103482,out
2025-01-01T19:55:00,3.523833306068163,out
2025-01-01T19:56:00,2.261081804834624,out
2025-01-01T19:57:00,2.394410713100357,out
2025-01-01T19:58:00,3.3718333390541417,out
2025-01-01T19:59:00,2.36749469273009,out
2025-01-01T20:00:00,2.2748311239766963,out
2025-01-01T20:01:00,2.622509316494006,out
2025-01-01T20:02:00,2.998315721140679,out
2025-01-01T20:03:00,2.8026028483468437,out
2025-01-01T20:04:00,2.5967707476250896,out
2025-01-01T20:05:00,2.600843791272515,out
2025-01-01T20:06:00,2.5992241881103615,out
2025-01-01T20:07:00,2.546082798563045,out
2025-01-01T20:08:00,3.824364573971869,out
2025-01-01T20:09:00,3.0446374982503803,out
2025-01-01T20:10:00,3.294354946884581,out
2025-01-01T20:11:00,2.7581349349660744,out
2025-01-01T20:12:00,2.8935939214530353,out
2025-01-01T20:13:00,2.6968614723653013,out
2025-01-01T20:14:00,1.9360017336293096,out
2025-01-01T20:15:00,2.4599786154455803,out
2025-01-01T20:16:00,2.3015270926775897,out
2025-01-01T20:17:00,2.140547994056225,out
2025-01-01T20:18:00,2.577099278548664,out
2025-01-01T20:19:00,3.6001006440996686,out
2025-01-01T20:20:00,3.0673132671843075,out
2025-01-01T20:21:00,3.6163761739583955,out
2025-01-01T20:22:00,3.2796999206224333,out
2025-01-01T20:23:00,3.4435796384959905,out
2025-01-01T20:24:00,2.7855392356284843,out
2025-01-01T20:25:00,3.3709127560721717,out
2025-01-01T20:26:00,3.4683445299264344,out
2025-01-01T20:27:00,2.961818206960158,out
2025-01-01T20:28:00,3.4320030879627086,out
2025-01-01T20:29:00,3.450463088222198,out
2025-01-01T20:30:00,3.0200589098005555,out
2025-01-01T20:31:00,2.806755184628541,out
2025-01-01T20:32:00,2.798284145600357,out
2025-01-01T20:33:00,3.322700631484115,out
2025-01-01T20:34:00,3.4351550064012417,out
2025-01-01T20:35:00,3.0036827692595414,out
2025-01-01T20:36:00,3.347758367788615,out
2025-01-01T20:37:00,3.58185894996228,out
2025-01-01T20:38:00,3.6175287855397995,out
2025-01-01T20:39:00,4.007701055608235,out
2025-01-01T20:40:00,3.9145256741653482,out
2025-01-01T20:41:00,3.020088608202208,out
2025-01-01T20:42:00,4.1109986902150215,out
2025-01-01T20:43:00,3.2422194918734166,out
2025-01-01T20:44:00,3.889691643645137,out
2025-01-01T20:45:00,3.5161558055465694,out
2025-01-01T20:46:00,3.341405923883201,out
2025-01-01T20:47:00,2.8005770057198283,out
2025-01-01T20:48:00,3.4725052430490932,out
2025-01-01T20:49:00,2.9349379409567646,out
2025-01-01T20:50:00,3.963255673476364,out
2025-01-01T20:51:00,4.200782006241584,out
2025-01-01T20:52:00,3.293113394566298,out
2025-01-01T20:53:00,3.7505624777133058,out
2025-01-01T20:54:00,3.357597165123083,out
2025-01-01T20:55:00,3.414422335586748,out
2025-01-01T20:56:00,3.993759079514242,out
2025-01-01T20:57:00,3.686773034714708,out
2025-01-01T20:58:00,4.416356521847313,out
2025-01-01T20:59:00,3.54599475477912,out
2025-01-01T21:00:00,4.15709384587051,out
2025-01-01T21:01:00,3.814877018447301,out
2025-01-01T21:02:00,4.112855618098588,out
2025-01-01T21:03:00,3.6343941780179403,out
2025-01-01T21:04:00,3.8122262422253814,out
2025-01-01T21:05:00,3.8047221135868075,out
2025-01-01T21:06:00,3.5354496998991607,out
2025-01-01T21:07:00,4.153734671874545,out
2025-01-01T21:08:00,4.168109441856353,out
2025-01-01T21:09:00,4.164617404764577,out
2025-01-01T21:10:00,4.561245015873094,out
2025-01-01T21:11:00,4.545537075886511,out
2025-01-01T21:12:00,3.8352384859071975,out
2025-01-01T21:13:00,4.153930931368665,out
2025-01-01T21:14:00,3.7748394350022876,out
2025-01-01T21:15:00,4.053267235845405,out
2025-01-01T21:16:00,3.8237460464094095,out
2025-01-01T21:17:00,4.7314696088780845,out
2025-01-01T21:18:00,4.24879097015608,out
2025-01-01T21:19:00,4.036044470900448,out
2025-01-01T21:20:00,4.620721770623313,out
2025-01-01T21:21:00,3.2951198241983244,out
2025-01-01T21:22:00,3.3778896403873,out
2025-01-01T21:23:00,4.522103490712812,out
2025-01-01T21:24:00,4.24826503294792,out
2025-01-01T21:25:00,4.344637686999951,out
2025-01-01T21:26:00,3.734353738846863,out
2025-01-01T21:27:00,4.276142819800848,out
2025-01-01T21:28:00,5.1074349122065845,out
2025-01-01T21:29:00,4.656376167711648,out
2025-01-01T21:30:00,4.415314044004798,out
2025-01-01T21:31:00,4.192614507700656,out
2025-01-01T21:32:00,4.231280720339953,out
2025-01-01T21:33:00,3.5583732408960373,out
2025-01-01T21:34:00,4.534119447860414,out
2025-01-01T21:35:00,4.790335353211248,out
2025-01-01T21:36:00,3.8430407553769137,out
2025-01-01T21:37:00,4.229935249252664,out
2025-01-01T21:38:00,4.052796412840993,out
2025-01-01T21:39:00,4.150988381853092,out
2025-01-01T21:40:00,4.579934032622481,out
2025-01-01T21:41:00,3.746258562426789,out
2025-01-01T21:42:00,4.847270753793827,out
2025-01-01T21:43:00,4.92471246180306,out
2025-01-01T21:44:00,4.544401543960751,out
2025-01-01T21:45:00,3.6742951978885703,out
2025-01-01T21:46:00,4.289810637726694,out
2025-01-01T21:47:00,5.203401396521593,out
2025-01-01T21:48:00,3.620968077618409,out
2025-01-01T21:49:00,4.615143806914627,out
2025-01-01T21:50:00,4.304202038532152,out
2025-01-01T21:51:00,5.120141025140262,out
2025-01-01T21:52:00,4.550438833743385,out
2025-01-01T21:53:00,5.004298066383025,out
2025-01-01T21:54:00,5.09119277937194,out
2025-01-01T21:55:00,5.62185078692888,out
2025-01-01T21:56:00,4.828594773069526,out
2025-01-01T21:57:00,5.082659231386729,out
2025-01-01T21:58:00,4.360747630584801,out
2025-01-01T21:59:00,5.4535215630443385,out
2025-01-01T22:00:00,4.695796460771452,out
2025-01-01T22:01:00,4.798399312313654,out
2025-01-01T22:02:00,5.0365595214395125,out
2025-01-01T22:03:00,4.443118812882328,out
2025-01-01T22:04:00,5.182650290093549,out
2025-01-01T22:05:00,5.501053895653678,out
2025-01-01T22:06:00,5.254220967841265,out
2025-01-01T22:07:00,4.5245229712194455,out
2025-01-01T22:08:00,5.133646905552791,out
2025-01-01T22:09:00,5.503124439241126,out
2025-01-01T22:10:00,4.478312814203431,out
2025-01-01T22:11:00,4.822850103771174,out
2025-01-01T22:12:00,5.626674443195325,out
2025-01-01T22:13:00,5.407447527454302,out
2025-01-01T22:14:00,5.487601754191849,out
2025-01-01T22:15:00,6.0900657817353165,out
2025-01-01T22:16:00,5.5571942306680135,out
2025-01-01T22:17:00,5.656483659746765,out
2025-01-01T22:18:00,6.50123163003756,out
2025-01-01T22:19:00,5.355065737355051,out
2025-01-01T22:20:00,5.1451373241084015,out
2025-01-01T22:21:00,5.659160134074285,out
2025-01-01T22:22:00,5.687436955818122,out
2025-01-01T22:23:00,5.32500072754065,out
2025-01-01T22:24:00,5.14662133372326,out
2025-01-01T22:25:00,6.507457629683607,out
2025-01-01T22:26:00,5.738242974603729,out
2025-01-01T22:27:00,5.3386227091335625,out
2025-01-01T22:28:00,6.021985349976196,out
2025-01-01T22:29:00,5.63607616955454,out
2025-01-01T22:30:00,5.602746827282325,out
2025-01-01T22:31:00,5.953017444651199,out
2025-01-01T22:32:00,5.2356075322118505,out
2025-01-01T22:33:00,5.917706256507849,out
2025-01-01T22:34:00,6.566174562746918,out
2025-01-01T22:35:00,6.011842835176713,out
2025-01-01T22:36:00,5.69930746121481,out
2025-01-01T22:37:00,5.671411659842409,out
2025-01-01T22:38:00,5.73461972310515,out
2025-01-01T22:39:00,5.821712586315927,out
2025-01-01T22:40:00,5.796756526942675,out
2025-01-01T22:41:00,6.339024268409864,out
2025-01-01T22:42:00,5.303875203313779,out
2025-01-01T22:43:00,6.366656148588127,out
2025-01-01T22:44:00,5.8947164632000355,out
2025-01-01T22:45:00,6.222142322459177,out
2025-01-01T22:46:00,5.645376897489099,out
2025-01-01T22:47:00,6.6524695878372775,out
2025-01-01T22:48:00,6.644152017819063,out
2025-01-01T22:49:00,6.554650416131962,out
2025-01-01T22:50:00,5.589863292656947,out
2025-01-01T22:51:00,6.552398978572994,out
2025-01-01T22:52:00,6.4077118067178604,out
2025-01-01T22:53:00,5.628713892342433,out
2025-01-01T22:54:00,6.286188978268138,out
2025-01-01T22:55:00,6.466839711427351,out
2025-01-01T22:56:00,6.568605974627261,out
2025-01-01T22:57:00,6.442261847589097,out
2025-01-01T22:58:00,6.513062310269409,out
2025-01-01T22:59:00,7.011257270153386,out
2025-01-01T23:00:00,6.9374992933491475,out
2025-01-01T23:01:00,5.325566329253736,out
2025-01-01T23:02:00,6.370744553738276,out
2025-01-01T23:03:00,6.457219830808457,out
2025-01-01T23:04:00,5.847629197311205,out
2025-01-01T23:05:00,6.611557869335884,out
2025-01-01T23:06:00,7.098830925828766,out
2025-01-01T23:07:00,6.190170510629279,out
2025-01-01T23:08:00,6.784854049412757,out
2025-01-01T23:09:00,6.309485998952415,out
2025-01-01T23:10:00,6.432597506899512,out
2025-01-01T23:11:00,7.317891420729334,out
2025-01-01T23:12:00,6.535506727048711,out
2025-01-01T23:13:00,6.963034488763185,out
2025-01-01T23:14:00,6.0553051470724215,out
2025-01-01T23:15:00,7.5743850924611795,out
2025-01-01T23:16:00,7.0962070062633265,out
2025-01-01T23:17:00,6.807855846887487,out
2025-01-01T23:18:00,7.1368054510470715,out
2025-01-01T23:19:00,6.368410955577822,out
2025-01-01T23:20:00,7.43112323069948,out
2025-01-01T23:21:00,6.854309066707279,out
2025-01-01T23:22:00,6.928086558816557,out
2025-01-01T23:23:00,6.8388823603908495,out
2025-01-01T23:24:00,6.829132648660379,out
2025-01-01T23:25:00,7.36512792751186,out
2025-01-01T23:26:00,7.215506273264026,out
2025-01-01T23:27:00,7.399743524614139,out
2025-01-01T23:28:00,7.161443518445376,out
2025-01-01T23:29:00,7.39617434278853,out
2025-01-01T23:30:00,7.049303349109675,out
2025-01-01T23:31:00,8.13469892174884,out
2025-01-01T23:32:00,6.641611772996912,out
2025-01-01T23:33:00,7.799150544678168,out
2025-01-01T23:34:00,7.867943697680946,out
2025-01-01T23:35:00,7.005935228501972,out
2025-01-01T23:36:00,8.264538664616468,out
2025-01-01T23:37:00,7.797067743505668,out
2025-01-01T23:38:00,7.813381087607818,out
2025-01-01T23:39:00,7.462199162829931,out
2025-01-01T23:40:00,7.390175080226579,out
2025-01-01T23:41:00,7.419387224110928,out
2025-01-01T23:42:00,7.685457664160734,out
2025-01-01T23:43:00,8.115823568841162,out
2025-01-01T23:44:00,7.653986844679814,out
2025-01-01T23:45:00,7.243003775364222,out
2025-01-01T23:46:00,7.9634795877448505,out
2025-01-01T23:47:00,8.02830357317765,out
2025-01-01T23:48:00,7.947848073921448,out
2025-01-01T23:49:00,8.01033079148193,out
2025-01-01T23:50:00,7.62991242374486,out
2025-01-01T23:51:00,7.392845438593353,out
2025-01-01T23:52:00,7.4433256475286775,out
2025-01-01T23:53:00,7.16258362135792,out
2025-01-01T23:54:00,7.937717754771139,out
2025-01-01T23:55:00,7.835731176501992,out
2025-01-01T23:56:00,7.719290479564415,out
2025-01-01T23:57:00,6.739214896833904,out
2025-01-01T23:58:00,7.4487137991320855,out
2025-01-01T23:59:00,8.422156404852787,out
2025-01-02T00:00:00,7.734149599974746,out
2025-01-02T00:01:00,8.170416526771213,out
2025-01-02T00:02:00,7.496085041000143,out
2025-01-02T00:03:00,8.654019766371757,out
2025-01-02T00:04:00,8.047103374601829,out
2025-01-02T00:05:00,8.246905468800776,out
2025-01-02T00:06:00,9.087373606599911,out
2025-01-02T00:07:00,8.789807119494695,out
2025-01-02T00:08:00,8.08677073170018,out
2025-01-02T00:09:00,7.998270820606268,out
2025-01-02T00:10:00,8.131498319584201,out
2025-01-02T00:11:00,8.491828070518675,out
2025-01-02T00:12:00,8.271926083757315,out
2025-01-02T00:13:00,8.182059067378875,out
2025-01-02T00:14:00,8.953163737492755,out
2025-01-02T00:15:00,8.346734818669718,out
2025-01-02T00:16:00,9.338374479679677,out
2025-01-02T00:17:00,8.480947966673261,out
2025-01-02T00:18:00,9.184881932056957,out
2025-01-02T00:19:00,8.639777014157476,out
2025-01-02T00:20:00,8.908118685785727,out
2025-01-02T00:21:00,8.259165291373321,out
2025-01-02T00:22:00,8.233570826086378,out
2025-01-02T00:23:00,8.78501075167845,out
2025-01-02T00:24:00,9.022592076592042,out
2025-01-02T00:25:00,8.669303849911973,out
2025-01-02T00:26:00,8.164661948573961,out
2025-01-02T00:27:00,8.161121038231292,out
2025-01-02T00:28:00,8.160361499556384,out
2025-01-02T00:29:00,8.050144969639225,out
2025-01-02T00:30:00,8.826951297099141,out
2025-01-02T00:31:00,9.259123150325545,out
2025-01-02T00:32:00,8.829672290990468,out
2025-01-02T00:33:00,7.956789829011933,out
2025-01-02T00:34:00,8.81055228264384,out
2025-01-02T00:35:00,8.847620718486457,out
2025-01-02T00:36:00,9.77700629033156,out
2025-01-02T00:37:00,8.381600228455131,out
2025-01-02T00:38:00,8.834014594124389,out
2025-01-02T00:39:00,9.698438095311973,out
2025-01-02T00:40:00,9.221880402540199,out
2025-01-02T00:41:00,9.292986502249617,out
2025-01-02T00:42:00,9.139246927762436,out
2025-01-02T00:43:00,9.25112163151531,out
2025-01-02T00:44:00,9.455897784370679,out
2025-01-02T00:45:00,8.846747404539663,out
2025-01-02T00:46:00,9.547431038066462,out
2025-01-02T00:47:00,8.672649300086846,out
2025-01-02T00:48:00,9.378817334039171,out
2025-01-02T00:49:00,9.344562418253206,out
2025-01-02T00:50:00,9.052120448351772,out
2025-01-02T00:51:00,9.315110499998744,out
2025-01-02T00:52:00,9.100690264996967,out
2025-01-02T00:53:00,8.946521814789785,out
2025-01-02T00:54:00,9.259226286489971,out
2025-01-02T00:55:00,8.984519899808372,out
2025-01-02T00:56:00,9.580650359235305,out
2025-01-02T00:57:00,9.016885560513009,out
2025-01-02T00:58:00,9.78707083352307,out
2025-01-02T00:59:00,9.055020062061637,out
2025-01-02T01:00:00,9.326396304382719,out
2025-01-02T01:01:00,9.328345923461777,out
2025-01-02T01:02:00,10.133488948019476,out
2025-01-02T01:03:00,9.76075867743708,out
2025-01-02T01:04:00,9.569130613884232,out
2025-01-02T01:05:00,9.87846186061384,out
2025-01-02T01:06:00,8.86121512929166,out
2025-01-02T01:07:00,9.71192417294817,out
2025-01-02T01:08:00,10.553235899458326,out
2025-01-02T01:09:00,9.832188052414493,out
2025-01-02T01:10:00,9.83140006469337,out
2025-01-02T01:11:00,10.048437146024943,out
2025-01-02T01:12:00,10.21234406357542,out
2025-01-02T01:13:00,9.07999616174655,out
2025-01-02T01:14:00,9.230897345714139,out
2025-01-02T01:15:00,10.012753308253428,out
2025-01-02T01:16:00,9.667458301983935,out
2025-01-02T01:17:00,10.502953976464685,out
2025-01-02T01:18:00,9.876771399448534,out
2025-01-02T01:19:00,9.253688013734713,out
2025-01-02T01:20:00,9.54491529321641,out
2025-01-02T01:21:00,8.97683193461273,out
2025-01-02T01:22:00,10.007594072643638,out
2025-01-02T01:23:00,10.050392577080537,out
2025-01-02T01:24:00,9.980422613359044,out
2025-01-02T01:25:00,10.606179845314102,out
2025-01-02T01:26:00,10.678415294952458,out
2025-01-02T01:27:00,10.15518925571657,out
2025-01-02T01:28:00,9.39376209350473,out
2025-01-02T01:29:00,10.518804336311499,out
2025-01-02T01:30:00,10.518244685593965,out
2025-01-02T01:31:00,10.444022397883703,out
2025-01-02T01:32:00,10.736978670658887,out
2025-01-02T01:33:00,9.902531899721184,out
2025-01-02T01:34:00,11.195996568025532,out
2025-01-02T01:35:00,10.032709037895676,out
2025-01-02T01:36:00,10.740109029335141,out
2025-01-02T01:37:00,9.789374037915522,out
2025-01-02T01:38:00,10.116053581029412,out
2025-01-02T01:39:00,11.1185058839147,out
2025-01-02T01:40:00,10.431349641243852,out
2025-01-02T01:41:00,10.895381481461868,out
2025-01-02T01:42:00,10.677848736337467,out
2025-01-02T01:43:00,10.56468828202643,out
2025-01-02T01:44:00,11.17576701070754,out
2025-01-02T01:45:00,10.559068611453245,out
2025-01-02T01:46:00,9.964891635633462,out
2025-01-02T01:47:00,10.379294609443928,out
2025-01-02T01:48:00,10.944419689917956,out
2025-01-02T01:49:00,10.90544713324674,out
2025-01-02T01:50:00,10.143668379316024,out
2025-01-02T01:51:00,10.503950114187388,out
2025-01-02T01:52:00,10.584140837034443,out
2025-01-02T01:53:00,10.693730165463366,out
2025-01-02T01:54:00,10.31258712611703,out
2025-01-02T01:55:00,10.634584170268534,out
2025-01-02T01:56:00,10.617413527374207,out
2025-01-02T01:57:00,11.240340752886496,out
2025-01-02T01:58:00,11.278189885016898,out
2025-01-02T01:59:00,10.91897483881572,out
2025-01-02T02:00:00,10.843184081651707,out
2025-01-02T02:01:00,11.078613587088801,out
2025-01-02T02:02:00,10.718600134781994,out
2025-01-02T02:03:00,10.609025683595332,out
2025-01-02T02:04:00,10.714139965890038,out
2025-01-02T02:05:00,10.858714283374544,out
2025-01-02T02:06:00,10.66960186837878,out
2025-01-02T02:07:00,11.222107365536365,out
2025-01-02T02:08:00,11.471401854912711,out
2025-01-02T02:09:00,10.56684777517437,out
2025-01-02T02:10:00,11.233849134567356,out
2025-01-02T02:11:00,11.157872510101429,out
2025-01-02T02:12:00,11.404437684304883,out
2025-01-02T02:13:00,11.284583869878048,out
2025-01-02T02:14:00,10.730182199899694,out
2025-01-02T02:15:00,10.828465678574744,out
2025-01-02T02:16:00,11.366926851058468,out
2025-01-02T02:17:00,11.788341934068615,out
2025-01-02T02:18:00,10.512762473131794,out
2025-01-02T02:19:00,11.558271207498448,out
2025-01-02T02:20:00,11.917307420221334,out
2025-01-02T02:21:00,11.401660789740914,out
2025-01-02T02:22:00,11.704298732676211,out
2025-01-02T02:23:00,11.224270361465486,out
2025-01-02T02:24:00,11.478965034044085,out
2025-01-02T02:25:00,10.89949248285823,out
2025-01-02T02:26:00,10.631199397140493,out
2025-01-02T02:27:00,11.967053923914063,out
2025-01-02T02:28:00,11.216892167822511,out
2025-01-02T02:29:00,11.449552790255991,out
2025-01-02T02:30:00,11.097991672744246,out
2025-01-02T02:31:00,11.109315798973142,out
2025-01-02T02:32:00,11.6244337719161,out
2025-01-02T02:33:00,11.422732818204747,out
2025-01-02T02:34:00,11.886276219023594,out
2025-01-02T02:35:00,11.936556200696188,out
2025-01-02T02:36:00,11.904262204828868,out
2025-01-02T02:37:00,11.891672287746474,out
2025-01-02T02:38:00,12.447576603639336,out
2025-01-02T02:39:00,11.409596504265549,out
2025-01-02T02:40:00,11.834751711638068,out
2025-01-02T02:41:00,12.329819806065617,out
2025-01-02T02:42:00,12.402504213716314,out
2025-01-02T02:43:00,11.347853055038504,out
2025-01-02T02:44:00,11.811411997280695,out
2025-01-02T02:45:00,12.499323328947314,out
2025-01-02T02:46:00,12.178951931374051,out
2025-01-02T02:47:00,12.073395208596914,out
2025-01-02T02:48:00,11.927709760779285,out
2025-01-02T02:49:00,11.88068047432491,out
2025-01-02T02:50:00,12.16882887093009,out
2025-01-02T02:51:00,11.971854823203854,out
2025-01-02T02:52:00,12.07495871195721,out
2025-01-02T02:53:00,12.142537424404168,out
2025-01-02T02:54:00,11.858898842765123,out
2025-01-02T02:55:00,12.361930084246188,out
2025-01-02T02:56:00,13.33364808212015,out
2025-01-02T02:57:00,11.47594810331965,out
2025-01-02T02:58:00,12.335060595475094,out
2025-01-02T02:59:00,11.920012311288248,out
2025-01-02T03:00:00,12.473601718126984,out
2025-01-02T03:01:00,12.279735243070855,out
2025-01-02T03:02:00,12.584244604542071,out
2025-01-02T03:03:00,12.768014291151436,out
2025-01-02T03:04:00,12.393007249139178,out
2025-01-02T03:05:00,12.787004687724203,out
2025-01-02T03:06:00,11.414527068558254,out
2025-01-02T03:07:00,13.00640673846081,out
2025-01-02T03:08:00,12.538147070471956,out
2025-01-02T03:09:00,12.837072398912186,out
2025-01-02T03:10:00,11.935713722924135,out
2025-01-02T03:11:00,12.109000812278856,out
2025-01-02T03:12:00,12.517244270522276,out
2025-01-02T03:13:00,12.469529094635211,out
2025-01-02T03:14:00,12.606961759938006,out
2025-01-02T03:15:00,12.944844909245848,out
2025-01-02T03:16:00,11.822169355215491,out
2025-01-02T03:17:00,12.93491753499122,out
2025-01-02T03:18:00,12.565748557583355,out
2025-01-02T03:19:00,12.497882074245354,out
2025-01-02T03:20:00,12.007820564959909,out
2025-01-02T03:21:00,12.814270459791501,out
2025-01-02T03:22:00,11.664104359913907,out
2025-01-02T03:23:00,12.905713468988598,out
2025-01-02T03:24:00,12.066033434552628,out
2025-01-02T03:25:00,12.70069006360428,out
2025-01-02T03:26:00,12.647981406183314,out
2025-01-02T03:27:00,13.179716844202021,out
2025-01-02T03:28:00,12.656602454034774,out
2025-01-02T03:29:00,12.466482018004793,out
2025-01-02T03:30:00,12.557478963358928,out
2025-01-02T03:31:00,13.285165122709595,out
2025-01-02T03:32:00,13.006331847956115,out
2025-01-02T03:33:00,12.653270883537099,out
2025-01-02T03:34:00,12.728562595717495,out
2025-01-02T03:35:00,12.211796789370716,out
2025-01-02T03:36:00,13.0094916465903,out
2025-01-02T03:37:00,12.165517608711886,out
2025-01-02T03:38:00,13.185411696472096,out
2025-01-02T03:39:00,12.951297967966578,out
2025-01-02T03:40:00,13.86969298556352,out
2025-01-02T03:41:00,12.489827406163256,out
2025-01-02T03:42:00,12.903692295315839,out
2025-01-02T03:43:00,13.678853575132356,out
2025-01-02T03:44:00,13.450781291446813,out
2025-01-02T03:45:00,12.710332853183312,out
2025-01-02T03:46:00,13.092901903752386,out
2025-01-02T03:47:00,13.018516677652588,out
2025-01-02T03:48:00,13.144805754630207,out
2025-01-02T03:49:00,12.766761903392421,out
2025-01-02T03:50:00,13.024620513797018,out
2025-01-02T03:51:00,12.435145980113152,out
2025-01-02T03:52:00,13.142337957685788,out
2025-01-02T03:53:00,13.282121619342108,out
2025-01-02T03:54:00,13.024873221066997,out
2025-01-02T03:55:00,12.483450867803764,out
2025-01-02T03:56:00,13.538416549353256,out
2025-01-02T03:57:00,13.302248484205835,out
2025-01-02T03:58:00,12.879368923568762,out
2025-01-02T03:59:00,13.070772852491148,out
2025-01-02T04:00:00,12.595884661593894,out
2025-01-02T04:01:00,12.799028835823693,out
2025-01-02T04:02:00,13.007009637096541,out
2025-01-02T04:03:00,13.726344367348842,out
2025-01-02T04:04:00,12.991916886481382,out
2025-01-02T04:05:00,13.516445997976549,out
2025-01-02T04:06:00,13.057576194827158,out
2025-01-02T04:07:00,13.38452345357306,out
2025-01-02T04:08:00,13.241127356296039,out
2025-01-02T04:09:00,13.659148464815349,out
2025-01-02T04:10:00,13.108140463781904,out
2025-01-02T04:11:00,12.705091548913442,out
2025-01-02T04:12:00,12.793259532584752,out
2025-01-02T04:13:00,13.145122662889717,out
2025-01-02T04:14:00,12.869982181340927,out
2025-01-02T04:15:00,13.54532125546795,out
2025-01-02T04:16:00,13.20645701185177,out
2025-01-02T04:17:00,14.354032055946098,out
2025-01-02T04:18:00,12.72042586804431,out
2025-01-02T04:19:00,13.508184144210128,out
2025-01-02T04:20:00,12.98666551281763,out
2025-01-02T04:21:00,13.251498506797416,out
2025-01-02T04:22:00,13.516335414595476,out
2025-01-02T04:23:00,12.540423711512815,out
2025-01-02T04:24:00,13.576003192570816,out
2025-01-02T04:25:00,14.253031859626349,out
2025-01-02T04:26:00,13.320985126963306,out
2025-01-02T04:27:00,13.616670403615592,out
2025-01-02T04:28:00,13.9329977979648,out
2025-01-02T04:29:00,13.46762443001191,out
2025-01-02T04:30:00,13.310893119655127,out
2025-01-02T04:31:00,12.642948462616697,out
2025-01-02T04:32:00,13.819499415158711,out
2025-01-02T04:33:00,13.527589953339985,out
2025-01-02T04:34:00,13.177431867336884,out
2025-01-02T04:35:00,13.64268589980787,out
2025-01-02T04:36:00,13.368010416260736,out
2025-01-02T04:37:00,13.39944080566986,out
2025-01-02T04:38:00,13.862549597933867,out
2025-01-02T04:39:00,13.093795051005365,out
2025-01-02T04:40:00,14.057081839144953,out
2025-01-02T04:41:00,13.087981626290862,out
2025-01-02T04:42:00,13.390768383210965,out
2025-01-02T04:43:00,14.433712599983336,out
2025-01-02T04:44:00,14.12405335825287,out
2025-01-02T04:45:00,13.72062237396881,out
2025-01-02T04:46:00,13.313729845036708,out
2025-01-02T04:47:00,13.486485834531305,out
2025-01-02T04:48:00,13.7356492236052,out
2025-01-02T04:49:00,13.72938409079551,out
2025-01-02T04:50:00,13.685953332638976,out
2025-01-02T04:51:00,13.717786661109447,out
2025-01-02T04:52:00,13.652078491896166,out
2025-01-02T04:53:00,13.16863667057288,out
2025-01-02T04:54:00,13.546314112344826,out
2025-01-02T04:55:00,14.12614874791031,out
2025-01-02T04:56:00,13.220236456609465,out
2025-01-02T04:57:00,13.698909214106173,out
2025-01-02T04:58:00,13.453881147743399,out
2025-01-02T04:59:00,13.83326411473212,out
2025-01-02T05:00:00,13.640101685307682,out
2025-01-02T05:01:00,14.393233099473527,out
2025-01-02T05:02:00,14.011519103944748,out
2025-01-02T05:03:00,13.290664191929642,out
2025-01-02T05:04:00,14.09026556230146,out
2025-01-02T05:05:00,13.518191676374745,out
2025-01-02T05:06:00,13.603420973835046,out
2025-01-02T05:07:00,13.965803158805539,out
2025-01-02T05:08:00,13.649521420819356,out
2025-01-02T05:09:00,14.209196249580257,out
2025-01-02T05:10:00,13.547972018114242,out
2025-01-02T05:11:00,13.615808017739528,out
2025-01-02T05:12:00,13.606337246983589,out
2025-01-02T05:13:00,13.648017335565488,out
2025-01-02T05:14:00,14.319224849944103,out
2025-01-02T05:15:00,14.136230199863505,out
2025-01-02T05:16:00,14.573740682290811,out
2025-01-02T05:17:00,14.80176006791276,out
2025-01-02T05:18:00,13.487242632610792,out
2025-01-02T05:19:00,13.93241183680866,out
2025-01-02T05:20:00,13.438366391415874,out
2025-01-02T05:21:00,13.60229398324916,out
2025-01-02T05:22:00,13.66568060512112,out
2025-01-02T05:23:00,13.49911624970608,out
2025-01-02T05:24:00,13.50537513441146,out
2025-01-02T05:25:00,13.872455311398461,out
2025-01-02T05:26:00,13.447407812816937,out
2025-01-02T05:27:00,14.274759104573075,out
2025-01-02T05:28:00,13.574506997482416,out
2025-01-02T05:29:00,15.06902297235985,out
2025-01-02T05:30:00,13.768115387857105,out
2025-01-02T05:31:00,13.980836754845111,out
2025-01-02T05:32:00,13.437140436061517,out
2025-01-02T05:33:00,14.640847444980615,out
2025-01-02T05:34:00,14.409231406380691,out
2025-01-02T05:35:00,14.083104377628361,out
2025-01-02T05:36:00,13.428410352697814,out
2025-01-02T05:37:00,14.054077860595319,out
2025-01-02T05:38:00,13.52380477179617,out
2025-01-02T05:39:00,14.559771670837314,out
2025-01-02T05:40:00,14.300846081291743,out
2025-01-02T05:41:00,14.017568630381662,out
2025-01-02T05:42:00,13.00695373709984,out
2025-01-02T05:43:00,13.590134719133301,out
2025-01-02T05:44:00,14.260488754198894,out
2025-01-02T05:45:00,14.472307016120883,out
2025-01-02T05:46:00,14.432476715128054,out
2025-01-02T05:47:00,13.35354482244751,out
2025-01-02T05:48:00,14.112398131252604,out
2025-01-02T05:49:00,14.399296405502877,out
2025-01-02T05:50:00,13.330955103258248,out
2025-01-02T05:51:00,13.992212411295041,out
2025-01-02T05:52:00,14.105881921437955,out
2025-01-02T05:53:00,13.876895711081584,out
2025-01-02T05:54:00,13.257079207692863,out
2025-01-02T05:55:00,13.868292918449963,out
2025-01-02T05:56:00,13.868163998836339,out
2025-01-02T05:57:00,13.94025700362494,out
2025-01-02T05:58:00,13.774382968215,out
2025-01-02T05:59:00,13.822738023027819,out
2025-01-02T06:00:00,13.984117487061209,out
2025-01-02T06:01:00,14.176924726312292,out
2025-01-02T06:02:00,13.87800083324236,out
2025-01-02T06:03:00,13.83562639409684,out
2025-01-02T06:04:00,14.036027786240131,out
2025-01-02T06:05:00,13.230205792121382,out
2025-01-02T06:06:00,14.188758000743928,out
2025-01-02T06:07:00,13.996976306171094,out
2025-01-02T06:08:00,14.012222372753598,out
2025-01-02T06:09:00,14.379667940482122,out
2025-01-02T06:10:00,13.213163117471847,out
2025-01-02T06:11:00,13.203556770966118,out
2025-01-02T06:12:00,14.101298746656852,out
2025-01-02T06:13:00,13.987503281292685,out
2025-01-02T06:14:00,14.056879567807975,out
2025-01-02T06:15:00,13.802302709362642,out
2025-01-02T06:16:00,14.251125771254918,out
2025-01-02T06:17:00,14.356556647793363,out
2025-01-02T06:18:00,14.17509691997938,out
2025-01-02T06:19:00,13.875061631624735,out
2025-01-02T06:20:00,13.134092433504712,out
2025-01-02T06:21:00,14.282524048662822,out
2025-01-02T06:22:00,14.46106865669011,out
2025-01-02T06:23:00,14.227634474299064,out
2025-01-02T06:24:00,13.615274401262637,out
2025-01-02T06:25:00,14.233855786801021,out
2025-01-02T06:26:00,14.305643017244103,out
2025-01-02T06:27:00,14.581937240849193,out
2025-01-02T06:28:00,13.604832940156749,out
2025-01-02T06:29:00,13.861447864260635,out
2025-01-02T06:30:00,14.247577988700245,out
2025-01-02T06:31:00,13.968159412896558,out
2025-01-02T06:32:00,13.494677371628912,out
2025-01-02T06:33:00,14.103754834928703,out
2025-01-02T06:34:00,14.165559833697568,out
2025-01-02T06:35:00,13.965354221338965,out
2025-01-02T06:36:00,14.013964014442806,out
2025-01-02T06:37:00,13.8184958386871,out
2025-01-02T06:38:00,14.509025183509813,out
2025-01-02T06:39:00,13.553059480863398,out
2025-01-02T06:40:00,13.673918212967738,out
2025-01-02T06:41:00,13.908638391288756,out
2025-01-02T06:42:00,14.251111056464085,out
2025-01-02T06:43:00,13.295753118315243,out
2025-01-02T06:44:00,13.365644400779809,out
2025-01-02T06:45:00,13.069620279325497,out
2025-01-02T06:46:00,13.892626317826286,out
2025-01-02T06:47:00,13.426950508024886,out
2025-01-02T06:48:00,13.715065560395667,out
2025-01-02T06:49:00,14.127937914732756,out
2025-01-02T06:50:00,13.601158954406461,out
2025-01-02T06:51:00,13.944566732148424,out
2025-01-02T06:52:00,13.726485225610723,out
2025-01-02T06:53:00,14.109121276801265,out
2025-01-02T06:54:00,14.024270749325265,out
2025-01-02T06:55:00,13.551278940409725,out
2025-01-02T06:56:00,13.7543136562958,out
2025-01-02T06:57:00,14.232882817328726,out
2025-01-02T06:58:00,13.966236590370285,out
2025-01-02T06:59:00,13.243490810383207,out
2025-01-02T07:00:00,14.057802182202963,out
2025-01-02T07:01:00,13.354879693998384,out
2025-01-02T07:02:00,14.346787947236143,out
2025-01-02T07:03:00,14.184370954658295,out
2025-01-02T07:04:00,13.883524365997273,out
2025-01-02T07:05:00,13.82319226369005,out
2025-01-02T07:06:00,13.66930550679819,out
2025-01-02T07:07:00,14.016837745388898,out
2025-01-02T07:08:00,13.58951726799339,out
2025-01-02T07:09:00,13.824347614999079,out
2025-01-02T07:10:00,14.07107545109714,out
2025-01-02T07:11:00,13.489652180449436,out
2025-01-02T07:12:00,13.459862001774644,out
2025-01-02T07:13:00,13.220448564921478,out
2025-01-02T07:14:00,13.264152832786728,out
2025-01-02T07:15:00,12.950222652394032,out
2025-01-02T07:16:00,13.965042969202113,out
2025-01-02T07:17:00,14.388099939189816,out
2025-01-02T07:18:00,14.225980523941194,out
2025-01-02T07:19:00,12.99662229608762,out
2025-01-02T07:20:00,13.928097593337931,out
2025-01-02T07:21:00,14.197990555504328,out
2025-01-02T07:22:00,13.437309143194922,out
2025-01-02T07:23:00,13.651390230376093,out
2025-01-02T07:24:00,12.798325338661343,out
2025-01-02T07:25:00,13.69874168288745,out
2025-01-02T07:26:00,13.157081516118263,out
2025-01-02T07:27:00,13.65271132439615,out
2025-01-02T07:28:00,12.938621958525173,out
2025-01-02T07:29:00,13.770386313896438,out
2025-01-02T07:30:00,13.953082265238397,out
2025-01-02T07:31:00,13.219933885336646,out
2025-01-02T07:32:00,13.068260088150469,out
2025-01-02T07:33:00,12.650338043873397,out
2025-01-02T07:34:00,13.395795032680676,out
2025-01-02T07:35:00,13.259231301004041,out
2025-01-02T07:36:00,12.860864980916384,out
2025-01-02T07:37:00,13.6517797639874,out
2025-01-02T07:38:00,13.2797794725134,out
2025-01-02T07:39:00,13.018564659492393,out
2025-01-02T07:40:00,13.216017759963723,out
2025-01-02T07:41:00,13.855252688298055,out
2025-01-02T07:42:00,13.656686483601252,out
2025-01-02T07:43:00,13.352179011336132,out
2025-01-02T07:44:00,13.640406285180944,out
2025-01-02T07:45:00,12.916871666641438,out
2025-01-02T07:46:00,13.382554209902963,out
2025-01-02T07:47:00,13.41680259266141,out
2025-01-02T07:48:00,13.15810454173072,out
2025-01-02T07:49:00,13.508286183297386,out
2025-01-02T07:50:00,13.009891617211549,out
2025-01-02T07:51:00,13.513854107888701,out
2025-01-02T07:52:00,13.51842906576608,out
2025-01-02T07:53:00,12.118480476953486,out
2025-01-02T07:54:00,13.749024957375843,out
2025-01-02T07:55:00,12.041307508103946,out
2025-01-02T07:56:00,13.001298632613924,out
2025-01-02T07:57:00,13.645115256139889,out
2025-01-02T07:58:00,13.095219485538422,out
2025-01-02T07:59:00,12.622718493947035,out
2025-01-02T08:00:00,12.758657598019967,out
2025-01-02T08:01:00,13.593775329754623,out
2025-01-02T08:02:00,12.401173150429699,out
2025-01-02T08:03:00,13.608034909393526,out
2025-01-02T08:04:00,13.12096296459576,out
2025-01-02T08:05:00,12.652513091860705,out
2025-01-02T08:06:00,12.88259495720348,out
2025-01-02T08:07:00,12.695223613532722,out
2025-01-02T08:08:00,13.43477865728197,out
2025-01-02T08:09:00,13.367338054128977,out
2025-01-02T08:10:00,12.372684221326896,out
2025-01-02T08:11:00,12.884797230378625,out
2025-01-02T08:12:00,12.686749142734836,out
2025-01-02T08:13:00,13.535120922470306,out
2025-01-02T08:14:00,12.463275285152445,out
2025-01-02T08:15:00,13.63050931568928,out
2025-01-02T08:16:00,12.960907539523475,out
2025-01-02T08:17:00,12.4947647322111,out
2025-01-02T08:18:00,12.673847458128385,out
2025-01-02T08:19:00,12.609234091345602,out
2025-01-02T08:20:00,12.405064904927752,out
2025-01-02T08:21:00,12.937780074862225,out
2025-01-02T08:22:00,12.393526889861178,out
2025-01-02T08:23:00,11.997297408294802,out
2025-01-02T08:24:00,12.702231377910417,out
2025-01-02T08:25:00,12.117525147037743,out
2025-01-02T08:26:00,12.522276816476298,out
2025-01-02T08:27:00,12.443881720705022,out
2025-01-02T08:28:00,12.44332663147343,out
2025-01-02T08:29:00,13.576397255843796,out
2025-01-02T08:30:00,12.78268466861524,out
2025-01-02T08:31:00,12.842285846061198,out
2025-01-02T08:32:00,12.017505203103417,out
2025-01-02T08:33:00,12.4503163318297,out
2025-01-02T08:34:00,12.781769993091093,out
2025-01-02T08:35:00,12.26949533339209,out
2025-01-02T08:36:00,13.02610090614902,out
2025-01-02T08:37:00,12.165277230132705,out
2025-01-02T08:38:00,12.51520104598025,out
2025-01-02T08:39:00,12.378630336450533,out
2025-01-02T08:40:00,12.66199492246664,out
2025-01-02T08:41:00,12.323198789953004,out
2025-01-02T08:42:00,12.45407834277181,out
2025-01-02T08:43:00,12.450937869593107,out
2025-01-02T08:44:00,12.234502378380114,out
2025-01-02T08:45:00,12.705076392272707,out
2025-01-02T08:46:00,12.589089674668987,out
2025-01-02T08:47:00,12.440898672268931,out
2025-01-02T08:48:00,12.28668561947958,out
2025-01-02T08:49:00,12.759926377128997,out
2025-01-02T08:50:00,12.329330323335071,out
2025-01-02T08:51:00,12.283256141483736,out
2025-01-02T08:52:00,12.429998221670276,out
2025-01-02T08:53:00,13.048860492482742,out
2025-01-02T08:54:00,11.816103742865243,out
2025-01-02T08:55:00,12.642126529580677,out
2025-01-02T08:56:00,11.558770337536666,out
2025-01-02T08:57:00,12.38472092383938,out
2025-01-02T08:58:00,12.909535825968584,out
2025-01-02T08:59:00,12.456579663526636,out
2025-01-02T09:00:00,12.310890718535209,out
2025-01-02T09:01:00,11.999908559214582,out
2025-01-02T09:02:00,12.217874465994527,out
2025-01-02T09:03:00,12.085917632888743,out
2025-01-02T09:04:00,11.853559579581445,out
2025-01-02T09:05:00,12.033128088503668,out
2025-01-02T09:06:00,12.209479918413106,out
2025-01-02T09:07:00,11.8042111145459,out
2025-01-02T09:08:00,11.769477432101118,out
2025-01-02T09:09:00,11.528707098160785,out
2025-01-02T09:10:00,12.209831256129522,out
2025-01-02T09:11:00,12.252330149394833,out
2025-01-02T09:12:00,12.10744781584776,out
2025-01-02T09:13:00,12.381358193096473,out
2025-01-02T09:14:00,12.010867344126716,out
2025-01-02T09:15:00,12.11287926554672,out
2025-01-02T09:16:00,12.05788914419807,out
2025-01-02T09:17:00,11.879942507009051,out
2025-01-02T09:18:00,11.684359558729247,out
2025-01-02T09:19:00,12.762404924174549,out
2025-01-02T09:20:00,11.675945266177838,out
2025-01-02T09:21:00,11.570282927435336,out
2025-01-02T09:22:00,11.990073251046628,out
2025-01-02T09:23:00,11.896973737493104,out
2025-01-02T09:24:00,11.214005727254897,out
2025-01-02T09:25:00,12.204612134929851,out
2025-01-02T09:26:00,11.697409989685388,out
2025-01-02T09:27:00,11.270191257772717,out
2025-01-02T09:28:00,12.169482497695501,out
2025-01-02T09:29:00,11.923573908845162,out
2025-01-02T09:30:00,11.14675177727316,out
2025-01-02T09:31:00,12.342637064360455,out
2025-01-02T09:32:00,11.87440908625877,out
2025-01-02T09:33:00,11.585869157173939,out
2025-01-02T09:34:00,12.205024242756759,out
2025-01-02T09:35:00,11.611577003713355,out
2025-01-02T09:36:00,11.515478283713227,out
2025-01-02T09:37:00,11.24137794741581,out
2025-01-02T09:38:00,11.716957909988475,out
2025-01-02T09:39:00,11.653512327152994,out
2025-01-02T09:40:00,11.44733067406216,out
2025-01-02T09:41:00,11.10398603403078,out
2025-01-02T09:42:00,11.450409363215428,out
2025-01-02T09:43:00,11.348910051865563,out
2025-01-02T09:44:00,10.821767693330804,out
2025-01-02T09:45:00,10.74469645758794,out
2025-01-02T09:46:00,11.537683263396264,out
2025-01-02T09:47:00,10.24900405109881,out
2025-01-02T09:48:00,11.349998420874666,out
2025-01-02T09:49:00,11.05461360510644,out
2025-01-02T09:50:00,11.74709629283291,out
2025-01-02T09:51:00,11.004299811832118,out
2025-01-02T09:52:00,11.443309271099993,out
2025-01-02T09:53:00,10.998518005416102,out
2025-01-02T09:54:00,11.18049064969015,out
2025-01-02T09:55:00,11.407374161331155,out
2025-01-02T09:56:00,10.905206162930494,out
2025-01-02T09:57:00,11.466380470261674,out
2025-01-02T09:58:00,10.647751026921636,out
2025-01-02T09:59:00,11.140480999296512,out
2025-01-02T10:00:00,11.36905588911514,out
2025-01-02T10:01:00,11.241314018767387,out
2025-01-02T10:02:00,11.721119311314968,out
2025-01-02T10:03:00,10.626351722057464,out
2025-01-02T10:04:00,10.357198020938592,out
2025-01-02T10:05:00,10.48819857011828,out
2025-01-02T10:06:00,11.127129588177024,out
2025-01-02T10:07:00,11.039087176816816,out
2025-01-02T10:08:00,10.857732040574312,out
2025-01-02T10:09:00,10.344504302307824,out
2025-01-02T10:10:00,11.07723859674183,out
2025-01-02T10:11:00,10.257361579641525,out
2025-01-02T10:12:00,11.187522831388048,out
2025-01-02T10:13:00,11.84356601548056,out
2025-01-02T10:14:00,10.823767337287473,out
2025-01-02T10:15:00,10.88697539557711,out
2025-01-02T10:16:00,10.433082973176244,out
2025-01-02T10:17:00,9.882586215991775,out
2025-01-02T10:18:00,10.341978835637688,out
2025-01-02T10:19:00,10.122254342969253,out
2025-01-02T10:20:00,9.95690773987819,out
2025-01-02T10:21:00,11.200902402022834,out
2025-01-02T10:22:00,10.597304463147745,out
2025-01-02T10:23:00,10.616188147926456,out
2025-01-02T10:24:00,10.316810912376306,out
2025-01-02T10:25:00,10.34733170617505,out
2025-01-02T10:26:00,10.778314686447208,out
2025-01-02T10:27:00,10.355528290827523,out
2025-01-02T10:28:00,10.556664346145537,out
2025-01-02T10:29:00,10.241864050682915,out
2025-01-02T10:30:00,10.159239437897725,out
2025-01-02T10:31:00,9.709126037873853,out
2025-01-02T10:32:00,9.456539935548628,out
2025-01-02T10:33:00,10.11871986463246,out
2025-01-02T10:34:00,10.221606037143077,out
2025-01-02T10:35:00,9.6601762150187,out
2025-01-02T10:36:00,10.136417751257952,out
2025-01-02T10:37:00,10.147247253182496,out
2025-01-02T10:38:00,9.23884108513306,out
2025-01-02T10:39:00,9.710652478673161,out
2025-01-02T10:40:00,10.2150264174482,out
2025-01-02T10:41:00,10.182323799778267,out
2025-01-02T10:42:00,9.541371188842724,out
2025-01-02T10:43:00,10.041523091776616,out
2025-01-02T10:44:00,10.362371816887133,out
2025-01-02T10:45:00,10.239465975415332,out
2025-01-02T10:46:00,9.865713623624979,out
2025-01-02T10:47:00,9.691792313572785,out
2025-01-02T10:48:00,9.602364172515884,out
2025-01-02T10:49:00,10.016313707331927,out
2025-01-02T10:50:00,9.882276386282799,out
2025-01-02T10:51:00,10.031011052294307,out
2025-01-02T10:52:00,9.806979753584878,out
2025-01-02T10:53:00,10.056683188943518,out
2025-01-02T10:54:00,9.741929081406616,out
2025-01-02T10:55:00,9.992849570638635,out
2025-01-02T10:56:00,10.002153243048655,out
2025-01-02T10:57:00,9.30683204710052,out
2025-01-02T10:58:00,8.88017263772125,out
2025-01-02T10:59:00,10.195584429153673,out
2025-01-02T11:00:00,9.655577762900029,out
2025-01-02T11:01:00,8.841817331034724,out
2025-01-02T11:02:00,9.216752225439167,out
2025-01-02T11:03:00,9.785669475121889,out
2025-01-02T11:04:00,9.339660641144855,out
2025-01-02T11:05:00,9.22129078622939,out
2025-01-02T11:06:00,9.961024927260619,out
2025-01-02T11:07:00,8.956287486980967,out
2025-01-02T11:08:00,9.030444982961258,out
2025-01-02T11:09:00,9.408739200148313,out
2025-01-02T11:10:00,9.454819656450177,out
2025-01-02T11:11:00,9.471603246674972,out
2025-01-02T11:12:00,9.611965362734132,out
2025-01-02T11:13:00,9.301281955113677,out
2025-01-02T11:14:00,9.391961182078548,out
2025-01-02T11:15:00,9.066858228370734,out
2025-01-02T11:16:00,9.169933293553958,out
2025-01-02T11:17:00,9.162157888073862,out
2025-01-02T11:18:00,9.179452407280497,out
2025-01-02T11:19:00,9.37667719587616,out
2025-01-02T11:20:00,9.263947338779515,out
2025-01-02T11:21:00,9.033783824254229,out
2025-01-02T11:22:00,8.666635241187654,out
2025-01-02T11:23:00,8.991523896848042,out
2025-01-02T11:24:00,8.927399676283095,out
2025-01-02T11:25:00,8.990012949064782,out
2025-01-02T11:26:00,9.769466589633824,out
2025-01-02T11:27:00,8.651446620530589,out
2025-01-02T11:28:00,9.00395421341054,out
2025-01-02T11:29:00,9.236490408540059,out
2025-01-02T11:30:00,8.82235791896007,out
2025-01-02T11:31:00,9.692331862483847,out
2025-01-02T11:32:00,8.580000343738295,out
2025-01-02T11:33:00,8.83486007367505,out
2025-01-02T11:34:00,8.35969698465025,out
2025-01-02T11:35:00,8.51259135505447,out
2025-01-02T11:36:00,8.726744343764588,out
2025-01-02T11:37:00,8.93964999459555,out
2025-01-02T11:38:00,8.702712448730772,out
2025-01-02T11:39:00,9.052655651714314,out
2025-01-02T11:40:00,8.484948332248882,out
2025-01-02T11:41:00,8.363981833137622,out
2025-01-02T11:42:00,9.55234861727883,out
2025-01-02T11:43:00,8.602346000949208,out
2025-01-02T11:44:00,8.13074622407334,out
2025-01-02T11:45:00,8.114713270481635,out
2025-01-02T11:46:00,7.989219271396605,out
2025-01-02T11:47:00,8.714784467722989,out
2025-01-02T11:48:00,8.16826482030037,out
2025-01-02T11:49:00,8.338813761390659,out
2025-01-02T11:50:00,8.236312854416715,out
2025-01-02T11:51:00,8.52815585773079,out
2025-01-02T11:52:00,7.870699343061398,out
2025-01-02T11:53:00,7.753002164801737,out
2025-01-02T11:54:00,8.24678061271988,out
2025-01-02T11:55:00,8.371273024087325,out
2025-01-02T11:56:00,8.237727363862763,out
2025-01-02T11:57:00,7.754756081789138,out
2025-01-02T11:58:00,8.3233531498268,out
2025-01-02T11:59:00,7.728635484870231,out
2025-01-02T12:00:00,7.791384542085448,out
2025-01-02T12:01:00,7.596238734402718,out
2025-01-02T12:02:00,8.468104126470575,out
2025-01-02T12:03:00,8.174831042982875,out
2025-01-02T12:04:00,8.137282911647846,out
2025-01-02T12:05:00,8.367995258249618,out
2025-01-02T12:06:00,8.967998009448252,out
2025-01-02T12:07:00,7.13307847917701,out
2025-01-02T12:08:00,7.495252387434155,out
2025-01-02T12:09:00,7.517971071775779,out
2025-01-02T12:10:00,7.397955826854915,out
2025-01-02T12:11:00,7.281097929830455,out
2025-01-02T12:12:00,7.5661230369201915,out
2025-01-02T12:13:00,7.173201788503981,out
2025-01-02T12:14:00,7.767725709805828,out
2025-01-02T12:15:00,7.628260553190588,out
2025-01-02T12:16:00,7.773872623440718,out
2025-01-02T12:17:00,7.758440439482909,out
2025-01-02T12:18:00,7.770448167003601,out
2025-01-02T12:19:00,7.353787180197227,out
2025-01-02T12:20:00,8.32552290456752,out
2025-01-02T12:21:00,7.544762734612424,out
2025-01-02T12:22:00,6.679931583828743,out
2025-01-02T12:23:00,6.997921332021058,out
2025-01-02T12:24:00,6.676628024782952,out
2025-01-02T12:25:00,7.353732602548741,out
2025-01-02T12:26:00,7.272058627771228,out
2025-01-02T12:27:00,7.10740533609319,out
2025-01-02T12:28:00,8.073154384529326,out
2025-01-02T12:29:00,7.462399334815787,out
2025-01-02T12:30:00,7.507282191258222,out
2025-01-02T12:31:00,6.818465023180826,out
2025-01-02T12:32:00,6.765303437707203,out
2025-01-02T12:33:00,7.153766467691714,out
2025-01-02T12:34:00,7.18234638908323,out
2025-01-02T12:35:00,6.344735056014717,out
2025-01-02T12:36:00,6.989270400618808,out
2025-01-02T12:37:00,7.041173439526449,out
2025-01-02T12:38:00,6.923654698527483,out
2025-01-02T12:39:00,6.658546811967189,out
2025-01-02T12:40:00,6.742296861229965,out
2025-01-02T12:41:00,6.861595049727831,out
2025-01-02T12:42:00,6.942906856491141,out
2025-01-02T12:43:00,7.122772416967822,out
2025-01-02T12:44:00,7.287488509721078,out
2025-01-02T12:45:00,6.711718978492336,out
2025-01-02T12:46:00,6.621329915050676,out
2025-01-02T12:47:00,6.953211762572657,out
2025-01-02T12:48:00,6.996867821657791,out
2025-01-02T12:49:00,6.55325379375777,out
2025-01-02T12:50:00,7.01751970715785,out
2025-01-02T12:51:00,7.067649526333388,out
2025-01-02T12:52:00,7.166968260200281,out
2025-01-02T12:53:00,7.3361260171534415,out
2025-01-02T12:54:00,6.252761361400797,out
2025-01-02T12:55:00,6.579443929775967,out
2025-01-02T12:56:00,6.5529797050494665,out
2025-01-02T12:57:00,6.483850814413042,out
2025-01-02T12:58:00,6.238014807829297,out
2025-01-02T12:59:00,5.878163509474414,out
2025-01-02T13:00:00,6.484157507796481,out
2025-01-02T13:01:00,6.114470449432987,out
2025-01-02T13:02:00,6.430967135829516,out
2025-01-02T13:03:00,6.053739884130017,out
2025-01-02T13:04:00,5.906312526760268,out
2025-01-02T13:05:00,6.414745259964813,out
2025-01-02T13:06:00,6.3562765424990655,out
2025-01-02T13:07:00,6.502535179723837,out
2025-01-02T13:08:00,7.120115278230636,out
2025-01-02T13:09:00,6.331666362630916,out
2025-01-02T13:10:00,6.389797909800013,out
2025-01-02T13:11:00,5.739789674285011,out
2025-01-02T13:12:00,5.631135057535767,out
2025-01-02T13:13:00,6.754148939806836,out
2025-01-02T13:14:00,5.726780149596132,out
2025-01-02T13:15:00,5.653785579593576,out
2025-01-02T13:16:00,6.030951504770437,out
2025-01-02T13:17:00,5.985779163072326,out
2025-01-02T13:18:00,5.636156242020059,out
2025-01-02T13:19:00,5.8505104044948055,out
2025-01-02T13:20:00,6.439629427106034,out
2025-01-02T13:21:00,5.6009002140023245,out
2025-01-02T13:22:00,5.341286718696734,out
2025-01-02T13:23:00,6.251291220373626,out
2025-01-02T13:24:00,6.046711067503414,out
2025-01-02T13:25:00,5.577164322038333,out
2025-01-02T13:26:00,5.168125833203453,out
2025-01-02T13:27:00,5.478806032365558,out
2025-01-02T13:28:00,5.730478664764826,out
2025-01-02T13:29:00,6.194377131838932,out
2025-01-02T13:30:00,5.289266615861598,out
2025-01-02T13:31:00,5.645926277574493,out
2025-01-02T13:32:00,5.925671093022319,out
2025-01-02T13:33:00,4.679029925645628,out
2025-01-02T13:34:00,6.021020053624088,out
2025-01-02T13:35:00,5.110539631965004,out
2025-01-02T13:36:00,5.692378338927971,out
2025-01-02T13:37:00,5.634360144163439,out
2025-01-02T13:38:00,5.9456751006481054,out
2025-01-02T13:39:00,5.708411327132846,out
2025-01-02T13:40:00,4.513374232863815,out
2025-01-02T13:41:00,5.126675861728855,out
2025-01-02T13:42:00,5.472215470891548,out
2025-01-02T13:43:00,5.3153365011255875,out
2025-01-02T13:44:00,5.5608174111682445,out
2025-01-02T13:45:00,5.662014480953882,out
2025-01-02T13:46:00,5.566193815913022,out
2025-01-02T13:47:00,5.213699376753604,out
2025-01-02T13:48:00,4.5375221971145345,out
2025-01-02T13:49:00,5.070564009756336,out
2025-01-02T13:50:00,5.396055579845378,out
2025-01-02T13:51:00,4.770133977029147,out
2025-01-02T13:52:00,5.4356805153332886,out
2025-01-02T13:53:00,5.523439315797861,out
2025-01-02T13:54:00,5.187794228960692,out
2025-01-02T13:55:00,3.888555439958719,out
2025-01-02T13:56:00,4.579906933437256,out
2025-01-02T13:57:00,5.822748214440709,out
2025-01-02T13:58:00,4.826843522167849,out
2025-01-02T13:59:00,4.229043688697152,out
2025-01-02T14:00:00,5.494098955324114,out
2025-01-02T14:01:00,4.982698374344314,out
2025-01-02T14:02:00,5.396746017818864,out
2025-01-02T14:03:00,5.043024953625439,out
2025-01-02T14:04:00,5.093195205024544,out
2025-01-02T14:05:00,5.032564150122676,out
2025-01-02T14:06:00,5.1440039364727115,out
2025-01-02T14:07:00,5.753688637511224,out
2025-01-02T14:08:00,5.2088869489844525,out
2025-01-02T14:09:00,4.1661771773681195,out
2025-01-02T14:10:00,4.954866956030619,out
2025-01-02T14:11:00,5.2107454790333305,out
2025-01-02T14:12:00,5.213246112524299,out
2025-01-02T14:13:00,4.5395986296568775,out
2025-01-02T14:14:00,5.154355866202908,out
2025-01-02T14:15:00,5.037675561702872,out
2025-01-02T14:16:00,5.673849553963411,out
2025-01-02T14:17:00,4.32316973933019,out
2025-01-02T14:18:00,4.398602347890836,out
2025-01-02T14:19:00,4.457571805038199,out
2025-01-02T14:20:00,4.362452521878219,out
2025-01-02T14:21:00,4.181120559871159,out
2025-01-02T14:22:00,3.410712063464863,out
2025-01-02T14:23:00,4.320622216686145,out
2025-01-02T14:24:00,4.621031710125125,out
2025-01-02T14:25:00,4.25485337161614,out
2025-01-02T14:26:00,5.205215752903601,out
2025-01-02T14:27:00,4.415402721662392,out
2025-01-02T14:28:00,4.905521483161364,out
2025-01-02T14:29:00,4.472804236834626,out
2025-01-02T14:30:00,4.6779943499049805,out
2025-01-02T14:31:00,4.438392941366736,out
2025-01-02T14:32:00,4.85354500080748,out
2025-01-02T14:33:00,4.307812044193957,out
2025-01-02T14:34:00,4.463360463409803,out
2025-01-02T14:35:00,4.390992340355666,out
2025-01-02T14:36:00,4.1087634704500475,out
2025-01-02T14:37:00,4.36576095619478,out
2025-01-02T14:38:00,5.077285176812492,out
2025-01-02T14:39:00,4.055207211278315,out
2025-01-02T14:40:00,4.311060299022068,out
2025-01-02T14:41:00,4.626367702489997,out
2025-01-02T14:42:00,4.559413022396611,out
2025-01-02T14:43:00,4.088128052311416,out
2025-01-02T14:44:00,3.1102903448740133,out
2025-01-02T14:45:00,4.250606236858973,out
2025-01-02T14:46:00,3.1364900072563584,out
2025-01-02T14:47:00,4.592684896371488,out
2025-01-02T14:48:00,4.053005910324154,out
2025-01-02T14:49:00,4.365668763340792,out
2025-01-02T14:50:00,3.58561429903362,out
2025-01-02T14:51:00,3.306192537482327,out
2025-01-02T14:52:00,4.0123115932814795,out
2025-01-02T14:53:00,3.8754606820593898,out
2025-01-02T14:54:00,3.673256215374616,out
2025-01-02T14:55:00,3.884786177599493,out
2025-01-02T14:56:00,4.939024134058921,out
2025-01-02T14:57:00,4.147067459897548,out
2025-01-02T14:58:00,4.2143438565462255,out
2025-01-02T14:59:00,4.113486409885533,out
2025-01-02T15:00:00,4.349144170421598,out
2025-01-02T15:01:00,3.662859077099993,out
2025-01-02T15:02:00,2.8985927820047936,out
2025-01-02T15:03:00,3.626753886249676,out
2025-01-02T15:04:00,4.008655481966696,out
2025-01-02T15:05:00,3.2778960695954367,out
2025-01-02T15:06:00,3.5772073937305473,out
2025-01-02T15:07:00,3.353066283504676,out
2025-01-02T15:08:00,4.212689491022229,out
2025-01-02T15:09:00,3.893847749548517,out
2025-01-02T15:10:00,3.8369522273968406,out
2025-01-02T15:11:00,3.807331760327396,out
2025-01-02T15:12:00,3.5262313461147876,out
2025-01-02T15:13:00,3.6026782626408065,out
2025-01-02T15:14:00,3.032191843053059,out
2025-01-02T15:15:00,2.6143843636259123,out
2025-01-02T15:16:00,3.531774970801379,out
2025-01-02T15:17:00,3.5842061962045584,out
2025-01-02T15:18:00,3.9212700337699693,out
2025-01-02T15:19:00,4.049139507737776,out
2025-01-02T15:20:00,4.031732735285716,out
2025-01-02T15:21:00,2.987739570241695,out
2025-01-02T15:22:00,3.2293464856937732,out
2025-01-02T15:23:00,3.545777853859443,out
2025-01-02T15:24:00,4.349886102355049,out
2025-01-02T15:25:00,3.912732782928276,out
2025-01-02T15:26:00,3.752109923684873,out
2025-01-02T15:27:00,3.1329832324958167,out
2025-01-02T15:28:00,2.9186556258976175,out
2025-01-02T15:29:00,3.57142571089024,out
2025-01-02T15:30:00,2.799615452558847,out
2025-01-02T15:31:00,3.1286134444001465,out
2025-01-02T15:32:00,3.1622757601154783,out
2025-01-02T15:33:00,3.829641959502761,out
2025-01-02T15:34:00,3.034979915112824,out
2025-01-02T15:35:00,2.185632518966062,out
2025-01-02T15:36:00,3.3476758928153045,out
2025-01-02T15:37:00,2.8509473669683554,out
2025-01-02T15:38:00,3.132359299637187,out
2025-01-02T15:39:00,3.065468788693078,out
2025-01-02T15:40:00,2.9756061359389414,out
2025-01-02T15:41:00,3.3862546050609033,out
2025-01-02T15:42:00,2.442096916926824,out
2025-01-02T15:43:00,2.8336558152551294,out
2025-01-02T15:44:00,3.2993897299167045,out
2025-01-02T15:45:00,2.7655484160469817,out
2025-01-02T15:46:00,2.353162383889007,out
2025-01-02T15:47:00,3.2497052022161395,out
2025-01-02T15:48:00,3.417214444504072,out
2025-01-02T15:49:00,2.935767839156447,out
2025-01-02T15:50:00,2.1553130857348743,out
2025-01-02T15:51:00,3.2080209684556875,out
2025-01-02T15:52:00,2.247756270493573,out
2025-01-02T15:53:00,3.0214063607658908,out
2025-01-02T15:54:00,2.529173483978582,out
2025-01-02T15:55:00,2.4065930616555375,out
2025-01-02T15:56:00,2.6802321889554523,out
2025-01-02T15:57:00,2.77024250842038,out
2025-01-02T15:58:00,2.5725417371962687,out
2025-01-02T15:59:00,3.0524682800596876,out
2025-01-02T16:00:00,2.6254198259098347,out
2025-01-02T16:01:00,3.182883461733878,out
2025-01-02T16:02:00,2.8903350906179948,out
2025-01-02T16:03:00,2.4860010749246935,out
2025-01-02T16:04:00,2.4059058036307133,out
2025-01-02T16:05:00,2.0806409461359796,out
2025-01-02T16:06:00,2.8433905951749407,out
2025-01-02T16:07:00,2.5728205518671463,out
2025-01-02T16:08:00,1.7534362316210332,out
2025-01-02T16:09:00,2.4757882261139925,out
2025-01-02T16:10:00,2.317521389228691,out
2025-01-02T16:11:00,3.2961681879538456,out
2025-01-02T16:12:00,1.972849410112473,out
2025-01-02T16:13:00,2.065586019639558,out
2025-01-02T16:14:00,3.0743816876301295,out
2025-01-02T16:15:00,3.161468813789458,out
2025-01-02T16:16:00,2.3092425467147435,out
2025-01-02T16:17:00,2.3429762349409082,out
2025-01-02T16:18:00,2.830982452522165,out
2025-01-02T16:19:00,1.642429208495669,out
2025-01-02T16:20:00,1.817675803977877,out
2025-01-02T16:21:00,2.4388475967092305,out
2025-01-02T16:22:00,3.1601886011923925,out
2025-01-02T16:23:00,2.355135703270772,out
2025-01-02T16:24:00,2.559101970838458,out
2025-01-02T16:25:00,2.9616468343089233,out
2025-01-02T16:26:00,3.340393447000513,out
2025-01-02T16:27:00,2.256513349847287,out
2025-01-02T16:28:00,2.4702361897919882,out
2025-01-02T16:29:00,3.195616258514425,out
2025-01-02T16:30:00,1.8478430948557105,out
2025-01-02T16:31:00,2.857789404116131,out
2025-01-02T16:32:00,2.029570659654776,out
2025-01-02T16:33:00,2.4681316296097195,out
2025-01-02T16:34:00,2.3204469731477433,out
2025-01-02T16:35:00,2.0247481440227206,out
2025-01-02T16:36:00,2.005276669953481,out
2025-01-02T16:37:00,2.499754487585431,out
2025-01-02T16:38:00,2.77818259577469,out
2025-01-02T16:39:00,2.318957503189695,out
2025-01-02T16:40:00,2.389889538777836,out
2025-01-02T16:41:00,2.5814135349781973,out
2025-01-02T16:42:00,1.9555035442417465,out
2025-01-02T16:43:00,2.6313428810084645,out
2025-01-02T16:44:00,2.6546257852280006,out
2025-01-02T16:45:00,3.359869742529531,out
2025-01-02T16:46:00,2.1596163925389713,out
2025-01-02T16:47:00,2.118572522121489,out
2025-01-02T16:48:00,2.601247250858578,out
2025-01-02T16:49:00,2.613266869705185,out
2025-01-02T16:50:00,2.063663434159956,out
2025-01-02T16:51:00,2.108615262484861,out
2025-01-02T16:52:00,2.478623799509003,out
2025-01-02T16:53:00,1.9235381388772503,out
2025-01-02T16:54:00,2.0828679955848366,out
2025-01-02T16:55:00,2.2755379806318046,out
2025-01-02T16:56:00,2.630805298298992,out
2025-01-02T16:57:00,1.9834291348062998,out
2025-01-02T16:58:00,1.481263495935996,out
2025-01-02T16:59:00,1.444637070019839,out
2025-01-02T17:00:00,1.7006798155831366,out
2025-01-02T17:01:00,1.6724572792363677,out
2025-01-02T17:02:00,2.1292698542833906,out
2025-01-02T17:03:00,1.7090624803204315,out
2025-01-02T17:04:00,1.897123658415541,out
2025-01-02T17:05:00,1.8623132271276122,out
2025-01-02T17:06:00,1.9895773332747437,out
2025-01-02T17:07:00,2.68872618184656,out
2025-01-02T17:08:00,2.4185586470607965,out
2025-01-02T17:09:00,2.1543978430593245,out
2025-01-02T17:10:00,1.957813445048066,out
2025-01-02T17:11:00,1.9633202985747193,out
2025-01-02T17:12:00,2.2622129835779456,out
2025-01-02T17:13:00,2.359394794433414,out
2025-01-02T17:14:00,1.7574047698347826,out
2025-01-02T17:15:00,2.129880619826309,out
2025-01-02T17:16:00,1.2975890718488068,out
2025-01-02T17:17:00,2.1899831273151804,out
2025-01-02T17:18:00,2.4053302513997488,out
2025-01-02T17:19:00,1.983728363369906,out
2025-01-02T17:20:00,2.8177642803827943,out
2025-01-02T17:21:00,1.7341682666771145,out
2025-01-02T17:22:00,2.1692625568979165,out
2025-01-02T17:23:00,2.063691901972226,out
2025-01-02T17:24:00,2.033750889451811,out
2025-01-02T17:25:00,2.024102069991538,out
2025-01-02T17:26:00,2.1087468318322875,out
2025-01-02T17:27:00,2.4012751764674594,out
2025-01-02T17:28:00,2.609486082060476,out
2025-01-02T17:29:00,2.053904517877044,out
2025-01-02T17:30:00,2.3774572606257913,out
2025-01-02T17:31:00,1.7672635234149972,out
2025-01-02T17:32:00,2.3511052712425604,out
2025-01-02T17:33:00,1.7367926487396472,out
2025-01-02T17:34:00,2.4748328403757283,out
2025-01-02T17:35:00,2.9199183216233777,out
2025-01-02T17:36:00,1.984035072601804,out
2025-01-02T17:37:00,1.153171494171566,out
2025-01-02T17:38:00,1.808393636498998,out
2025-01-02T17:39:00,2.5179204882677513,out
2025-01-02T17:40:00,2.2440625262596243,out
2025-01-02T17:41:00,2.1201724244834432,out
2025-01-02T17:42:00,2.421963339983169,out
2025-01-02T17:43:00,2.2102802651024556,out
2025-01-02T17:44:00,2.50170577342151,out
2025-01-02T17:45:00,2.3806159312271737,out
2025-01-02T17:46:00,2.6198713905635818,out
2025-01-02T17:47:00,2.1531684102184094,out
2025-01-02T17:48:00,2.3703265520701384,out
2025-01-02T17:49:00,1.8840588518559813,out
2025-01-02T17:50:00,1.765126345885252,out
2025-01-02T17:51:00,2.6873328387232522,out
2025-01-02T17:52:00,2.0901369084145007,out
2025-01-02T17:53:00,2.3247506813246743,out
2025-01-02T17:54:00,2.051552055911212,out
2025-01-02T17:55:00,1.7668215771525593,out
2025-01-02T17:56:00,2.0053069860946127,out
2025-01-02T17:57:00,2.5749116416630438,out
2025-01-02T17:58:00,2.2223244913267415,out
2025-01-02T17:59:00,1.31546785178341,out
2025-01-02T18:00:00,1.9139022173695381,out
2025-01-02T18:01:00,2.7129746327574784,out
2025-01-02T18:02:00,1.9147097168749896,out
2025-01-02T18:03:00,1.2803225578622857,out
2025-01-02T18:04:00,2.7581333832306694,out
2025-01-02T18:05:00,2.274384841445662,out
2025-01-02T18:06:00,1.9740509066215361,out
2025-01-02T18:07:00,1.8542313605468943,out
2025-01-02T18:08:00,2.43659580980212,out
2025-01-02T18:09:00,1.7878324224651858,out
2025-01-02T18:10:00,2.465013240315249,out
2025-01-02T18:11:00,2.223787795379998,out
2025-01-02T18:12:00,2.106095561667497,out
2025-01-02T18:13:00,2.067855898790145,out
2025-01-02T18:14:00,1.9412039947831268,out
2025-01-02T18:15:00,2.431102508652086,out
2025-01-02T18:16:00,1.6684785656003207,out
2025-01-02T18:17:00,1.367728838671002,out
2025-01-02T18:18:00,2.2642720467582222,out
2025-01-02T18:19:00,2.2731023162402897,out
2025-01-02T18:20:00,2.214928272454233,out
2025-01-02T18:21:00,2.1882617823992447,out
2025-01-02T18:22:00,1.8994066584619083,out
2025-01-02T18:23:00,2.3451819722487395,out
2025-01-02T18:24:00,2.014645377088544,out
2025-01-02T18:25:00,1.8408165463400106,out
2025-01-02T18:26:00,1.9138123410383145,out
2025-01-02T18:27:00,2.8498451377807754,out
2025-01-02T18:28:00,1.3507326573338942,out
2025-01-02T18:29:00,2.2478855436400287,out
2025-01-02T18:30:00,1.3796866607076492,out
2025-01-02T18:31:00,2.011511280349517,out
2025-01-02T18:32:00,1.8849405934889023,out
2025-01-02T18:33:00,1.2280803604100257,out
2025-01-02T18:34:00,2.2215198560020033,out
2025-01-02T18:35:00,1.917815712316557,out
2025-01-02T18:36:00,1.234187419404675,out
2025-01-02T18:37:00,2.4138490369483083,out
2025-01-02T18:38:00,2.656288861972185,out
2025-01-02T18:39:00,2.682713382570161,out
2025-01-02T18:40:00,2.2347360581873397,out
2025-01-02T18:41:00,2.1141790695531006,out
2025-01-02T18:42:00,2.6317332029745897,out
2025-01-02T18:43:00,2.7782510477829807,out
2025-01-02T18:44:00,2.5636643804642656,out
2025-01-02T18:45:00,1.7386732766886952,out
2025-01-02T18:46:00,2.2009897135609906,out
2025-01-02T18:47:00,2.301533622809069,out
2025-01-02T18:48:00,1.4072676080302733,out
2025-01-02T18:49:00,2.3243576250722358,out
2025-01-02T18:50:00,3.051420687672156,out
2025-01-02T18:51:00,2.4039205432692397,out
2025-01-02T18:52:00,2.7431448438652906,out
2025-01-02T18:53:00,2.2328903412887913,out
2025-01-02T18:54:00,2.136493148020411,out
2025-01-02T18:55:00,2.324456137152821,out
2025-01-02T18:56:00,1.851894983150246,out
2025-01-02T18:57:00,1.7991044668657172,out
2025-01-02T18:58:00,2.6976359805990993,out
2025-01-02T18:59:00,2.7466613036629464,out
2025-01-02T19:00:00,1.8080025160306497,out
2025-01-02T19:01:00,2.5984755788486673,out
2025-01-02T19:02:00,2.1834332905058518,out
2025-01-02T19:03:00,2.3611920110742872,out
2025-01-02T19:04:00,2.416517280144112,out
2025-01-02T19:05:00,2.6374410609341528,out
2025-01-02T19:06:00,2.2801688715361164,out
2025-01-02T19:07:00,2.8186366332918875,out
2025-01-02T19:08:00,2.385936600125755,out
2025-01-02T19:09:00,2.5195540422446925,out
2025-01-02T19:10:00,1.9443932588957396,out
2025-01-02T19:11:00,3.1490888064222617,out
2025-01-02T19:12:00,2.481590871511064,out
2025-01-02T19:13:00,2.587004212926778,out
2025-01-02T19:14:00,1.6667837442781857,out
2025-01-02T19:15:00,1.9893384137977248,out
2025-01-02T19:16:00,2.8220420215715913,out
2025-01-02T19:17:00,2.4502223249603343,out
2025-01-02T19:18:00,1.5786391595153582,out
2025-01-02T19:19:00,2.7682598800553007,out
2025-01-02T19:20:00,2.144331153543459,out
2025-01-02T19:21:00,2.93537877881578,out
2025-01-02T19:22:00,2.3448325930681313,out
2025-01-02T19:23:00,2.4710714162921406,out
2025-01-02T19:24:00,2.870099272453449,out
2025-01-02T19:25:00,2.0489555959613415,out
2025-01-02T19:26:00,2.020355868974275,out
2025-01-02T19:27:00,2.3485433146092123,out
2025-01-02T19:28:00,2.7677659924477616,out
2025-01-02T19:29:00,1.9144060748492042,out
2025-01-02T19:30:00,1.7895089649766414,out
2025-01-02T19:31:00,2.7962825407948033,out
2025-01-02T19:32:00,2.2357795542585555,out
2025-01-02T19:33:00,2.3303623339384973,out
2025-01-02T19:34:00,1.7549153929131867,out
2025-01-02T19:35:00,2.236539399542523,out
2025-01-02T19:36:00,2.5157003354919345,out
2025-01-02T19:37:00,2.901578881586623,out
2025-01-02T19:38:00,2.2317403082468847,out
2025-01-02T19:39:00,3.2140914051425113,out
2025-01-02T19:40:00,2.2883308681081775,out
2025-01-02T19:41:00,2.3000324066397213,out
2025-01-02T19:42:00,3.199431314659954,out
2025-01-02T19:43:00,2.680394625010037,out
2025-01-02T19:44:00,2.3864258306003667,out
2025-01-02T19:45:00,2.5567102983316286,out
2025-01-02T19:46:00,3.1716232614046707,out
2025-01-02T19:47:00,3.2286074673834495,out
2025-01-02T19:48:00,2.3272435831616862,out
2025-01-02T19:49:00,2.6489236270539367,out
2025-01-02T19:50:00,2.713997731997699,out
2025-01-02T19:51:00,2.2955781310151067,out
2025-01-02T19:52:00,2.6800404217864386,out
2025-01-02T19:53:00,2.7167847149483673,out
2025-01-02T19:54:00,3.183181115602898,out
2025-01-02T19:55:00,3.222609477079432,out
2025-01-02T19:56:00,2.6205979978200227,out
2025-01-02T19:57:00,2.679442700018889,out
2025-01-02T19:58:00,3.0435827451828548,out
2025-01-02T19:59:00,2.5567317334943427,out
2025-01-02T20:00:00,3.0393036379883265,out
2025-01-02T20:01:00,2.781824373825939,out
2025-01-02T20:02:00,2.4424656062553973,out
2025-01-02T20:03:00,2.460826845839423,out
2025-01-02T20:04:00,3.4358196741997666,out
2025-01-02T20:05:00,2.8079601843049966,out
2025-01-02T20:06:00,3.5403006514347677,out
2025-01-02T20:07:00,2.6924321457406575,out
2025-01-02T20:08:00,3.028193503514037,out
2025-01-02T20:09:00,3.882703758983454,out
2025-01-02T20:10:00,2.516696627257373,out
2025-01-02T20:11:00,2.1946401222537304,out
2025-01-02T20:12:00,3.4826126448423462,out
2025-01-02T20:13:00,2.651559422756213,out
2025-01-02T20:14:00,2.9884025219544936,out
2025-01-02T20:15:00,2.776815042004093,out
2025-01-02T20:16:00,3.133039677051876,out
2025-01-02T20:17:00,2.6602470223625674,out
2025-01-02T20:18:00,2.9832668331145813,out
2025-01-02T20:19:00,3.2500445029696317,out
2025-01-02T20:20:00,2.6817641797563403,out
2025-01-02T20:21:00,2.8201170571715686,out
2025-01-02T20:22:00,2.976353756422672,out
2025-01-02T20:23:00,2.559029934519411,out
2025-01-02T20:24:00,2.976873640630815,out
2025-01-02T20:25:00,3.208850990356266,out
2025-01-02T20:26:00,3.0170392596613214,out
2025-01-02T20:27:00,3.0839265266809455,out
2025-01-02T20:28:00,3.2002262713536096,out
2025-01-02T20:29:00,2.961690599819339,out
2025-01-02T20:30:00,3.5163049845993384,out
2025-01-02T20:31:00,3.8302538074576447,out
2025-01-02T20:32:00,3.0861833214814864,out
2025-01-02T20:33:00,3.482177707306612,out
2025-01-02T20:34:00,3.2085041967116523,out
2025-01-02T20:35:00,3.466888039458108,out
2025-01-02T20:36:00,3.9634360437394753,out
2025-01-02T20:37:00,3.5571079527141207,out
2025-01-02T20:38:00,2.660886684149805,out
2025-01-02T20:39:00,3.5685472601380264,out
2025-01-02T20:40:00,3.896878838609731,out
2025-01-02T20:41:00,3.3319667133055835,out
2025-01-02T20:42:00,3.8358181288469475,out
2025-01-02T20:43:00,3.178563877234919,out
2025-01-02T20:44:00,2.877526854854456,out
2025-01-02T20:45:00,3.5454287626591916,out
2025-01-02T20:46:00,2.803674986967457,out
2025-01-02T20:47:00,3.427747344472365,out
2025-01-02T20:48:00,4.055867952193836,out
2025-01-02T20:49:00,2.7947860727804907,out
2025-01-02T20:50:00,3.064537260773695,out
2025-01-02T20:51:00,3.181252045321256,out
2025-01-02T20:52:00,3.5865498464005894,out
2025-01-02T20:53:00,3.4834874664471136,out
2025-01-02T20:54:00,4.207408326604703,out
2025-01-02T20:55:00,4.047555559278141,out
2025-01-02T20:56:00,3.882070376395531,out
2025-01-02T20:57:00,3.760440465189623,out
2025-01-02T20:58:00,3.8777892158688383,out
2025-01-02T20:59:00,3.3940948041349364,out
2025-01-02T21:00:00,4.100243454303354,out
2025-01-02T21:01:00,3.331093951520506,out
2025-01-02T21:02:00,4.128695211761786,out
2025-01-02T21:03:00,4.287714241797445,out
2025-01-02T21:04:00,3.916395618081249,out
2025-01-02T21:05:00,3.7804364417215934,out
2025-01-02T21:06:00,4.02999650916134,out
2025-01-02T21:07:00,2.744294710001574,out
2025-01-02T21:08:00,4.028913127019194,out
2025-01-02T21:09:00,3.8818539276664223,out
2025-01-02T21:10:00,3.92620750908324,out
2025-01-02T21:11:00,4.248412160551123,out
2025-01-02T21:12:00,3.955308793220955,out
2025-01-02T21:13:00,3.548627261334529,out
2025-01-02T21:14:00,3.967718642375425,out
2025-01-02T21:15:00,4.070947303031912,out
2025-01-02T21:16:00,4.10961939068936,out
2025-01-02T21:17:00,4.148209232137686,out
2025-01-02T21:18:00,4.519059327986316,out
2025-01-02T21:19:00,3.688842300928557,out
2025-01-02T21:20:00,4.213554524346697,out
2025-01-02T21:21:00,4.679337867563785,out
2025-01-02T21:22:00,3.4896860795585374,out
2025-01-02T21:23:00,4.275626700936919,out
2025-01-02T21:24:00,3.9899262529117543,out
2025-01-02T21:25:00,4.096175013106403,out
2025-01-02T21:26:00,3.9029891788885074,out
2025-01-02T21:27:00,4.2176160178608155,out
2025-01-02T21:28:00,5.042533393816812,out
2025-01-02T21:29:00,3.8209241753224124,out
2025-01-02T21:30:00,3.879587424956143,out
2025-01-02T21:31:00,3.847462243677232,out
2025-01-02T21:32:00,5.080077175738946,out
2025-01-02T21:33:00,4.225116514367529,out
2025-01-02T21:34:00,4.420807655352882,out
2025-01-02T21:35:00,4.291028933376005,out
2025-01-02T21:36:00,4.095519334883923,out
2025-01-02T21:37:00,4.40044174752962,out
2025-01-02T21:38:00,5.499079708028981,out
2025-01-02T21:39:00,5.093957228166298,out
2025-01-02T21:40:00,4.217366254776816,out
2025-01-02T21:41:00,4.839049065646852,out
2025-01-02T21:42:00,4.268953469384451,out
2025-01-02T21:43:00,3.9126233782910935,out
2025-01-02T21:44:00,5.052646946241366,out
2025-01-02T21:45:00,5.130615740539805,out
2025-01-02T21:46:00,5.106798988546804,out
2025-01-02T21:47:00,4.522294523192684,out
2025-01-02T21:48:00,4.665455496309042,out
2025-01-02T21:49:00,5.0540593932552795,out
2025-01-02T21:50:00,4.932800764858296,out
2025-01-02T21:51:00,4.640857915987513,out
2025-01-02T21:52:00,4.172855686553498,out
2025-01-02T21:53:00,4.888266535745584,out
2025-01-02T21:54:00,5.296612467398751,out
2025-01-02T21:55:00,4.408325135423203,out
2025-01-02T21:56:00,5.165275303210063,out
2025-01-02T21:57:00,5.0648581615911645,out
2025-01-02T21:58:00,5.254829127528703,out
2025-01-02T21:59:00,5.326146337614443,out
2025-01-02T22:00:00,4.72221390322986,out
2025-01-02T22:01:00,4.375917217882767,out
2025-01-02T22:02:00,4.832050829106043,out
2025-01-02T22:03:00,5.423923478029074,out
2025-01-02T22:04:00,4.8743407171115845,out
2025-01-02T22:05:00,4.836450056940615,out
2025-01-02T22:06:00,4.408507301672485,out
2025-01-02T22:07:00,5.861141018711311,out
2025-01-02T22:08:00,5.513456079854778,out
2025-01-02T22:09:00,5.51427127055923,out
2025-01-02T22:10:00,5.616598475301582,out
2025-01-02T22:11:00,5.483439853915619,out
2025-01-02T22:12:00,5.1783254594909005,out
2025-01-02T22:13:00,5.233903712126505,out
2025-01-02T22:14:00,5.151787375504297,out
2025-01-02T22:15:00,6.400164160451986,out
2025-01-02T22:16:00,5.5921379317853095,out
2025-01-02T22:17:00,5.207808279032924,out
2025-01-02T22:18:00,5.603132128816735,out
2025-01-02T22:19:00,5.03623999344872,out
2025-01-02T22:20:00,6.066093116991494,out
2025-01-02T22:21:00,5.223613936452569,out
2025-01-02T22:22:00,5.7122747171115495,out
2025-01-02T22:23:00,5.9620779362163905,out
2025-01-02T22:24:00,5.71348755922719,out
2025-01-02T22:25:00,5.62130785757543,out
2025-01-02T22:26:00,5.611826420390929,out
2025-01-02T22:27:00,5.608960422939548,out
2025-01-02T22:28:00,5.424933833493355,out
2025-01-02T22:29:00,5.499940858271186,out
2025-01-02T22:30:00,6.29573555526983,out
2025-01-02T22:31:00,5.684693642811338,out
2025-01-02T22:32:00,5.43804193175141,out
2025-01-02T22:33:00,5.5701363361963745,out
2025-01-02T22:34:00,6.241140911933104,out
2025-01-02T22:35:00,6.095614423563574,out
2025-01-02T22:36:00,6.073923974021096,out
2025-01-02T22:37:00,5.7712452924497875,out
2025-01-02T22:38:00,6.128100700512365,out
2025-01-02T22:39:00,5.665873207554778,out
2025-01-02T22:40:00,5.844033527507678,out
2025-01-02T22:41:00,6.36042148693673,out
2025-01-02T22:42:00,6.346869916164996,out
2025-01-02T22:43:00,5.629092190042955,out
2025-01-02T22:44:00,5.704380492093623,out
2025-01-02T22:45:00,6.1148440693063915,out
2025-01-02T22:46:00,6.786625011437252,out
2025-01-02T22:47:00,5.354791095309899,out
2025-01-02T22:48:00,6.2572312095785145,out
2025-01-02T22:49:00,5.620396873202677,out
2025-01-02T22:50:00,5.942032805564137,out
2025-01-02T22:51:00,6.074979182920876,out
2025-01-02T22:52:00,6.077566434288824,out
2025-01-02T22:53:00,6.057304015331775,out
2025-01-02T22:54:00,6.29879075592701,out
2025-01-02T22:55:00,6.106923689161808,out
2025-01-02T22:56:00,5.761192911156338,out
2025-01-02T22:57:00,6.683305145818664,out
2025-01-02T22:58:00,6.6977186103900035,out
2025-01-02T22:59:00,6.759082437261214,out
2025-01-02T23:00:00,5.830791930879241,out
2025-01-02T23:01:00,6.5919555718004865,out
2025-01-02T23:02:00,6.768111517996116,out
2025-01-02T23:03:00,6.110599414450207,out
2025-01-02T23:04:00,6.552137925674837,out
2025-01-02T23:05:00,6.527377987918811,out
2025-01-02T23:06:00,7.3361880802918735,out
2025-01-02T23:07:00,7.394596069270538,out
2025-01-02T23:08:00,5.984551116604726,out
2025-01-02T23:09:00,7.67338619216219,out
2025-01-02T23:10:00,6.3352720279100465,out
2025-01-02T23:11:00,7.11920328479229,out
2025-01-02T23:12:00,7.140729047438937,out
2025-01-02T23:13:00,6.379873402422206,out
2025-01-02T23:14:00,7.001099511032454,out
2025-01-02T23:15:00,6.786444570196806,out
2025-01-02T23:16:00,7.076878029593681,out
2025-01-02T23:17:00,6.97312470489984,out
2025-01-02T23:18:00,7.3851226411952045,out
2025-01-02T23:19:00,6.962498544415369,out
2025-01-02T23:20:00,6.890961306227892,out
2025-01-02T23:21:00,7.422328670128716,out
2025-01-02T23:22:00,7.241872750779371,out
2025-01-02T23:23:00,7.328269964105398,out
2025-01-02T23:24:00,6.795558540855168,out
2025-01-02T23:25:00,6.669154570301106,out
2025-01-02T23:26:00,6.886054675921255,out
2025-01-02T23:27:00,6.890715713780682,out
2025-01-02T23:28:00,7.479441101700769,out
2025-01-02T23:29:00,7.581288038475282,out
2025-01-02T23:30:00,7.154790730866723,out
2025-01-02T23:31:00,7.815173792714758,out
2025-01-02T23:32:00,7.816171697075167,out
2025-01-02T23:33:00,7.392135181813183,out
2025-01-02T23:34:00,6.992024008775341,out
2025-01-02T23:35:00,7.976949410662429,out
2025-01-02T23:36:00,7.34842227998271,out
2025-01-02T23:37:00,7.449337708899929,out
2025-01-02T23:38:00,7.28908347463603,out
2025-01-02T23:39:00,7.095074157500701,out
2025-01-02T23:40:00,6.889609771387931,out
2025-01-02T23:41:00,7.756298084349679,out
2025-01-02T23:42:00,7.215885004074277,out
2025-01-02T23:43:00,8.779161550426332,out
2025-01-02T23:44:00,7.1470317244902475,out
2025-01-02T23:45:00,7.104628234626588,out
2025-01-02T23:46:00,7.837764249036234,out
2025-01-02T23:47:00,8.271568666206644,out
2025-01-02T23:48:00,7.711820125319621,out
2025-01-02T23:49:00,7.941028196946845,out
2025-01-02T23:50:00,7.000864708824492,out
2025-01-02T23:51:00,7.493436487168878,out
2025-01-02T23:52:00,7.361156728129967,out
2025-01-02T23:53:00,7.058750580761904,out
2025-01-02T23:54:00,7.889730403762312,out
2025-01-02T23:55:00,6.97197964114846,out
2025-01-02T23:56:00,7.366407174941312,out
2025-01-02T23:57:00,7.706584908966563,out
2025-01-02T23:58:00,7.615126452629326,out
2025-01-02T23:59:00,8.13238354517434,out
2025-01-03T00:00:00,8.122232076760989,out
2025-01-03T00:01:00,8.383699354082664,out
2025-01-03T00:02:00,8.35331270607531,out
2025-01-03T00:03:00,8.534862689172618,out
2025-01-03T00:04:00,8.103947078620081,out
2025-01-03T00:05:00,8.25227607053403,out
2025-01-03T00:06:00,8.361667170614915,out
2025-01-03T00:07:00,8.239893758215338,out
2025-01-03T00:08:00,8.05051925624817,out
2025-01-03T00:09:00,8.102581880818502,out
2025-01-03T00:10:00,7.934692964860022,out
2025-01-03T00:11:00,8.45651550309199,out
2025-01-03T00:12:00,8.2764096678236,out
2025-01-03T00:13:00,8.074887225125552,out
2025-01-03T00:14:00,8.101393309479299,out
2025-01-03T00:15:00,7.908259284267742,out
2025-01-03T00:16:00,8.810075378959624,out
2025-01-03T00:17:00,8.476098008985106,out
2025-01-03T00:18:00,8.12563456653776,out
2025-01-03T00:19:00,8.820268344914027,out
2025-01-03T00:20:00,8.298754932568196,out
2025-01-03T00:21:00,7.986409461175521,out
2025-01-03T00:22:00,8.98356343080899,out
2025-01-03T00:23:00,8.38628957384601,out
2025-01-03T00:24:00,8.463611143522405,out
2025-01-03T00:25:00,8.669673257251452,out
2025-01-03T00:26:00,9.136254971723483,out
2025-01-03T00:27:00,8.713239301093552,out
2025-01-03T00:28:00,8.251569209972788,out
2025-01-03T00:29:00,8.974744616459848,out
2025-01-03T00:30:00,8.58916126361561,out
2025-01-03T00:31:00,9.56427517025412,out
2025-01-03T00:32:00,8.834590716961234,out
2025-01-03T00:33:00,7.966941532787601,out
2025-01-03T00:34:00,9.029802455639928,out
2025-01-03T00:35:00,9.69057943404359,out
2025-01-03T00:36:00,9.568974905659532,out
2025-01-03T00:37:00,9.696837109125578,out
2025-01-03T00:38:00,8.58238156101148,out
2025-01-03T00:39:00,9.380957981484851,out
2025-01-03T00:40:00,8.753091250106895,out
2025-01-03T00:41:00,9.157377032609821,out
2025-01-03T00:42:00,8.584232181456985,out
2025-01-03T00:43:00,8.861361910099319,out
2025-01-03T00:44:00,8.874355293313823,out
2025-01-03T00:45:00,9.52996404415381,out
2025-01-03T00:46:00,9.516495255171042,out
2025-01-03T00:47:00,9.332578398573393,out
2025-01-03T00:48:00,8.707301577684394,out
2025-01-03T00:49:00,9.148410259358787,out
2025-01-03T00:50:00,9.000191090451528,out
2025-01-03T00:51:00,9.672054912806797,out
2025-01-03T00:52:00,9.820980267190063,out
2025-01-03T00:53:00,9.797756579946828,out
2025-01-03T00:54:00,9.098584415368618,out
2025-01-03T00:55:00,8.330302105041245,out
2025-01-03T00:56:00,8.744746614345976,out
2025-01-03T00:57:00,10.045570549406836,out
2025-01-03T00:58:00,9.341778048598716,out
2025-01-03T00:59:00,9.227321841927113,out
2025-01-03T01:00:00,10.209978387989613,out
2025-01-03T01:01:00,10.084251264943179,out
2025-01-03T01:02:00,9.613209745237448,out
2025-01-03T01:03:00,9.511281462764853,out
2025-01-03T01:04:00,9.600983649776746,out
2025-01-03T01:05:00,9.769839203540933,out
2025-01-03T01:06:00,10.344110980751374,out
2025-01-03T01:07:00,9.898164578499426,out
2025-01-03T01:08:00,10.044641841552071,out
2025-01-03T01:09:00,10.24695749348149,out
2025-01-03T01:10:00,9.336364396615872,out
2025-01-03T01:11:00,10.131130551157675,out
2025-01-03T01:12:00,9.736274464385037,out
2025-01-03T01:13:00,8.872544760593392,out
2025-01-03T01:14:00,9.052560121636223,out
2025-01-03T01:15:00,9.521389747211492,out
2025-01-03T01:16:00,10.165898218179974,out
2025-01-03T01:17:00,10.023663697712836,out
2025-01-03T01:18:00,10.07658783827289,out
2025-01-03T01:19:00,10.807877701094629,out
2025-01-03T01:20:00,9.544485014010082,out
2025-01-03T01:21:00,10.065729000791467,out
2025-01-03T01:22:00,10.223018496682322,out
2025-01-03T01:23:00,9.831236981370957,out
2025-01-03T01:24:00,10.161538395304978,out
2025-01-03T01:25:00,9.534648496068463,out
2025-01-03T01:26:00,10.76296984725579,out
2025-01-03T01:27:00,9.950698804046844,out
2025-01-03T01:28:00,11.060199626406867,out
2025-01-03T01:29:00,10.258901974547612,out
2025-01-03T01:30:00,10.707322020350212,out
2025-01-03T01:31:00,10.298944622224456,out
2025-01-03T01:32:00,10.332089238031427,out
2025-01-03T01:33:00,10.1348514050168,out
2025-01-03T01:34:00,10.440143985297983,out
2025-01-03T01:35:00,10.543679616918038,out
2025-01-03T01:36:00,10.126716454888731,out
2025-01-03T01:37:00,10.414295349336903,out
2025-01-03T01:38:00,10.244119909514586,out
2025-01-03T01:39:00,11.431824053070505,out
2025-01-03T01:40:00,10.499817262479542,out
2025-01-03T01:41:00,11.177505300087372,out
2025-01-03T01:42:00,10.504817648526688,out
2025-01-03T01:43:00,10.71038660104046,out
2025-01-03T01:44:00,10.101681252076354,out
2025-01-03T01:45:00,10.474903104566854,out
2025-01-03T01:46:00,10.761400746974546,out
2025-01-03T01:47:00,11.334992178608555,out
2025-01-03T01:48:00,10.812736109507782,out
2025-01-03T01:49:00,11.300731635178936,out
2025-01-03T01:50:00,11.02678332349137,out
2025-01-03T01:51:00,11.444647657736535,out
2025-01-03T01:52:00,10.793212489793317,out
2025-01-03T01:53:00,11.79600708736978,out
2025-01-03T01:54:00,10.668794080391995,out
2025-01-03T01:55:00,10.579347879837256,out
2025-01-03T01:56:00,10.424836581602408,out
2025-01-03T01:57:00,11.864137317604952,out
2025-01-03T01:58:00,11.282320389667959,out
2025-01-03T01:59:00,10.843650728699126,out
2025-01-03T02:00:00,11.499609078749392,out
2025-01-03T02:01:00,11.297720736320267,out
2025-01-03T02:02:00,11.83168116631446,out
2025-01-03T02:03:00,10.448625383366343,out
2025-01-03T02:04:00,10.98408440613462,out
2025-01-03T02:05:00,10.92763099538599,out
2025-01-03T02:06:00,10.345518317732248,out
2025-01-03T02:07:00,11.581414423823094,out
2025-01-03T02:08:00,11.071356963077879,out
2025-01-03T02:09:00,11.49753957748829,out
2025-01-03T02:10:00,12.167706423812787,out
2025-01-03T02:11:00,11.104549351476912,out
2025-01-03T02:12:00,11.099373017027295,out
2025-01-03T02:13:00,11.337225045009081,out
2025-01-03T02:14:00,11.706520853065706,out
2025-01-03T02:15:00,11.10673618799355,out
2025-01-03T02:16:00,11.102772781971627,out
2025-01-03T02:17:00,11.799705274266952,out
2025-01-03T02:18:00,11.549893151084209,out
2025-01-03T02:19:00,10.602089270375888,out
2025-01-03T02:20:00,10.951301898318627,out
2025-01-03T02:21:00,12.063365485754282,out
2025-01-03T02:22:00,11.644989047497162,out
2025-01-03T02:23:00,11.200619621409702,out
2025-01-03T02:24:00,11.458547650860844,out
2025-01-03T02:25:00,11.553152559302163,out
2025-01-03T02:26:00,11.863230064620108,out
2025-01-03T02:27:00,11.046642245480436,out
2025-01-03T02:28:00,11.274510483444098,out
2025-01-03T02:29:00,11.740946230202718,out
2025-01-03T02:30:00,11.61263474185414,out
2025-01-03T02:31:00,11.902047353261372,out
2025-01-03T02:32:00,11.202165893010106,out
2025-01-03T02:33:00,11.857415166367531,out
2025-01-03T02:34:00,12.1717212675767,out
2025-01-03T02:35:00,11.950268251964065,out
2025-01-03T02:36:00,11.831567042203659,out
2025-01-03T02:37:00,11.757878530348702,out
2025-01-03T02:38:00,11.48252886055798,out
2025-01-03T02:39:00,11.807834574907591,out
2025-01-03T02:40:00,12.360607999271393,out
2025-01-03T02:41:00,11.82913247521773,out
2025-01-03T02:42:00,11.540766694241738,out
2025-01-03T02:43:00,11.719659679270176,out
2025-01-03T02:44:00,12.016694292853414,out
2025-01-03T02:45:00,11.806669291728074,out
2025-01-03T02:46:00,12.169841602519675,out
2025-01-03T02:47:00,12.204427500304615,out
2025-01-03T02:48:00,12.37037691031501,out
2025-01-03T02:49:00,12.603624633514016,out
2025-01-03T02:50:00,12.451884735442905,out
2025-01-03T02:51:00,11.699108847538467,out
2025-01-03T02:52:00,11.730576381744479,out
2025-01-03T02:53:00,12.080789351374223,out
2025-01-03T02:54:00,11.949657311266751,out
2025-01-03T02:55:00,11.693747643909235,out
2025-01-03T02:56:00,11.991273505084784,out
2025-01-03T02:57:00,11.99693758560246,out
2025-01-03T02:58:00,11.936716489894618,out
2025-01-03T02:59:00,12.097772552273806,out
2025-01-03T03:00:00,12.714021027246613,out
2025-01-03T03:01:00,12.340807470239405,out
2025-01-03T03:02:00,13.268226325347277,out
2025-01-03T03:03:00,12.36601493495578,out
2025-01-03T03:04:00,12.200012492457004,out
2025-01-03T03:05:00,12.335836925420478,out
2025-01-03T03:06:00,12.454843017451136,out
2025-01-03T03:07:00,12.544327402162825,out
2025-01-03T03:08:00,13.218806740058632,out
2025-01-03T03:09:00,12.06780687062308,out
2025-01-03T03:10:00,12.767282444131835,out
2025-01-03T03:11:00,12.524409003966642,out
2025-01-03T03:12:00,11.830429855836114,out
2025-01-03T03:13:00,12.784623763208101,out
2025-01-03T03:14:00,13.000783749055575,out
2025-01-03T03:15:00,12.168168283362888,out
2025-01-03T03:16:00,12.524683934179842,out
2025-01-03T03:17:00,11.85524820150121,out
2025-01-03T03:18:00,12.058913209726446,out
2025-01-03T03:19:00,12.998606649742072,out
2025-01-03T03:20:00,12.409700056310887,out
2025-01-03T03:21:00,12.169529802465537,out
2025-01-03T03:22:00,12.72153164610969,out
2025-01-03T03:23:00,12.437390891920698,out
2025-01-03T03:24:00,12.474547105631608,out
2025-01-03T03:25:00,12.97503730882725,out
2025-01-03T03:26:00,12.230955597540738,out
2025-01-03T03:27:00,12.349755500211735,out
2025-01-03T03:28:00,12.789696518499879,out
2025-01-03T03:29:00,13.131901358762336,out
2025-01-03T03:30:00,13.255384162343347,out
2025-01-03T03:31:00,12.509987327063085,out
2025-01-03T03:32:00,13.166763847051612,out
2025-01-03T03:33:00,12.493865958758198,out
2025-01-03T03:34:00,13.553624902466025,out
2025-01-03T03:35:00,12.385159215437,out
2025-01-03T03:36:00,13.385493490566375,out
2025-01-03T03:37:00,12.606849449062583,out
2025-01-03T03:38:00,13.689991692055752,out
2025-01-03T03:39:00,13.136377622511066,out
2025-01-03T03:40:00,12.508505653970657,out
2025-01-03T03:41:00,12.720986235835976,out
2025-01-03T03:42:00,13.25722961382159,out
2025-01-03T03:43:00,13.380596261809352,out
2025-01-03T03:44:00,12.945939198640461,out
2025-01-03T03:45:00,13.006680986200656,out
2025-01-03T03:46:00,13.30665614546063,out
2025-01-03T03:47:00,13.070436305890881,out
2025-01-03T03:48:00,12.514621463937193,out
2025-01-03T03:49:00,12.72104446793028,out
2025-01-03T03:50:00,13.154396652137978,out
2025-01-03T03:51:00,13.560559896822916,out
2025-01-03T03:52:00,13.734681546603372,out
2025-01-03T03:53:00,13.413925118281956,out
2025-01-03T03:54:00,13.230757290539099,out
2025-01-03T03:55:00,13.428996778430667,out
2025-01-03T03:56:00,12.87630346412993,out
2025-01-03T03:57:00,13.09514608490543,out
2025-01-03T03:58:00,12.84012267411336,out
2025-01-03T03:59:00,12.683515986943288,out
2025-01-03T04:00:00,13.329572027361113,out
2025-01-03T04:01:00,13.283398209568748,out
2025-01-03T04:02:00,13.497195169443001,out
2025-01-03T04:03:00,13.453420774793761,out
2025-01-03T04:04:00,13.344775951365918,out
2025-01-03T04:05:00,13.483007200516067,out
2025-01-03T04:06:00,13.255829437480797,out
2025-01-03T04:07:00,13.45050098732127,out
2025-01-03T04:08:00,13.007227796079016,out
2025-01-03T04:09:00,13.4578081950339,out
2025-01-03T04:10:00,13.589432073183731,out
2025-01-03T04:11:00,13.066230277685536,out
2025-01-03T04:12:00,13.366771984727341,out
2025-01-03T04:13:00,13.108432656615076,out
2025-01-03T04:14:00,13.159003491005706,out
2025-01-03T04:15:00,12.931264707155265,out
2025-01-03T04:16:00,13.899074247861622,out
2025-01-03T04:17:00,13.830463505823547,out
2025-01-03T04:18:00,13.630485247790094,out
2025-01-03T04:19:00,14.215609253503732,out
2025-01-03T04:20:00,13.362148443592542,out
2025-01-03T04:21:00,14.661564008994738,out
2025-01-03T04:22:00,13.36875585911397,out
2025-01-03T04:23:00,13.572649602164939,out
2025-01-03T04:24:00,13.322161580279518,out
2025-01-03T04:25:00,13.640799098740803,out
2025-01-03T04:26:00,13.836606417465243,out
2025-01-03T04:27:00,13.467180703672154,out
2025-01-03T04:28:00,14.23371705956169,out
2025-01-03T04:29:00,13.628865543876092,out
2025-01-03T04:30:00,13.651471349511798,out
2025-01-03T04:31:00,13.189643946299912,out
2025-01-03T04:32:00,13.730502757220874,out
2025-01-03T04:33:00,13.519246428907797,out
2025-01-03T04:34:00,13.339209516157231,out
2025-01-03T04:35:00,13.281457452437442,out
2025-01-03T04:36:00,14.670187910885883,out
2025-01-03T04:37:00,13.505420358044455,out
2025-01-03T04:38:00,13.037238967177876,out
2025-01-03T04:39:00,13.349859431641873,out
2025-01-03T04:40:00,13.617528588924964,out
2025-01-03T04:41:00,13.865722904584816,out
2025-01-03T04:42:00,13.877767555243194,out
2025-01-03T04:43:00,13.935179943067316,out
2025-01-03T04:44:00,13.415167330940966,out
2025-01-03T04:45:00,13.817756954371252,out
2025-01-03T04:46:00,13.339518145592965,out
2025-01-03T04:47:00,13.450337564005656,out
2025-01-03T04:48:00,13.339255507970817,out
2025-01-03T04:49:00,13.239019256020361,out
2025-01-03T04:50:00,14.147985500032563,out
2025-01-03T04:51:00,14.005564347134674,out
2025-01-03T04:52:00,14.128494683769462,out
2025-01-03T04:53:00,13.761153391238603,out
2025-01-03T04:54:00,14.063641488755216,out
2025-01-03T04:55:00,13.055783364458552,out
2025-01-03T04:56:00,14.112805182848053,out
2025-01-03T04:57:00,13.845579350723895,out
2025-01-03T04:58:00,14.032626559311401,out
2025-01-03T04:59:00,13.940733262592321,out
2025-01-03T05:00:00,13.400732895919656,out
2025-01-03T05:01:00,13.203059723327238,out
2025-01-03T05:02:00,13.524064175795461,out
2025-01-03T05:03:00,14.04135237074969,out
2025-01-03T05:04:00,14.097810923726135,out
2025-01-03T05:05:00,13.280875507926822,out
2025-01-03T05:06:00,13.441779775398773,out
2025-01-03T05:07:00,13.550981276386354,out
2025-01-03T05:08:00,13.703298364604684,out
2025-01-03T05:09:00,13.307233590710016,out
2025-01-03T05:10:00,13.288955336263546,out
2025-01-03T05:11:00,13.53465252021305,out
2025-01-03T05:12:00,13.903387138892837,out
2025-01-03T05:13:00,13.402035099006104,out
2025-01-03T05:14:00,13.83322682373627,out
2025-01-03T05:15:00,14.308132808876108,out
2025-01-03T05:16:00,13.369051205720579,out
2025-01-03T05:17:00,13.812124082988843,out
2025-01-03T05:18:00,14.309432138884034,out
2025-01-03T05:19:00,13.73693682973222,out
2025-01-03T05:20:00,13.67937864172988,out
2025-01-03T05:21:00,14.378734680071055,out
2025-01-03T05:22:00,13.795232777634768,out
2025-01-03T05:23:00,14.363776209443618,out
2025-01-03T05:24:00,14.097716200021706,out
2025-01-03T05:25:00,13.793031201642629,out
2025-01-03T05:26:00,14.125971392410513,out
2025-01-03T05:27:00,14.066088126456435,out
2025-01-03T05:28:00,14.349961540850412,out
2025-01-03T05:29:00,13.725857169175285,out
2025-01-03T05:30:00,13.96515159495551,out
2025-01-03T05:31:00,13.927423426236434,out
2025-01-03T05:32:00,14.236936166503845,out
2025-01-03T05:33:00,13.548339063951886,out
2025-01-03T05:34:00,14.368221953354666,out
2025-01-03T05:35:00,14.150869538202084,out
2025-01-03T05:36:00,13.44036134275646,out
2025-01-03T05:37:00,14.45311623969767,out
2025-01-03T05:38:00,14.866014422522165,out
2025-01-03T05:39:00,14.375563153267732,out
2025-01-03T05:40:00,14.547962095441061,out
2025-01-03T05:41:00,14.013541567627604,out
2025-01-03T05:42:00,13.316902034503363,out
2025-01-03T05:43:00,13.245852930129903,out
2025-01-03T05:44:00,14.087417119106048,out
2025-01-03T05:45:00,13.75036201633963,out
2025-01-03T05:46:00,13.622978279200261,out
2025-01-03T05:47:00,13.965251349756622,out
2025-01-03T05:48:00,14.238011323671959,out
2025-01-03T05:49:00,13.411987300204846,out
2025-01-03T05:50:00,13.814738281378991,out
2025-01-03T05:51:00,14.599322490692462,out
2025-01-03T05:52:00,13.566229610026024,out
2025-01-03T05:53:00,14.345106019886261,out
2025-01-03T05:54:00,13.804051645233747,out
2025-01-03T05:55:00,14.216889666419435,out
2025-01-03T05:56:00,14.438017173819494,out
2025-01-03T05:57:00,14.29599867223805,out
2025-01-03T05:58:00,14.363435379270578,out
2025-01-03T05:59:00,13.539305470961224,out
2025-01-03T06:00:00,14.445463882696519,out
2025-01-03T06:01:00,13.658865638470479,out
2025-01-03T06:02:00,14.103588244613643,out
2025-01-03T06:03:00,14.102784440242932,out
2025-01-03T06:04:00,14.19313519448618,out
2025-01-03T06:05:00,14.133354832903532,out
2025-01-03T06:06:00,13.660419958443455,out
2025-01-03T06:07:00,13.457254580101992,out
2025-01-03T06:08:00,14.34528443409928,out
2025-01-03T06:09:00,14.069708048451902,out
2025-01-03T06:10:00,14.454040065874272,out
2025-01-03T06:11:00,13.975197145234556,out
2025-01-03T06:12:00,13.429711464256659,out
2025-01-03T06:13:00,14.376801895745734,out
2025-01-03T06:14:00,13.84066054666676,out
2025-01-03T06:15:00,14.12395492240003,out
2025-01-03T06:16:00,13.726400530167137,out
2025-01-03T06:17:00,14.641221794690392,out
2025-01-03T06:18:00,13.63087807272549,out
2025-01-03T06:19:00,13.8444211133441,out
2025-01-03T06:20:00,14.0201476696294,out
2025-01-03T06:21:00,13.537956634613188,out
2025-01-03T06:22:00,14.10458500163811,out
2025-01-03T06:23:00,14.614575300492467,out
2025-01-03T06:24:00,13.770946507932155,out
2025-01-03T06:25:00,14.122395156946608,out
2025-01-03T06:26:00,12.861656979644103,out
2025-01-03T06:27:00,13.942839061535622,out
2025-01-03T06:28:00,13.830059995477452,out
2025-01-03T06:29:00,13.624630657114137,out
2025-01-03T06:30:00,14.381249356094276,out
2025-01-03T06:31:00,13.814697911671763,out
2025-01-03T06:32:00,13.870617417611987,out
2025-01-03T06:33:00,13.787031171002395,out
2025-01-03T06:34:00,13.16736883146547,out
2025-01-03T06:35:00,13.47737448677578,out
2025-01-03T06:36:00,14.310567438018914,out
2025-01-03T06:37:00,13.077997940609404,out
2025-01-03T06:38:00,13.611187469377107,out
2025-01-03T06:39:00,13.753448331832562,out
2025-01-03T06:40:00,14.606295264989877,out
2025-01-03T06:41:00,14.211685692076292,out
2025-01-03T06:42:00,13.67666123456249,out
2025-01-03T06:43:00,14.41650786519928,out
2025-01-03T06:44:00,13.593556772485536,out
2025-01-03T06:45:00,14.288351603912986,out
2025-01-03T06:46:00,13.335997329355772,out
2025-01-03T06:47:00,14.303575967623166,out
2025-01-03T06:48:00,13.706432146214441,out
2025-01-03T06:49:00,13.451984942399566,out
2025-01-03T06:50:00,13.770918597489073,out
2025-01-03T06:51:00,13.962991594939163,out
2025-01-03T06:52:00,13.648321016501127,out
2025-01-03T06:53:00,14.061856953160822,out
2025-01-03T06:54:00,13.601021968920433,out
2025-01-03T06:55:00,14.076201376452111,out
2025-01-03T06:56:00,13.99866318247062,out
2025-01-03T06:57:00,13.791016236357354,out
2025-01-03T06:58:00,13.632332917322268,out
2025-01-03T06:59:00,13.862891951789766,out
2025-01-03T07:00:00,14.015656454947889,out
2025-01-03T07:01:00,14.613443604065523,out
2025-01-03T07:02:00,14.157550887971013,out
2025-01-03T07:03:00,14.165127398648222,out
2025-01-03T07:04:00,15.002975053574026,out
2025-01-03T07:05:00,13.966682517022713,out
2025-01-03T07:06:00,13.946775813733842,out
2025-01-03T07:07:00,14.02703419455755,out
2025-01-03T07:08:00,13.334242144742914,out
2025-01-03T07:09:00,13.55255901217562,out
2025-01-03T07:10:00,13.519833997812427,out
2025-01-03T07:11:00,13.973420388747497,out
2025-01-03T07:12:00,13.636669272882443,out
2025-01-03T07:13:00,13.753484127400982,out
2025-01-03T07:14:00,14.124923779296582,out
2025-01-03T07:15:00,14.026841072452289,out
2025-01-03T07:16:00,13.608423052379406,out
2025-01-03T07:17:00,13.396536083605419,out
2025-01-03T07:18:00,14.109958839214347,out
2025-01-03T07:19:00,13.956612563902173,out
2025-01-03T07:20:00,12.9956529973973,out
2025-01-03T07:21:00,13.503886439971593,out
2025-01-03T07:22:00,13.686239320297092,out
2025-01-03T07:23:00,13.922343144964485,out
2025-01-03T07:24:00,13.965523156959119,out
2025-01-03T07:25:00,13.705609616166985,out
2025-01-03T07:26:00,13.816604420435691,out
2025-01-03T07:27:00,13.598512038182806,out
2025-01-03T07:28:00,13.293562452128501,out
2025-01-03T07:29:00,13.448737267688896,out
2025-01-03T07:30:00,13.550873669723764,out
2025-01-03T07:31:00,13.51933413001528,out
2025-01-03T07:32:00,12.768799958937255,out
2025-01-03T07:33:00,13.353753926921618,out
2025-01-03T07:34:00,13.524842707546407,out
2025-01-03T07:35:00,13.379320877954402,out
2025-01-03T07:36:00,13.382543227650972,out
2025-01-03T07:37:00,13.66576880978437,out
2025-01-03T07:38:00,13.028184750439808,out
2025-01-03T07:39:00,12.797642157370003,out
2025-01-03T07:40:00,13.298578805885231,out
2025-01-03T07:41:00,13.732376634926926,out
2025-01-03T07:42:00,14.090532921893823,out
2025-01-03T07:43:00,13.717040731573427,out
2025-01-03T07:44:00,12.805458773847464,out
2025-01-03T07:45:00,13.288289553445425,out
2025-01-03T07:46:00,13.472259922044765,out
2025-01-03T07:47:00,13.428910107236259,out
2025-01-03T07:48:00,13.56176096630736,out
2025-01-03T07:49:00,12.967283270330118,out
2025-01-03T07:50:00,13.348042234089629,out
2025-01-03T07:51:00,13.478054956688705,out
2025-01-03T07:52:00,13.627953938475027,out
2025-01-03T07:53:00,12.963057162587198,out
2025-01-03T07:54:00,13.134839929074637,out
2025-01-03T07:55:00,12.178833462215712,out
2025-01-03T07:56:00,12.999133455805264,out
2025-01-03T07:57:00,13.02521008524837,out
2025-01-03T07:58:00,12.814300372372424,out
2025-01-03T07:59:00,13.275437747027915,out
2025-01-03T08:00:00,13.173774249888528,out
2025-01-03T08:01:00,12.279327480195333,out
2025-01-03T08:02:00,13.255978150369856,out
2025-01-03T08:03:00,12.785108816693109,out
2025-01-03T08:04:00,13.33727938788888,out
2025-01-03T08:05:00,12.616730724946219,out
2025-01-03T08:06:00,13.127843601536933,out
2025-01-03T08:07:00,12.988848018418777,out
2025-01-03T08:08:00,13.209529330918693,out
2025-01-03T08:09:00,13.124245841284381,out
2025-01-03T08:10:00,12.958283004868733,out
2025-01-03T08:11:00,12.43172515216866,out
2025-01-03T08:12:00,12.441140222288134,out
2025-01-03T08:13:00,12.78416215944967,out
2025-01-03T08:14:00,13.00000297883118,out
2025-01-03T08:15:00,12.745518494935625,out
2025-01-03T08:16:00,13.224310207562036,out
2025-01-03T08:17:00,12.847850127078464,out
2025-01-03T08:18:00,12.558752041820291,out
2025-01-03T08:19:00,12.818643110457819,out
2025-01-03T08:20:00,13.005256200260575,out
2025-01-03T08:21:00,13.029803218499909,out
2025-01-03T08:22:00,13.636044762935168,out
2025-01-03T08:23:00,12.60188015578871,out
2025-01-03T08:24:00,12.824710501613527,out
2025-01-03T08:25:00,13.009117204332666,out
2025-01-03T08:26:00,12.813771980022983,out
2025-01-03T08:27:00,12.607275617750904,out
2025-01-03T08:28:00,12.172110189746066,out
2025-01-03T08:29:00,12.57167819158653,out
2025-01-03T08:30:00,12.330639076660292,out
2025-01-03T08:31:00,12.053494770013554,out
2025-01-03T08:32:00,12.4097929849721,out
2025-01-03T08:33:00,12.293064896977889,out
2025-01-03T08:34:00,12.92916355923167,out
2025-01-03T08:35:00,12.919743633523012,out
2025-01-03T08:36:00,12.301324052909477,out
2025-01-03T08:37:00,12.542264412267873,out
2025-01-03T08:38:00,11.886450435481308,out
2025-01-03T08:39:00,12.41531501236768,out
2025-01-03T08:40:00,12.755859418994811,out
2025-01-03T08:41:00,12.909369974540818,out
2025-01-03T08:42:00,12.277216960923662,out
2025-01-03T08:43:00,12.96613185051531,out
2025-01-03T08:44:00,11.921980712731246,out
2025-01-03T08:45:00,12.011987725216347,out
2025-01-03T08:46:00,12.777599070989169,out
2025-01-03T08:47:00,13.144792741795499,out
2025-01-03T08:48:00,12.656241748137845,out
2025-01-03T08:49:00,12.425171810307392,out
2025-01-03T08:50:00,11.545590522251864,out
2025-01-03T08:51:00,11.596956234196728,out
2025-01-03T08:52:00,12.439886024473376,out
2025-01-03T08:53:00,12.227000751465935,out
2025-01-03T08:54:00,11.909912153212884,out
2025-01-03T08:55:00,12.360396804690557,out
2025-01-03T08:56:00,12.362091349035031,out
2025-01-03T08:57:00,12.675578007964042,out
2025-01-03T08:58:00,12.334143608130173,out
2025-01-03T08:59:00,12.752470001073469,out
2025-01-03T09:00:00,12.245838298938816,out
2025-01-03T09:01:00,12.177954348812879,out
2025-01-03T09:02:00,12.63118046029798,out
2025-01-03T09:03:00,11.795366407033514,out
2025-01-03T09:04:00,13.293729204060451,out
2025-01-03T09:05:00,12.29918132596031,out
2025-01-03T09:06:00,12.282459155297598,out
2025-01-03T09:07:00,12.321136331547196,out
2025-01-03T09:08:00,12.842844750507648,out
2025-01-03T09:09:00,12.389807437866699,out
2025-01-03T09:10:00,11.411518854092394,out
2025-01-03T09:11:00,12.59558899851501,out
2025-01-03T09:12:00,11.878425006375148,out
2025-01-03T09:13:00,12.03815202514074,out
2025-01-03T09:14:00,11.464018700424317,out
2025-01-03T09:15:00,12.166555697849978,out
2025-01-03T09:16:00,11.675804457916025,out
2025-01-03T09:17:00,11.95662636997373,out
2025-01-03T09:18:00,11.783048687836793,out
2025-01-03T09:19:00,12.646748998552125,out
2025-01-03T09:20:00,12.649629778177479,out
2025-01-03T09:21:00,11.855239279969409,out
2025-01-03T09:22:00,11.842060406214127,out
2025-01-03T09:23:00,11.646854784835298,out
2025-01-03T09:24:00,12.218324862900145,out
2025-01-03T09:25:00,11.623972884971005,out
2025-01-03T09:26:00,11.566552909967443,out
2025-01-03T09:27:00,12.106000841324994,out
2025-01-03T09:28:00,11.47864921382729,out
2025-01-03T09:29:00,11.65820166642729,out
2025-01-03T09:30:00,11.02004426144793,out
2025-01-03T09:31:00,11.913440066306634,out
2025-01-03T09:32:00,12.387236914585044,out
2025-01-03T09:33:00,11.878437752543874,out
2025-01-03T09:34:00,12.15365638752697,out
2025-01-03T09:35:00,11.209417035710569,out
2025-01-03T09:36:00,11.621241226566122,out
2025-01-03T09:37:00,11.128234024076852,out
2025-01-03T09:38:00,11.393111516033107,out
2025-01-03T09:39:00,11.771755731164406,out
2025-01-03T09:40:00,11.482186863347605,out
2025-01-03T09:41:00,10.854924166537335,out
2025-01-03T09:42:00,10.872425779333897,out
2025-01-03T09:43:00,10.824363993574108,out
2025-01-03T09:44:00,11.551738456800322,out
2025-01-03T09:45:00,12.158979212380283,out
2025-01-03T09:46:00,11.856605209472443,out
2025-01-03T09:47:00,10.531365297461061,out
2025-01-03T09:48:00,11.836264585318078,out
2025-01-03T09:49:00,11.620406995013829,out
2025-01-03T09:50:00,10.605677671869444,out
2025-01-03T09:51:00,11.080406448809473,out
2025-01-03T09:52:00,11.617724549997561,out
2025-01-03T09:53:00,11.377456946285136,out
2025-01-03T09:54:00,10.611353367340499,out
2025-01-03T09:55:00,11.356936411281612,out
2025-01-03T09:56:00,10.235228211028096,out
2025-01-03T09:57:00,10.978629646159428,out
2025-01-03T09:58:00,11.500412885524252,out
2025-01-03T09:59:00,11.030001548501687,out
2025-01-03T10:00:00,10.800424980015222,out
2025-01-03T10:01:00,11.333037523560195,out
2025-01-03T10:02:00,11.344442086655437,out
2025-01-03T10:03:00,11.45574332612852,out
2025-01-03T10:04:00,11.258594692856583,out
2025-01-03T10:05:00,11.318482531091187,out
2025-01-03T10:06:00,11.156115984532672,out
2025-01-03T10:07:00,10.946129462755655,out
2025-01-03T10:08:00,10.852632976620873,out
2025-01-03T10:09:00,10.698783234311717,out
2025-01-03T10:10:00,10.285544362186318,out
2025-01-03T10:11:00,10.365118887173818,out
2025-01-03T10:12:00,10.611137205663203,out
2025-01-03T10:13:00,10.797171510065587,out
2025-01-03T10:14:00,11.25351191786056,out
2025-01-03T10:15:00,10.637013250163811,out
2025-01-03T10:16:00,11.031617397085535,out
2025-01-03T10:17:00,11.038397806999352,out
2025-01-03T10:18:00,10.49048786177426,out
2025-01-03T10:19:00,10.797288523956826,out
2025-01-03T10:20:00,10.438298353754252,out
2025-01-03T10:21:00,11.040812782855966,out
2025-01-03T10:22:00,10.742496791243811,out
2025-01-03T10:23:00,9.988119613805521,out
2025-01-03T10:24:00,10.505029719316347,out
2025-01-03T10:25:00,11.075725003881978,out
2025-01-03T10:26:00,10.320001999732796,out
2025-01-03T10:27:00,10.547549150343638,out
2025-01-03T10:28:00,10.562738306031305,out
2025-01-03T10:29:00,9.905616610155093,out
2025-01-03T10:30:00,10.500383773875951,out
2025-01-03T10:31:00,9.714357643300751,out
2025-01-03T10:32:00,9.997389917934923,out
2025-01-03T10:33:00,10.653633812056698,out
2025-01-03T10:34:00,10.341709876469128,out
2025-01-03T10:35:00,10.052837106603608,out
2025-01-03T10:36:00,10.328792105769882,out
2025-01-03T10:37:00,10.101709328884246,out
2025-01-03T10:38:00,10.106275688497547,out
2025-01-03T10:39:00,10.339429753153016,out
2025-01-03T10:40:00,9.761173763690362,out
2025-01-03T10:41:00,10.043634870241847,out
2025-01-03T10:42:00,9.877933877559968,out
2025-01-03T10:43:00,9.343902521736622,out
2025-01-03T10:44:00,9.585226624243226,out
2025-01-03T10:45:00,10.555919370644506,out
2025-01-03T10:46:00,10.057717264264646,out
2025-01-03T10:47:00,9.349547518341948,out
2025-01-03T10:48:00,9.237960215910324,out
2025-01-03T10:49:00,9.784320234123832,out
2025-01-03T10:50:00,10.428709410296237,out
2025-01-03T10:51:00,9.704546195931687,out
2025-01-03T10:52:00,10.277030049698038,out
2025-01-03T10:53:00,9.869949917132004,out
2025-01-03T10:54:00,9.892592251361895,out
2025-01-03T10:55:00,9.144685880464134,out
2025-01-03T10:56:00,10.028833303601903,out
2025-01-03T10:57:00,9.494669884281004,out
2025-01-03T10:58:00,9.948667237913915,out
2025-01-03T10:59:00,9.252519293953409,out
2025-01-03T11:00:00,9.623734009619092,out
2025-01-03T11:01:00,9.668412870808227,out
2025-01-03T11:02:00,9.440666697696306,out
2025-01-03T11:03:00,9.638737835408422,out
2025-01-03T11:04:00,9.34497254352101,out
2025-01-03T11:05:00,9.16649145274053,out
2025-01-03T11:06:00,10.04286553625302,out
2025-01-03T11:07:00,9.79478349207907,out
2025-01-03T11:08:00,9.045360428043923,out
2025-01-03T11:09:00,9.551562332366853,out
2025-01-03T11:10:00,9.001566141748164,out
2025-01-03T11:11:00,8.79919217547375,out
2025-01-03T11:12:00,9.660993921466147,out
2025-01-03T11:13:00,8.54021065658211,out
2025-01-03T11:14:00,9.566949971933804,out
2025-01-03T11:15:00,9.069453007067557,out
2025-01-03T11:16:00,9.060235331027064,out
2025-01-03T11:17:00,9.283044703901727,out
2025-01-03T11:18:00,9.325892677750595,out
2025-01-03T11:19:00,8.737124002111495,out
2025-01-03T11:20:00,9.328979309501609,out
2025-01-03T11:21:00,9.061445238304247,out
2025-01-03T11:22:00,8.487863718016856,out
2025-01-03T11:23:00,8.896505600191064,out
2025-01-03T11:24:00,9.491118396464964,out
2025-01-03T11:25:00,9.583378236437785,out
2025-01-03T11:26:00,9.173795849821136,out
2025-01-03T11:27:00,8.384818336679738,out
2025-01-03T11:28:00,9.031281366742753,out
2025-01-03T11:29:00,9.149449943186015,out
2025-01-03T11:30:00,9.073440346647807,out
2025-01-03T11:31:00,9.07117553029015,out
2025-01-03T11:32:00,8.876521292129897,out
2025-01-03T11:33:00,8.676259449214816,out
2025-01-03T11:34:00,8.435872284245837,out
2025-01-03T11:35:00,7.8940270417111895,out
2025-01-03T11:36:00,8.763027486291268,out
2025-01-03T11:37:00,8.675549507133336,out
2025-01-03T11:38:00,8.79810485225127,out
2025-01-03T11:39:00,8.013992234663263,out
2025-01-03T11:40:00,8.780941132211977,out
2025-01-03T11:41:00,9.318667282921547,out
2025-01-03T11:42:00,8.50213462667824,out
2025-01-03T11:43:00,8.419984813489782,out
2025-01-03T11:44:00,8.54213978489904,out
2025-01-03T11:45:00,9.205353585265,out
2025-01-03T11:46:00,7.956832132529187,out
2025-01-03T11:47:00,8.421439498737836,out
2025-01-03T11:48:00,7.99415276853861,out
2025-01-03T11:49:00,8.069066882790068,out
2025-01-03T11:50:00,8.241880201039248,out
2025-01-03T11:51:00,8.774488191199842,out
2025-01-03T11:52:00,8.929793220490502,out
2025-01-03T11:53:00,8.362487937109625,out
2025-01-03T11:54:00,8.00642380063785,out
2025-01-03T11:55:00,9.127984856862774,out
2025-01-03T11:56:00,7.9336926460919015,out
2025-01-03T11:57:00,7.850083207684175,out
2025-01-03T11:58:00,7.342381995158752,out
2025-01-03T11:59:00,8.584616483406384,out
2025-01-03T12:00:00,8.38729823694852,out
2025-01-03T12:01:00,8.940942358738099,out
2025-01-03T12:02:00,7.391831446122513,out
2025-01-03T12:03:00,8.504730749563581,out
2025-01-03T12:04:00,7.9233397687227605,out
2025-01-03T12:05:00,8.191550776512695,out
2025-01-03T12:06:00,7.183827453710975,out
2025-01-03T12:07:00,8.404001649807194,out
2025-01-03T12:08:00,8.105209720317733,out
2025-01-03T12:09:00,7.748877091531104,out
2025-01-03T12:10:00,7.9963287508724425,out
2025-01-03T12:11:00,7.405933108455042,out
2025-01-03T12:12:00,7.45420822830966,out
2025-01-03T12:13:00,7.474465429169586,out
2025-01-03T12:14:00,6.892617618114753,out
2025-01-03T12:15:00,7.95228462230049,out
2025-01-03T12:16:00,8.058098603208283,out
2025-01-03T12:17:00,7.274811398922073,out
2025-01-03T12:18:00,7.668526632010859,out
2025-01-03T12:19:00,7.396934565075088,out
2025-01-03T12:20:00,7.608375128346468,out
2025-01-03T12:21:00,7.199959391535174,out
2025-01-03T12:22:00,7.071555422443609,out
2025-01-03T12:23:00,7.819701584737043,out
2025-01-03T12:24:00,7.347280986344282,out
2025-01-03T12:25:00,8.15564233122961,out
2025-01-03T12:26:00,7.339304703310219,out
2025-01-03T12:27:00,6.924344399112787,out
2025-01-03T12:28:00,7.759560290143497,out
2025-01-03T12:29:00,7.495126250843432,out
2025-01-03T12:30:00,7.50759199215827,out
2025-01-03T12:31:00,7.667134689904836,out
2025-01-03T12:32:00,6.903842876701292,out
2025-01-03T12:33:00,7.088142944458819,out
2025-01-03T12:34:00,7.0445636006272245,out
2025-01-03T12:35:00,6.570961068094254,out
2025-01-03T12:36:00,6.955957149695326,out
2025-01-03T12:37:00,7.570096389527778,out
2025-01-03T12:38:00,7.104649606353474,out
2025-01-03T12:39:00,6.445478445767866,out
2025-01-03T12:40:00,6.335775169332449,out
2025-01-03T12:41:00,7.59824915065626,out
2025-01-03T12:42:00,6.870459242945071,out
2025-01-03T12:43:00,6.62189170166695,out
2025-01-03T12:44:00,6.7455493217819305,out
2025-01-03T12:45:00,6.238534966176305,out
2025-01-03T12:46:00,7.373030453301468,out
2025-01-03T12:47:00,6.620928318124523,out
2025-01-03T12:48:00,7.29949046618882,out
2025-01-03T12:49:00,6.747594652840252,out
2025-01-03T12:50:00,7.273175106198758,out
2025-01-03T12:51:00,6.778493189488234,out
2025-01-03T12:52:00,6.991586739084444,out
2025-01-03T12:53:00,6.912434872900859,out
2025-01-03T12:54:00,6.848644243365362,out
2025-01-03T12:55:00,6.713058436916048,out
2025-01-03T12:56:00,6.455328339955769,out
2025-01-03T12:57:00,7.289254118455192,out
2025-01-03T12:58:00,6.134945181634993,out
2025-01-03T12:59:00,6.474111367704108,out
2025-01-03T13:00:00,6.453040079467919,out
2025-01-03T13:01:00,6.582789014589562,out
2025-01-03T13:02:00,6.224780685172666,out
2025-01-03T13:03:00,6.4972558230453945,out
2025-01-03T13:04:00,6.27863883101682,out
2025-01-03T13:05:00,5.688244908838897,out
2025-01-03T13:06:00,6.299728846279208,out
2025-01-03T13:07:00,5.830596257983414,out
2025-01-03T13:08:00,5.552015466684027,out
2025-01-03T13:09:00,6.275499878422332,out
2025-01-03T13:10:00,6.390918539782188,out
2025-01-03T13:11:00,6.3814934226737625,out
2025-01-03T13:12:00,6.372766316558208,out
2025-01-03T13:13:00,5.347981552721269,out
2025-01-03T13:14:00,5.551765290406466,out
2025-01-03T13:15:00,6.860771782906502,out
2025-01-03T13:16:00,5.627707569226245,out
2025-01-03T13:17:00,6.266192540877948,out
2025-01-03T13:18:00,5.722383795931049,out
2025-01-03T13:19:00,6.004368787687073,out
2025-01-03T13:20:00,5.694577459136555,out
2025-01-03T13:21:00,6.147914119382903,out
2025-01-03T13:22:00,5.953465359369873,out
2025-01-03T13:23:00,5.694937862556007,out
2025-01-03T13:24:00,5.4297234548559254,out
2025-01-03T13:25:00,5.932481449294803,out
2025-01-03T13:26:00,5.315905120037185,out
2025-01-03T13:27:00,5.947647791789319,out
2025-01-03T13:28:00,6.802954403119287,out
2025-01-03T13:29:00,6.268176316390221,out
2025-01-03T13:30:00,5.991238560567137,out
2025-01-03T13:31:00,5.645491311082624,out
2025-01-03T13:32:00,4.880112178262951,out
2025-01-03T13:33:00,5.102622303334323,out
2025-01-03T13:34:00,6.120622728889606,out
2025-01-03T13:35:00,5.267617428797678,out
2025-01-03T13:36:00,5.27987930227959,out
2025-01-03T13:37:00,5.469426694045534,out
2025-01-03T13:38:00,5.087022040523947,out
2025-01-03T13:39:00,4.9973340809547775,out
2025-01-03T13:40:00,5.444100800443231,out
2025-01-03T13:41:00,5.083975778722448,out
2025-01-03T13:42:00,5.120525987238681,out
2025-01-03T13:43:00,5.080852045114701,out
2025-01-03T13:44:00,5.578717204799326,out
2025-01-03T13:45:00,5.253417582487848,out
2025-01-03T13:46:00,5.2513843341836015,out
2025-01-03T13:47:00,5.538187712698955,out
2025-01-03T13:48:00,5.2192411582695515,out
2025-01-03T13:49:00,5.141455001915395,out
2025-01-03T13:50:00,5.417688462817866,out
2025-01-03T13:51:00,5.4735920154723825,out
2025-01-03T13:52:00,5.124341223481228,out
2025-01-03T13:53:00,5.192325107139159,out
2025-01-03T13:54:00,4.824331346549026,out
2025-01-03T13:55:00,4.769794169217868,out
2025-01-03T13:56:00,5.398801279308701,out
2025-01-03T13:57:00,5.246249376036117,out
2025-01-03T13:58:00,5.22757801474584,out
2025-01-03T13:59:00,5.13504271743897,out
2025-01-03T14:00:00,5.0184813103259875,out
2025-01-03T14:01:00,5.255920894055953,out
2025-01-03T14:02:00,5.328813326644889,out
2025-01-03T14:03:00,5.296732685613943,out
2025-01-03T14:04:00,4.869460384161291,out
2025-01-03T14:05:00,5.442157543000415,out
2025-01-03T14:06:00,4.956392884397241,out
2025-01-03T14:07:00,5.095666935115104,out
2025-01-03T14:08:00,4.933319570934721,out
2025-01-03T14:09:00,4.8971155874999965,out
2025-01-03T14:10:00,4.48190155381894,out
2025-01-03T14:11:00,5.034693507129974,out
2025-01-03T14:12:00,5.870283547872898,out
2025-01-03T14:13:00,4.560322592964485,out
2025-01-03T14:14:00,4.7167759742976285,out
2025-01-03T14:15:00,4.488096496143495,out
2025-01-03T14:16:00,4.449634618550756,out
2025-01-03T14:17:00,5.240950225077064,out
2025-01-03T14:18:00,4.332374171360022,out
2025-01-03T14:19:00,4.3903872350756386,out
2025-01-03T14:20:00,3.9235442524012005,out
2025-01-03T14:21:00,4.234084169959711,out
2025-01-03T14:22:00,3.8324223085530322,out
2025-01-03T14:23:00,4.747223885860171,out
2025-01-03T14:24:00,5.593167374980088,out
2025-01-03T14:25:00,4.305470592358297,out
2025-01-03T14:26:00,3.7643601062958547,out
2025-01-03T14:27:00,4.77005226234795,out
2025-01-03T14:28:00,4.098339877515655,out
2025-01-03T14:29:00,4.887974843964055,out
2025-01-03T14:30:00,4.234619806831701,out
2025-01-03T14:31:00,4.073970044160191,out
2025-01-03T14:32:00,4.234848125747773,out
2025-01-03T14:33:00,4.588547008515481,out
2025-01-03T14:34:00,4.173943927872028,out
2025-01-03T14:35:00,4.045769285778168,out
2025-01-03T14:36:00,4.144545012509428,out
2025-01-03T14:37:00,3.6950259548245485,out
2025-01-03T14:38:00,4.34234331925102,out
2025-01-03T14:39:00,3.448675350578536,out
2025-01-03T14:40:00,3.9656257601345644,out
2025-01-03T14:41:00,4.427010205674518,out
2025-01-03T14:42:00,4.224531023191985,out
2025-01-03T14:43:00,4.31956971441822,out
2025-01-03T14:44:00,4.037627556969444,out
2025-01-03T14:45:00,4.511823581793802,out
2025-01-03T14:46:00,4.394159389413498,out
2025-01-03T14:47:00,4.183166405694068,out
2025-01-03T14:48:00,4.356234672772269,out
2025-01-03T14:49:00,4.26596857715342,out
2025-01-03T14:50:00,3.7706733489672932,out
2025-01-03T14:51:00,3.389635962125824,out
2025-01-03T14:52:00,4.076154689962063,out
2025-01-03T14:53:00,4.107337750374419,out
2025-01-03T14:54:00,4.306061342292902,out
2025-01-03T14:55:00,3.476393155288264,out
2025-01-03T14:56:00,3.46947735353516,out
2025-01-03T14:57:00,3.997217347473034,out
2025-01-03T14:58:00,3.766077618659664,out
2025-01-03T14:59:00,3.0216070090357405,out
2025-01-03T15:00:00,3.9074025783823907,out
2025-01-03T15:01:00,2.997918580264702,out
2025-01-03T15:02:00,3.3423946843255683,out
2025-01-03T15:03:00,4.242860888596123,out
2025-01-03T15:04:00,4.413912805090943,out
2025-01-03T15:05:00,3.179553680252683,out
2025-01-03T15:06:00,3.5159971589611945,out
2025-01-03T15:07:00,3.6468231899370904,out
2025-01-03T15:08:00,4.324368561317612,out
2025-01-03T15:09:00,3.396917364256131,out
2025-01-03T15:10:00,3.3855823699259475,out
2025-01-03T15:11:00,4.178181458464153,out
2025-01-03T15:12:00,3.391215386048329,out
2025-01-03T15:13:00,3.8125364332163953,out
2025-01-03T15:14:00,2.915408489221023,out
2025-01-03T15:15:00,3.4204680574892095,out
2025-01-03T15:16:00,2.807903783332808,out
2025-01-03T15:17:00,3.0324365813134206,out
2025-01-03T15:18:00,3.7732447484607174,out
2025-01-03T15:19:00,3.400643024870151,out
2025-01-03T15:20:00,3.276091045064948,out
2025-01-03T15:21:00,3.08744915796688,out
2025-01-03T15:22:00,3.2819900703771676,out
2025-01-03T15:23:00,3.4740894023471625,out
2025-01-03T15:24:00,3.7302907138428765,out
2025-01-03T15:25:00,2.270634427803996,out
2025-01-03T15:26:00,2.971646589180398,out
2025-01-03T15:27:00,3.3517369115911357,out
2025-01-03T15:28:00,3.232390231974755,out
2025-01-03T15:29:00,3.417213054547629,out
2025-01-03T15:30:00,3.34689607270322,out
2025-01-03T15:31:00,3.1020408395949124,out
2025-01-03T15:32:00,2.9974456613213767,out
2025-01-03T15:33:00,3.094276527959438,out
2025-01-03T15:34:00,3.636355776225793,out
2025-01-03T15:35:00,2.8685292012328176,out
2025-01-03T15:36:00,3.120775344492742,out
2025-01-03T15:37:00,3.2038929938093013,out
2025-01-03T15:38:00,3.7394472618118715,out
2025-01-03T15:39:00,2.980027365735403,out
2025-01-03T15:40:00,3.468610396670434,out
2025-01-03T15:41:00,3.562910133653025,out
2025-01-03T15:42:00,3.029741162271655,out
2025-01-03T15:43:00,2.956173913606168,out
2025-01-03T15:44:00,2.8941530958504673,out
2025-01-03T15:45:00,2.908853072487697,out
2025-01-03T15:46:00,3.3383810118277237,out
2025-01-03T15:47:00,3.0746870558156454,out
2025-01-03T15:48:00,3.0620924759954105,out
2025-01-03T15:49:00,2.503676518061716,out
2025-01-03T15:50:00,2.5526552941725953,out
2025-01-03T15:51:00,3.7830117996869532,out
2025-01-03T15:52:00,2.8405811329459674,out
2025-01-03T15:53:00,2.587977851795287,out
2025-01-03T15:54:00,3.4565986801111723,out
2025-01-03T15:55:00,2.9832521954357447,out
2025-01-03T15:56:00,3.088258162533137,out
2025-01-03T15:57:00,2.7883427008786708,out
2025-01-03T15:58:00,2.702755801120123,out
2025-01-03T15:59:00,2.7491524197747177,out
2025-01-03T16:00:00,2.2507523091739223,out
2025-01-03T16:01:00,2.75563614929719,out
2025-01-03T16:02:00,2.896279055177651,out
2025-01-03T16:03:00,3.505209251100719,out
2025-01-03T16:04:00,2.7866813831657096,out
2025-01-03T16:05:00,1.8059686488708384,out
2025-01-03T16:06:00,2.6895031509143643,out
2025-01-03T16:07:00,3.810457224011012,out
2025-01-03T16:08:00,3.048860936840456,out
2025-01-03T16:09:00,2.365718597698313,out
2025-01-03T16:10:00,2.9143776067028906,out
2025-01-03T16:11:00,2.3690917811296917,out
2025-01-03T16:12:00,2.1124378470510545,out
2025-01-03T16:13:00,2.5027785942395515,out
2025-01-03T16:14:00,2.6670044060833953,out
2025-01-03T16:15:00,1.8699013498305113,out
2025-01-03T16:16:00,2.147572005989551,out
2025-01-03T16:17:00,2.5999447893374197,out
2025-01-03T16:18:00,2.4212190235052584,out
2025-01-03T16:19:00,2.73119363573223,out
2025-01-03T16:20:00,2.076285946856676,out
2025-01-03T16:21:00,2.8367864564708314,out
2025-01-03T16:22:00,2.0667287359166684,out
2025-01-03T16:23:00,3.186521459312525,out
2025-01-03T16:24:00,1.8324239403930704,out
2025-01-03T16:25:00,2.0711094171299536,out
2025-01-03T16:26:00,2.6645878749019873,out
2025-01-03T16:27:00,3.1529460397056637,out
2025-01-03T16:28:00,2.6029880937318324,out
2025-01-03T16:29:00,2.6919373380502494,out
2025-01-03T16:30:00,2.4637375656015053,out
2025-01-03T16:31:00,2.0361975942485255,out
2025-01-03T16:32:00,2.2408415333035236,out
2025-01-03T16:33:00,1.9423787947759426,out
2025-01-03T16:34:00,1.9060106049971086,out
2025-01-03T16:35:00,2.568652352031111,out
2025-01-03T16:36:00,1.9492462481816064,out
2025-01-03T16:37:00,2.5170103445732748,out
2025-01-03T16:38:00,1.8592377636211745,out
2025-01-03T16:39:00,2.4894051925118035,out
2025-01-03T16:40:00,2.166371247699369,out
2025-01-03T16:41:00,2.9155901219220364,out
2025-01-03T16:42:00,2.4736386116785574,out
2025-01-03T16:43:00,2.8297790348409517,out
2025-01-03T16:44:00,2.0246298598340213,out
2025-01-03T16:45:00,2.3408765591270373,out
2025-01-03T16:46:00,1.9176232055162963,out
2025-01-03T16:47:00,2.136363145690973,out
2025-01-03T16:48:00,2.1888192131312283,out
2025-01-03T16:49:00,1.995281913865474,out
2025-01-03T16:50:00,1.7914971519723593,out
2025-01-03T16:51:00,1.7044734037958227,out
2025-01-03T16:52:00,1.3262722179388313,out
2025-01-03T16:53:00,1.8320332497697325,out
2025-01-03T16:54:00,2.4980791494595804,out
2025-01-03T16:55:00,1.6003014608791148,out
2025-01-03T16:56:00,1.6851806858687628,out
2025-01-03T16:57:00,2.9416280097712857,out
2025-01-03T16:58:00,1.963618860808963,out
2025-01-03T16:59:00,2.3396944606930585,out
2025-01-03T17:00:00,2.461371900865789,out
2025-01-03T17:01:00,2.462734818428853,out
2025-01-03T17:02:00,1.5821884654881337,out
2025-01-03T17:03:00,2.092190669799681,out
2025-01-03T17:04:00,1.530934734536666,out
2025-01-03T17:05:00,3.150474724684562,out
2025-01-03T17:06:00,1.5278303720077009,out
2025-01-03T17:07:00,1.7405883616893805,out
2025-01-03T17:08:00,1.7375392693519895,out
2025-01-03T17:09:00,1.5492818862597741,out
2025-01-03T17:10:00,2.68326152118302,out
2025-01-03T17:11:00,3.105592521657326,out
2025-01-03T17:12:00,1.9408147478721198,out
2025-01-03T17:13:00,1.5975579063547323,out
2025-01-03T17:14:00,1.2256815727846169,out
2025-01-03T17:15:00,2.0176448301717786,out
2025-01-03T17:16:00,1.98369073004944,out
2025-01-03T17:17:00,1.8447791631028836,out
2025-01-03T17:18:00,2.189020656206764,out
2025-01-03T17:19:00,2.253825071248449,out
2025-01-03T17:20:00,2.220386785101914,out
2025-01-03T17:21:00,1.9602136968641406,out
2025-01-03T17:22:00,1.641637658946908,out
2025-01-03T17:23:00,2.344355039761296,out
2025-01-03T17:24:00,2.0788754601977857,out
2025-01-03T17:25:00,2.425173947127295,out
2025-01-03T17:26:00,2.3819350396173933,out
2025-01-03T17:27:00,1.4933868514631334,out
2025-01-03T17:28:00,1.4847027045675378,out
2025-01-03T17:29:00,1.7525883281824957,out
2025-01-03T17:30:00,1.6288246684408698,out
2025-01-03T17:31:00,2.350071012312152,out
2025-01-03T17:32:00,2.185246960547236,out
2025-01-03T17:33:00,2.4812628557845677,out
2025-01-03T17:34:00,2.1971635929048428,out
2025-01-03T17:35:00,2.1191218034154296,out
2025-01-03T17:36:00,2.512760539928028,out
2025-01-03T17:37:00,2.218079826388551,out
2025-01-03T17:38:00,2.0548631951720155,out
2025-01-03T17:39:00,2.617351648124304,out
2025-01-03T17:40:00,2.068904164710643,out
2025-01-03T17:41:00,1.898870743046263,out
2025-01-03T17:42:00,1.6833666940901717,out
2025-01-03T17:43:00,2.297709073021251,out
2025-01-03T17:44:00,2.509435915178043,out
2025-01-03T17:45:00,1.9926114999950075,out
2025-01-03T17:46:00,2.5343574589807334,out
2025-01-03T17:47:00,1.2216439638672774,out
2025-01-03T17:48:00,1.9860414415493908,out
2025-01-03T17:49:00,1.9908717162485219,out
2025-01-03T17:50:00,1.7149129215459156,out
2025-01-03T17:51:00,2.9581701977484123,out
2025-01-03T17:52:00,1.9771779848099211,out
2025-01-03T17:53:00,1.8397061463379485,out
2025-01-03T17:54:00,2.0124408955200583,out
2025-01-03T17:55:00,1.2003023421102141,out
2025-01-03T17:56:00,1.6969666589236858,out
2025-01-03T17:57:00,2.3938100223341197,out
2025-01-03T17:58:00,1.748650319641862,out
2025-01-03T17:59:00,1.6685070505554849,out
2025-01-03T18:00:00,2.52381025460576,out
2025-01-03T18:01:00,2.536158876056325,out
2025-01-03T18:02:00,2.2070246504794286,out
2025-01-03T18:03:00,1.8184671009404911,out
2025-01-03T18:04:00,1.9051254030151226,out
2025-01-03T18:05:00,1.6797678528905613,out
2025-01-03T18:06:00,1.6041468025351984,out
2025-01-03T18:07:00,1.5850318596563489,out
2025-01-03T18:08:00,1.7564332751713425,out
2025-01-03T18:09:00,1.5907373862817649,out
2025-01-03T18:10:00,1.3802286230915937,out
2025-01-03T18:11:00,2.0946707489918577,out
2025-01-03T18:12:00,2.1020610238299318,out
2025-01-03T18:13:00,2.6899670800272335,out
2025-01-03T18:14:00,1.743855862126917,out
2025-01-03T18:15:00,2.1312866964176878,out
2025-01-03T18:16:00,2.139700730150976,out
2025-01-03T18:17:00,1.9149638649528717,out
2025-01-03T18:18:00,2.316229433101101,out
2025-01-03T18:19:00,2.3306986597537165,out
2025-01-03T18:20:00,2.153796249528542,out
2025-01-03T18:21:00,1.922914552532911,out
2025-01-03T18:22:00,1.8846107663751133,out
2025-01-03T18:23:00,1.4830873309757049,out
2025-01-03T18:24:00,1.7105015163432822,out
2025-01-03T18:25:00,1.7868589611054067,out
2025-01-03T18:26:00,1.5889801609687009,out
2025-01-03T18:27:00,2.217558844945508,out
2025-01-03T18:28:00,2.5233742377468724,out
2025-01-03T18:29:00,1.6847453289900483,out
2025-01-03T18:30:00,2.164707406054991,out
2025-01-03T18:31:00,1.641160159866821,out
2025-01-03T18:32:00,1.9364227191749126,out
2025-01-03T18:33:00,1.7859598474108684,out
2025-01-03T18:34:00,2.3066630792710767,out
2025-01-03T18:35:00,1.7983156676565621,out
2025-01-03T18:36:00,2.478534121911831,out
2025-01-03T18:37:00,1.9797334911737279,out
2025-01-03T18:38:00,1.8224449069386786,out
2025-01-03T18:39:00,1.5853415407134683,out
2025-01-03T18:40:00,2.1924352860448892,out
2025-01-03T18:41:00,2.4538431750127248,out
2025-01-03T18:42:00,2.20979905723102,out
2025-01-03T18:43:00,3.00083028021271,out
2025-01-03T18:44:00,2.682151880302183,out
2025-01-03T18:45:00,1.9922772116938121,out
2025-01-03T18:46:00,1.9932407987521914,out
2025-01-03T18:47:00,2.313605852886636,out
2025-01-03T18:48:00,1.79590672342689,out
2025-01-03T18:49:00,2.6031286838369208,out
2025-01-03T18:50:00,2.2868641660178337,out
2025-01-03T18:51:00,2.2505296412923377,out
2025-01-03T18:52:00,2.428561078396912,out
2025-01-03T18:53:00,2.8488564025849312,out
2025-01-03T18:54:00,2.2341626184889405,out
2025-01-03T18:55:00,2.1267314327718774,out
2025-01-03T18:56:00,2.7817134916730524,out
2025-01-03T18:57:00,2.5716347081559285,out
2025-01-03T18:58:00,2.0627222215778613,out
2025-01-03T18:59:00,2.199798945979947,out
2025-01-03T19:00:00,2.2825974086411085,out
2025-01-03T19:01:00,2.356001234869115,out
2025-01-03T19:02:00,1.6755773403726164,out
2025-01-03T19:03:00,1.6082747381574876,out
2025-01-03T19:04:00,1.8774738155691015,out
2025-01-03T19:05:00,1.8538054964798882,out
2025-01-03T19:06:00,1.9895519852018388,out
2025-01-03T19:07:00,2.5084560920071146,out
2025-01-03T19:08:00,2.194599801691893,out
2025-01-03T19:09:00,2.3484381752609504,out
2025-01-03T19:10:00,1.7879769314937308,out
2025-01-03T19:11:00,2.100968320971949,out
2025-01-03T19:12:00,2.5285639669270132,out
2025-01-03T19:13:00,2.539786226059459,out
2025-01-03T19:14:00,2.020228537487642,out
2025-01-03T19:15:00,2.3830841775811824,out
2025-01-03T19:16:00,3.2064276877970284,out
2025-01-03T19:17:00,2.328426705941037,out
2025-01-03T19:18:00,2.0668762749899505,out
2025-01-03T19:19:00,2.2834389527169128,out
2025-01-03T19:20:00,2.3987151182952844,out
2025-01-03T19:21:00,2.310384632188871,out
2025-01-03T19:22:00,2.3674249842390096,out
2025-01-03T19:23:00,1.8118100231091916,out
2025-01-03T19:24:00,2.0134652509824087,out
2025-01-03T19:25:00,2.34821868947461,out
2025-01-03T19:26:00,2.351387404098872,out
2025-01-03T19:27:00,2.2006669728244495,out
2025-01-03T19:28:00,2.3660914381686973,out
2025-01-03T19:29:00,2.4711629180602817,out
2025-01-03T19:30:00,2.8124881875420895,out
2025-01-03T19:31:00,2.4271094758868696,out
2025-01-03T19:32:00,2.636612161404653,out
2025-01-03T19:33:00,2.2706126185330366,out
2025-01-03T19:34:00,2.726477843128645,out
2025-01-03T19:35:00,2.6584232443282576,out
2025-01-03T19:36:00,2.8650540554163224,out
2025-01-03T19:37:00,2.8148119235152644,out
2025-01-03T19:38:00,2.7757266238931932,out
2025-01-03T19:39:00,2.511773993586396,out
2025-01-03T19:40:00,2.6601289685978844,out
2025-01-03T19:41:00,2.998672698654401,out
2025-01-03T19:42:00,2.323658466139719,out
2025-01-03T19:43:00,2.344447452585729,out
2025-01-03T19:44:00,2.679808281385137,out
2025-01-03T19:45:00,2.7848754269100473,out
2025-01-03T19:46:00,2.3007512306822453,out
2025-01-03T19:47:00,2.6122213141678534,out
2025-01-03T19:48:00,2.6163613451782792,out
2025-01-03T19:49:00,1.779785104844195,out
2025-01-03T19:50:00,2.5900974052271595,out
2025-01-03T19:51:00,2.6271470420823584,out
2025-01-03T19:52:00,2.6381972657172286,out
2025-01-03T19:53:00,3.281021280598593,out
2025-01-03T19:54:00,2.240778004624659,out
2025-01-03T19:55:00,2.409790437273101,out
2025-01-03T19:56:00,1.7074034378358862,out
2025-01-03T19:57:00,2.5726572910935577,out
2025-01-03T19:58:00,2.6196084027101993,out
2025-01-03T19:59:00,2.586816242531443,out
2025-01-03T20:00:00,3.246918513086874,out
2025-01-03T20:01:00,3.161233977708404,out
2025-01-03T20:02:00,2.861367727057761,out
2025-01-03T20:03:00,2.6953163095753356,out
2025-01-03T20:04:00,3.26747206303007,out
2025-01-03T20:05:00,2.8626256320279797,out
2025-01-03T20:06:00,2.5568509983080654,out
2025-01-03T20:07:00,2.2113871790327946,out
2025-01-03T20:08:00,2.7351856255031657,out
2025-01-03T20:09:00,3.2274905166452004,out
2025-01-03T20:10:00,3.8502668009399197,out
2025-01-03T20:11:00,2.978410060689436,out
2025-01-03T20:12:00,2.6618343862793368,out
2025-01-03T20:13:00,2.5082969815997505,out
2025-01-03T20:14:00,3.2174670261192255,out
2025-01-03T20:15:00,2.3053359052310176,out
2025-01-03T20:16:00,3.2459126052317044,out
2025-01-03T20:17:00,3.3675461477420345,out
2025-01-03T20:18:00,3.229754649561043,out
2025-01-03T20:19:00,2.9822537035715877,out
2025-01-03T20:20:00,3.311063995684771,out
2025-01-03T20:21:00,3.168526017481244,out
2025-01-03T20:22:00,2.804057353117847,out
2025-01-03T20:23:00,3.8707210371599388,out
2025-01-03T20:24:00,3.0052262819060998,out
2025-01-03T20:25:00,3.471633294575062,out
2025-01-03T20:26:00,2.2094131232184058,out
2025-01-03T20:27:00,3.703065476966006,out
2025-01-03T20:28:00,3.795692437578076,out
2025-01-03T20:29:00,3.2359214996429255,out
2025-01-03T20:30:00,3.463388372147684,out
2025-01-03T20:31:00,3.4792686301799587,out
2025-01-03T20:32:00,3.014822050503375,out
2025-01-03T20:33:00,3.5069473368912654,out
2025-01-03T20:34:00,2.980898870936495,out
2025-01-03T20:35:00,3.077190331984582,out
2025-01-03T20:36:00,3.787901488543086,out
2025-01-03T20:37:00,3.7435072117869614,out
2025-01-03T20:38:00,3.0877022988273595,out
2025-01-03T20:39:00,3.093518470158825,out
2025-01-03T20:40:00,3.1454947003030638,out
2025-01-03T20:41:00,3.713661007891013,out
2025-01-03T20:42:00,3.037570294075648,out
2025-01-03T20:43:00,3.597295149310078,out
2025-01-03T20:44:00,3.770481242917082,out
2025-01-03T20:45:00,3.453662975008895,out
2025-01-03T20:46:00,3.91029115401196,out
2025-01-03T20:47:00,3.4019316818338767,out
2025-01-03T20:48:00,3.4555888067380613,out
2025-01-03T20:49:00,3.1677927426262604,out
2025-01-03T20:50:00,3.9832069181873346,out
2025-01-03T20:51:00,3.287456764594338,out
2025-01-03T20:52:00,3.751786517371003,out
2025-01-03T20:53:00,3.6012477538552146,out
2025-01-03T20:54:00,3.2266405486816017,out
2025-01-03T20:55:00,3.4221749701121333,out
2025-01-03T20:56:00,4.237110093584385,out
2025-01-03T20:57:00,3.782851356505867,out
2025-01-03T20:58:00,3.316837168528176,out
2025-01-03T20:59:00,3.8610190611997552,out
2025-01-03T21:00:00,3.69891370024289,out
2025-01-03T21:01:00,5.157530214161858,out
2025-01-03T21:02:00,3.908593950737802,out
2025-01-03T21:03:00,3.661007302123374,out
2025-01-03T21:04:00,4.400060944360845,out
2025-01-03T21:05:00,3.1145071983892367,out
2025-01-03T21:06:00,3.907600608389909,out
2025-01-03T21:07:00,4.686673455914271,out
2025-01-03T21:08:00,3.861530125881107,out
2025-01-03T21:09:00,3.2338751089431197,out
2025-01-03T21:10:00,3.788091568541788,out
2025-01-03T21:11:00,4.547606371775598,out
2025-01-03T21:12:00,4.135644200375154,out
2025-01-03T21:13:00,3.669167560189984,out
2025-01-03T21:14:00,3.7501825878339656,out
2025-01-03T21:15:00,3.8200450009396643,out
2025-01-03T21:16:00,4.208124979678544,out
2025-01-03T21:17:00,4.618719938399119,out
2025-01-03T21:18:00,4.5242809151385615,out
2025-01-03T21:19:00,4.305660994985866,out
2025-01-03T21:20:00,3.610616437857771,out
2025-01-03T21:21:00,3.6321929825191175,out
2025-01-03T21:22:00,4.396831486818911,out
2025-01-03T21:23:00,3.6655795894517387,out
2025-01-03T21:24:00,4.133850845273528,out
2025-01-03T21:25:00,4.366119345370114,out
2025-01-03T21:26:00,3.8098745820292077,out
2025-01-03T21:27:00,3.875731370397438,out
2025-01-03T21:28:00,4.268382722218913,out
2025-01-03T21:29:00,4.528156434802919,out
2025-01-03T21:30:00,4.772038934113175,out
2025-01-03T21:31:00,4.611057445650854,out
2025-01-03T21:32:00,4.418572499084591,out
2025-01-03T21:33:00,4.111574495153214,out
2025-01-03T21:34:00,4.002700481154136,out
2025-01-03T21:35:00,4.247791274486841,out
2025-01-03T21:36:00,4.637262720237385,out
2025-01-03T21:37:00,4.629151488826331,out
2025-01-03T21:38:00,3.675821471444315,out
2025-01-03T21:39:00,4.222858048469584,out
2025-01-03T21:40:00,5.040344402536177,out
2025-01-03T21:41:00,4.611705443543832,out
2025-01-03T21:42:00,4.034759013209806,out
2025-01-03T21:43:00,5.56549890646885,out
2025-01-03T21:44:00,4.6332658862496165,out
2025-01-03T21:45:00,4.820312185607738,out
2025-01-03T21:46:00,4.848187990545696,out
2025-01-03T21:47:00,4.563202436416438,out
2025-01-03T21:48:00,4.441136317181278,out
2025-01-03T21:49:00,5.602823165818414,out
2025-01-03T21:50:00,5.177484697766144,out
2025-01-03T21:51:00,5.127087784949791,out
2025-01-03T21:52:00,5.0510000912880475,out
2025-01-03T21:53:00,4.441389501944105,out
2025-01-03T21:54:00,5.3760206884004145,out
2025-01-03T21:55:00,4.550107387832173,out
2025-01-03T21:56:00,5.02308626979992,out
2025-01-03T21:57:00,4.27648552135185,out
2025-01-03T21:58:00,4.13842628197676,out
2025-01-03T21:59:00,5.104672618788084,out
2025-01-03T22:00:00,4.676360293122036,out
2025-01-03T22:01:00,4.227033949429844,out
2025-01-03T22:02:00,5.261702440558015,out
2025-01-03T22:03:00,5.9163048594385765,out
2025-01-03T22:04:00,5.646966381953996,out
2025-01-03T22:05:00,5.011140232377402,out
2025-01-03T22:06:00,5.140585561121128,out
2025-01-03T22:07:00,5.515164499604508,out
2025-01-03T22:08:00,5.632021831218606,out
2025-01-03T22:09:00,5.068898590519043,out
2025-01-03T22:10:00,5.24317940687962,out
2025-01-03T22:11:00,5.373002432004071,out
2025-01-03T22:12:00,5.497607529674253,out
2025-01-03T22:13:00,5.2461787769708685,out
2025-01-03T22:14:00,5.274779023313639,out
2025-01-03T22:15:00,5.898200790587739,out
2025-01-03T22:16:00,5.853581400242685,out
2025-01-03T22:17:00,5.584292684947931,out
2025-01-03T22:18:00,6.1045770471594025,out
2025-01-03T22:19:00,5.286009255700669,out
2025-01-03T22:20:00,6.113479809007544,out
2025-01-03T22:21:00,5.705047752189643,out
2025-01-03T22:22:00,6.820250992948397,out
2025-01-03T22:23:00,5.058694113606144,out
2025-01-03T22:24:00,5.283842040658264,out
2025-01-03T22:25:00,5.751038992127782,out
2025-01-03T22:26:00,5.766399207640109,out
2025-01-03T22:27:00,6.411592455364397,out
2025-01-03T22:28:00,5.388263355744541,out
2025-01-03T22:29:00,6.04170163765663,out
2025-01-03T22:30:00,6.168884607682262,out
2025-01-03T22:31:00,6.009967428773648,out
2025-01-03T22:32:00,5.36796190273479,out
2025-01-03T22:33:00,6.339758897042656,out
2025-01-03T22:34:00,6.292722612180379,out
2025-01-03T22:35:00,6.065205578213941,out
2025-01-03T22:36:00,5.931531377611784,out
2025-01-03T22:37:00,5.964696976031441,out
2025-01-03T22:38:00,5.867261395547436,out
2025-01-03T22:39:00,6.1796117112360935,out
2025-01-03T22:40:00,5.960333081223977,out
2025-01-03T22:41:00,5.633089701838983,out
2025-01-03T22:42:00,5.577722186666323,out
2025-01-03T22:43:00,5.721041626962347,out
2025-01-03T22:44:00,6.135443970276832,out
2025-01-03T22:45:00,6.060580873606943,out
2025-01-03T22:46:00,6.182309578884945,out
2025-01-03T22:47:00,6.32134241451595,out
2025-01-03T22:48:00,5.8949696633835496,out
2025-01-03T22:49:00,6.757078273170063,out
2025-01-03T22:50:00,6.088680872155364,out
2025-01-03T22:51:00,6.047379756233967,out
2025-01-03T22:52:00,6.4387242665965605,out
2025-01-03T22:53:00,5.536218310245439,out
2025-01-03T22:54:00,5.9796941518872835,out
2025-01-03T22:55:00,6.713455035290771,out
2025-01-03T22:56:00,5.651207093473154,out
2025-01-03T22:57:00,6.818386979582813,out
2025-01-03T22:58:00,7.001024370074114,out
2025-01-03T22:59:00,6.274030578122656,out
2025-01-03T23:00:00,6.563810836355387,out
2025-01-03T23:01:00,6.920023144707236,out
2025-01-03T23:02:00,6.311004300455939,out
2025-01-03T23:03:00,6.870190450036512,out
2025-01-03T23:04:00,6.280009108349726,out
2025-01-03T23:05:00,6.382843728709674,out
2025-01-03T23:06:00,6.279593231134566,out
2025-01-03T23:07:00,6.761856534143428,out
2025-01-03T23:08:00,7.113481294963025,out
2025-01-03T23:09:00,6.602170217024127,out
2025-01-03T23:10:00,6.192862652406424,out
2025-01-03T23:11:00,6.293851238146581,out
2025-01-03T23:12:00,6.910369623641649,out
2025-01-03T23:13:00,7.515796058516636,out
2025-01-03T23:14:00,6.9612823932225725,out
2025-01-03T23:15:00,6.6746994476427295,out
2025-01-03T23:16:00,7.161619614480848,out
2025-01-03T23:17:00,6.78505632971288,out
2025-01-03T23:18:00,6.755272760101422,out
2025-01-03T23:19:00,6.548955084878837,out
2025-01-03T23:20:00,7.521490471696957,out
2025-01-03T23:21:00,5.968219809907588,out
2025-01-03T23:22:00,7.328858044947646,out
2025-01-03T23:23:00,6.8500466312580155,out
2025-01-03T23:24:00,6.89725691717796,out
2025-01-03T23:25:00,7.764185745307619,out
2025-01-03T23:26:00,6.827491096342313,out
2025-01-03T23:27:00,6.867016606441561,out
2025-01-03T23:28:00,7.112803698671779,out
2025-01-03T23:29:00,7.356433372682544,out
2025-01-03T23:30:00,7.0401005337625335,out
2025-01-03T23:31:00,6.613262612970662,out
2025-01-03T23:32:00,6.922504667216408,out
2025-01-03T23:33:00,7.807309157838784,out
2025-01-03T23:34:00,7.350691433046749,out
2025-01-03T23:35:00,7.52723366436973,out
2025-01-03T23:36:00,7.268260737524856,out
2025-01-03T23:37:00,7.13507255185823,out
2025-01-03T23:38:00,8.09595326482882,out
2025-01-03T23:39:00,7.375713545199156,out
2025-01-03T23:40:00,7.299717591703186,out
2025-01-03T23:41:00,7.941607701468899,out
2025-01-03T23:42:00,7.240301282085969,out
2025-01-03T23:43:00,7.317458121318002,out
2025-01-03T23:44:00,7.5855598311420085,out
2025-01-03T23:45:00,7.607689266254418,out
2025-01-03T23:46:00,7.737553301952131,out
2025-01-03T23:47:00,8.49651091037792,out
2025-01-03T23:48:00,7.820483561083279,out
2025-01-03T23:49:00,6.760909643771614,out
2025-01-03T23:50:00,7.86880325318061,out
2025-01-03T23:51:00,7.779593103241411,out
2025-01-03T23:52:00,7.807983029525564,out
2025-01-03T23:53:00,7.915147844499523,out
2025-01-03T23:54:00,7.831466995082836,out
2025-01-03T23:55:00,7.8480658525704765,out
2025-01-03T23:56:00,8.140503245284616,out
2025-01-03T23:57:00,7.7046301076941175,out
2025-01-03T23:58:00,7.568566252754074,out
2025-01-03T23:59:00,9.18333272534047,out
